datetime;open;high;low;close;volume
2019-07-01 00:00:00;0.3934;0.3981;0.3899;0.39799999999999996;2192336.9400000004
2019-07-01 00:30:00;0.39799999999999996;0.4;0.3968;0.3999;691339.09
2019-07-01 01:00:00;0.3999;0.401;0.3992;0.3998;704005.4399999998
2019-07-01 01:30:00;0.3998;0.415;0.3995;0.4134;1899266.5799999998
2019-07-01 02:00:00;0.4134;0.4193;0.4088;0.4141;2220638.15
2019-07-01 02:30:00;0.4141;0.4157;0.4107;0.4111;758583.1199999996
2019-07-01 03:00:00;0.4111;0.4134;0.4097;0.4122;876913.9900000001
2019-07-01 03:30:00;0.4122;0.4141;0.4101;0.4105;925313.8400000002
2019-07-01 04:00:00;0.4105;0.4119;0.4089;0.4108;421791.52999999997
2019-07-01 04:30:00;0.4108;0.4128;0.4108;0.4122;306153.36000000004
2019-07-01 05:00:00;0.4122;0.4124;0.4072;0.4102;842814.1699999999
2019-07-01 05:30:00;0.4102;0.4117;0.4074;0.4076;382377.6600000001
2019-07-01 06:00:00;0.4076;0.4091;0.4071;0.4074;448126.5
2019-07-01 06:30:00;0.4074;0.4077;0.4034;0.4049;765445.1500000001
2019-07-01 07:00:00;0.4049;0.4077;0.4032;0.4043;559523.7799999999
2019-07-01 07:30:00;0.4043;0.4069;0.4038;0.4063;503454.9
2019-07-01 08:00:00;0.4063;0.4084;0.4053;0.4062;857605.8499999997
2019-07-01 08:30:00;0.4062;0.4092;0.406;0.4089;905842.5299999998
2019-07-01 09:00:00;0.4089;0.4091;0.4078;0.4082;276062.47000000003
2019-07-01 09:30:00;0.4082;0.4097;0.4081;0.4092;402542.1100000001
2019-07-01 10:00:00;0.4092;0.4098;0.4056;0.4063;431667.55000000005
2019-07-01 10:30:00;0.4063;0.4069;0.4038;0.405;441611.19
2019-07-01 11:00:00;0.405;0.4053;0.4027;0.4036;681133.8199999998
2019-07-01 11:30:00;0.4036;0.4053;0.4031;0.4051;393483.32999999996
2019-07-01 12:00:00;0.4051;0.4062;0.3966;0.3986;1566848.29
2019-07-01 12:30:00;0.3986;0.3992;0.3939;0.3987;1572320.6899999995
2019-07-01 13:00:00;0.3987;0.3998;0.3967;0.3997;727857.7200000001
2019-07-01 13:30:00;0.3997;0.3997;0.3972;0.3973;522160.37000000005
2019-07-01 14:00:00;0.3973;0.4021;0.3952;0.4004;1193912.13
2019-07-01 14:30:00;0.4004;0.4009;0.3929;0.3929;1944254.26
2019-07-01 15:00:00;0.3929;0.3952;0.3882;0.3883;3658802.69
2019-07-01 15:30:00;0.3883;0.3946;0.3859;0.3942;3926237.6500000004
2019-07-01 16:00:00;0.3942;0.3969;0.3925;0.3965;1054626.3699999999
2019-07-01 16:30:00;0.3965;0.3975;0.3948;0.3951;1061114.3699999999
2019-07-01 17:00:00;0.3951;0.3972;0.3946;0.3969;804623.6499999998
2019-07-01 17:30:00;0.3969;0.397;0.3926;0.3949;1023185.5199999998
2019-07-01 18:00:00;0.3949;0.395;0.392;0.3937;904635.7400000001
2019-07-01 18:30:00;0.3937;0.3958;0.3932;0.3945;821000.54
2019-07-01 19:00:00;0.3945;0.3947;0.3913;0.3915;911062.2900000002
2019-07-01 19:30:00;0.3915;0.3927;0.3877;0.3925;1595553.0200000005
2019-07-01 20:00:00;0.3925;0.3957;0.3925;0.3945;872521.41
2019-07-01 20:30:00;0.3945;0.4;0.3942;0.39799999999999996;1206849.34
2019-07-01 21:00:00;0.39799999999999996;0.4005;0.39799999999999996;0.3986;837044.1199999999
2019-07-01 21:30:00;0.3986;0.4002;0.3984;0.3993;282718.98000000004
2019-07-01 22:00:00;0.3993;0.3996;0.3979;0.3983;546837.44
2019-07-01 22:30:00;0.3983;0.4012;0.3982;0.4005;925492.4099999997
2019-07-01 23:00:00;0.4005;0.409;0.4005;0.409;1739684.86
2019-07-01 23:30:00;0.409;0.4099;0.4054;0.4057;1119392.15
2019-07-02 00:00:00;0.4057;0.4096;0.4037;0.4041;1242563.8399999999
2019-07-02 00:30:00;0.4041;0.4046;0.4005;0.401;1028432.0800000002
2019-07-02 01:00:00;0.401;0.4027;0.4003;0.4011;616766.42
2019-07-02 01:30:00;0.4011;0.4019;0.3977;0.3978;1066645.59
2019-07-02 02:00:00;0.3978;0.4006;0.3977;0.3993;457794.1699999999
2019-07-02 02:30:00;0.3993;0.401;0.3992;0.3996;396553.54000000004
2019-07-02 03:00:00;0.3996;0.4008;0.3992;0.3996;330550.17999999993
2019-07-02 03:30:00;0.3996;0.405;0.3993;0.4049;718965.6999999998
2019-07-02 04:00:00;0.4049;0.4073;0.3931;0.3935;2956923.24
2019-07-02 04:30:00;0.3935;0.3946;0.389;0.3922;2153628.97
2019-07-02 05:00:00;0.3922;0.3938;0.389;0.39299999999999996;1480331.8399999999
2019-07-02 05:30:00;0.39299999999999996;0.3936;0.38799999999999996;0.3902;1004663.6700000003
2019-07-02 06:00:00;0.3902;0.3911;0.3843;0.39;2601747.04
2019-07-02 06:30:00;0.39;0.3903;0.3869;0.3881;558150.0
2019-07-02 07:00:00;0.3881;0.3908;0.3879;0.3899;502443.54
2019-07-02 07:30:00;0.3899;0.3911;0.3888;0.3895;1108110.9500000002
2019-07-02 08:00:00;0.3895;0.391;0.3867;0.3904;929420.02
2019-07-02 08:30:00;0.3904;0.3954;0.3903;0.3948;1122752.0699999998
2019-07-02 09:00:00;0.3948;0.3969;0.3938;0.3948;568389.5599999998
2019-07-02 09:30:00;0.3948;0.3948;0.3919;0.3927;433136.4899999999
2019-07-02 10:00:00;0.3927;0.3947;0.3926;0.3926;372298.10000000003
2019-07-02 10:30:00;0.3926;0.3926;0.3906;0.3914;423355.69
2019-07-02 11:00:00;0.3914;0.3918;0.386;0.3861;1268943.3999999997
2019-07-02 11:30:00;0.3861;0.3928;0.382;0.3879;2568273.98
2019-07-02 12:00:00;0.3879;0.392;0.3869;0.3896;1270333.51
2019-07-02 12:30:00;0.3896;0.3932;0.3895;0.3905;695590.48
2019-07-02 13:00:00;0.3905;0.3923;0.3883;0.3886;571677.0500000002
2019-07-02 13:30:00;0.3886;0.3894;0.3857;0.38799999999999996;860320.5099999999
2019-07-02 14:00:00;0.38799999999999996;0.3913;0.38799999999999996;0.3895;1003229.3299999998
2019-07-02 14:30:00;0.3895;0.3974;0.3892;0.397;1988891.7800000003
2019-07-02 15:00:00;0.397;0.3979;0.3947;0.3952;1057136.52
2019-07-02 15:30:00;0.3952;0.4015;0.3952;0.4007;1007236.59
2019-07-02 16:00:00;0.4007;0.4013;0.3953;0.3959;1055712.1099999999
2019-07-02 16:30:00;0.3959;0.3983;0.3958;0.3974;718132.52
2019-07-02 17:00:00;0.3974;0.4006;0.3974;0.3987;863859.4400000001
2019-07-02 17:30:00;0.3987;0.4006;0.3983;0.3994;612900.78
2019-07-02 18:00:00;0.3994;0.3994;0.3977;0.39899999999999997;853689.2299999999
2019-07-02 18:30:00;0.39899999999999997;0.3993;0.3974;0.3977;655543.9000000001
2019-07-02 19:00:00;0.3977;0.4005;0.3975;0.3998;1004315.5399999999
2019-07-02 19:30:00;0.3998;0.3999;0.3952;0.3963;1217710.15
2019-07-02 20:00:00;0.3963;0.3985;0.396;0.3971;1368918.83
2019-07-02 20:30:00;0.3971;0.39799999999999996;0.3956;0.396;1006773.27
2019-07-02 21:00:00;0.396;0.3961;0.3931;0.3952;771066.1400000004
2019-07-02 21:30:00;0.3952;0.3965;0.3935;0.3962;558586.8400000001
2019-07-02 22:00:00;0.3962;0.3988;0.3956;0.3987;501691.59
2019-07-02 22:30:00;0.3987;0.3991;0.3973;0.3976;352795.4399999999
2019-07-02 23:00:00;0.3976;0.3988;0.3966;0.3968;290970.7199999999
2019-07-02 23:30:00;0.3968;0.3987;0.3965;0.3984;341649.92000000004
2019-07-03 00:00:00;0.3984;0.4016;0.3983;0.4007;1300813.1799999995
2019-07-03 00:30:00;0.4007;0.4041;0.4006;0.4031;1254326.91
2019-07-03 01:00:00;0.4031;0.4039;0.4016;0.402;1074011.3600000003
2019-07-03 01:30:00;0.402;0.4057;0.402;0.4041;1607745.5900000005
2019-07-03 02:00:00;0.4041;0.4045;0.4019;0.4041;676821.81
2019-07-03 02:30:00;0.4041;0.4053;0.402;0.4027;667046.77
2019-07-03 03:00:00;0.4027;0.4035;0.4021;0.4028;497667.42000000004
2019-07-03 03:30:00;0.4028;0.4044;0.4026;0.4034;377434.60999999987
2019-07-03 04:00:00;0.4034;0.4044;0.4022;0.4029;516154.77
2019-07-03 04:30:00;0.4029;0.4053;0.4026;0.4045;745181.69
2019-07-03 05:00:00;0.4045;0.4054;0.4036;0.4051;950933.0799999998
2019-07-03 05:30:00;0.4051;0.4069;0.4047;0.4063;783788.5099999999
2019-07-03 06:00:00;0.4063;0.4064;0.4036;0.4037;473264.1599999999
2019-07-03 06:30:00;0.4037;0.4044;0.4034;0.40399999999999997;315581.09
2019-07-03 07:00:00;0.40399999999999997;0.4042;0.4022;0.4032;590824.4600000001
2019-07-03 07:30:00;0.4032;0.4032;0.3993;0.3999;1583001.2100000002
2019-07-03 08:00:00;0.3999;0.4003;0.3982;0.3998;919413.3299999997
2019-07-03 08:30:00;0.3998;0.4;0.397;0.3971;591741.9800000001
2019-07-03 09:00:00;0.3971;0.39799999999999996;0.3953;0.3972;731526.12
2019-07-03 09:30:00;0.3972;0.3992;0.3967;0.39899999999999997;480946.70000000007
2019-07-03 10:00:00;0.39899999999999997;0.4011;0.3989;0.4004;555845.6599999999
2019-07-03 10:30:00;0.4004;0.4008;0.3979;0.3995;623472.49
2019-07-03 11:00:00;0.3995;0.3999;0.3978;0.3988;233607.23999999996
2019-07-03 11:30:00;0.3988;0.3992;0.3961;0.3968;332494.78
2019-07-03 12:00:00;0.3968;0.3995;0.3965;0.3988;303897.84
2019-07-03 12:30:00;0.3988;0.4012;0.3976;0.4008;643536.7600000001
2019-07-03 13:00:00;0.4008;0.401;0.3987;0.3996;617772.3400000002
2019-07-03 13:30:00;0.3996;0.4002;0.3984;0.39899999999999997;1074031.3000000003
2019-07-03 14:00:00;0.39899999999999997;0.3999;0.3978;0.3999;614794.52
2019-07-03 14:30:00;0.3999;0.4009;0.3989;0.3992;786223.79
2019-07-03 15:00:00;0.3992;0.3999;0.3987;0.3993;432989.6100000001
2019-07-03 15:30:00;0.3993;0.4017;0.39899999999999997;0.4008;696238.3099999999
2019-07-03 16:00:00;0.4008;0.4013;0.39899999999999997;0.39899999999999997;448050.7
2019-07-03 16:30:00;0.39899999999999997;0.3997;0.3963;0.3966;831720.3200000001
2019-07-03 17:00:00;0.3966;0.3981;0.3961;0.3969;746128.87
2019-07-03 17:30:00;0.3969;0.3983;0.3966;0.3971;563459.45
2019-07-03 18:00:00;0.3971;0.3984;0.396;0.3975;892780.5099999999
2019-07-03 18:30:00;0.3975;0.3987;0.3972;0.3981;652832.2200000001
2019-07-03 19:00:00;0.3981;0.3988;0.397;0.3981;212995.31999999998
2019-07-03 19:30:00;0.3981;0.3997;0.39799999999999996;0.3984;260983.08
2019-07-03 20:00:00;0.3984;0.3991;0.3975;0.3991;414699.25000000006
2019-07-03 20:30:00;0.3991;0.4001;0.3982;0.3986;576074.27
2019-07-03 21:00:00;0.3986;0.3992;0.3981;0.3981;395608.4999999999
2019-07-03 21:30:00;0.3981;0.4002;0.3981;0.3997;279255.45
2019-07-03 22:00:00;0.3997;0.4043;0.3997;0.4042;1546367.7000000002
2019-07-03 22:30:00;0.4042;0.4055;0.4036;0.4039;2382391.3899999997
2019-07-03 23:00:00;0.4039;0.406;0.40299999999999997;0.4058;906599.4299999999
2019-07-03 23:30:00;0.4058;0.4065;0.4053;0.4056;710581.1499999998
2019-07-04 00:00:00;0.4056;0.4061;0.4033;0.4037;698931.09
2019-07-04 00:30:00;0.4037;0.4051;0.4032;0.4033;415196.13
2019-07-04 01:00:00;0.4033;0.4044;0.4031;0.4041;309768.45999999996
2019-07-04 01:30:00;0.4041;0.4045;0.4035;0.4039;205411.94999999998
2019-07-04 02:00:00;0.4039;0.4041;0.4026;0.40299999999999997;285384.47000000003
2019-07-04 02:30:00;0.40299999999999997;0.4032;0.4022;0.4025;271296.79
2019-07-04 03:00:00;0.4025;0.4033;0.401;0.4014;387923.9
2019-07-04 03:30:00;0.4014;0.4019;0.4005;0.4013;311459.9
2019-07-04 04:00:00;0.4013;0.4019;0.4011;0.4013;376011.9
2019-07-04 04:30:00;0.4013;0.4015;0.39799999999999996;0.39799999999999996;482538.58999999997
2019-07-04 05:00:00;0.39799999999999996;0.3996;0.3978;0.3995;297279.38999999996
2019-07-04 05:30:00;0.3995;0.3998;0.3982;0.3992;289171.14999999997
2019-07-04 06:00:00;0.3992;0.4004;0.3992;0.4;189591.99999999997
2019-07-04 06:30:00;0.4;0.4029;0.3996;0.402;858756.19
2019-07-04 07:00:00;0.402;0.4036;0.4008;0.4016;373089.04
2019-07-04 07:30:00;0.4016;0.4019;0.3993;0.3994;417652.55
2019-07-04 08:00:00;0.3994;0.3996;0.3985;0.3993;709670.1900000002
2019-07-04 08:30:00;0.3993;0.3997;0.3985;0.3992;192584.62999999992
2019-07-04 09:00:00;0.3992;0.3995;0.3984;0.3989;282447.3461999999
2019-07-04 09:30:00;0.3989;0.3989;0.3971;0.3972;448237.17
2019-07-04 10:00:00;0.3972;0.3976;0.3932;0.39399999999999996;1391012.1300000001
2019-07-04 10:30:00;0.39399999999999996;0.3951;0.3925;0.3932;680054.8200000002
2019-07-04 11:00:00;0.3932;0.3945;0.3915;0.3917;718477.58
2019-07-04 11:30:00;0.3917;0.395;0.3914;0.3933;506908.4500000001
2019-07-04 12:00:00;0.3933;0.3959;0.3929;0.395;489961.19
2019-07-04 12:30:00;0.395;0.3964;0.3947;0.3964;242086.76000000004
2019-07-04 13:00:00;0.3964;0.3968;0.3947;0.3953;836925.08
2019-07-04 13:30:00;0.3953;0.3968;0.3952;0.3965;436715.57999999996
2019-07-04 14:00:00;0.3965;0.3968;0.3951;0.3953;615938.7399999999
2019-07-04 14:30:00;0.3953;0.3965;0.395;0.3962;593906.77
2019-07-04 15:00:00;0.3962;0.3967;0.3954;0.3958;352127.13
2019-07-04 15:30:00;0.3958;0.3965;0.3943;0.395;638677.6599999998
2019-07-04 16:00:00;0.395;0.3957;0.3931;0.3936;441338.3399999999
2019-07-04 16:30:00;0.3936;0.3954;0.3928;0.3954;389166.0199999999
2019-07-04 17:00:00;0.3954;0.396;0.3948;0.3953;557698.15
2019-07-04 17:30:00;0.3953;0.3957;0.3947;0.3953;422535.74
2019-07-04 18:00:00;0.3953;0.3959;0.3943;0.395;514708.4000000001
2019-07-04 18:30:00;0.395;0.3957;0.3943;0.3951;624584.2900000002
2019-07-04 19:00:00;0.3951;0.3951;0.3934;0.3947;588165.6100000001
2019-07-04 19:30:00;0.3947;0.3959;0.3945;0.3955;164739.14000000004
2019-07-04 20:00:00;0.3955;0.3956;0.3915;0.3935;832666.9400000002
2019-07-04 20:30:00;0.3935;0.3943;0.3919;0.3938;482614.64
2019-07-04 21:00:00;0.3938;0.3945;0.3932;0.3934;427846.60000000003
2019-07-04 21:30:00;0.3934;0.3939;0.3924;0.3925;378103.35000000003
2019-07-04 22:00:00;0.3925;0.3944;0.3922;0.3939;251586.84999999998
2019-07-04 22:30:00;0.3939;0.395;0.3938;0.3943;402347.1699999999
2019-07-04 23:00:00;0.3943;0.3945;0.3872;0.3886;2694440.21
2019-07-04 23:30:00;0.3886;0.3889;0.3858;0.3874;756090.13
2019-07-05 00:00:00;0.3874;0.3876;0.3842;0.3863;1186584.7099999995
2019-07-05 00:30:00;0.3863;0.3879;0.3861;0.3866;614303.5199999999
2019-07-05 01:00:00;0.3866;0.3878;0.3865;0.3871;389534.91
2019-07-05 01:30:00;0.3871;0.3874;0.3852;0.3861;392270.4200000001
2019-07-05 02:00:00;0.3861;0.3867;0.3855;0.3855;423505.7700000001
2019-07-05 02:30:00;0.3855;0.3863;0.3849;0.3852;286374.88
2019-07-05 03:00:00;0.3852;0.3852;0.3821;0.3838;1231890.0199999998
2019-07-05 03:30:00;0.3838;0.3842;0.3828;0.38299999999999995;412589.39
2019-07-05 04:00:00;0.38299999999999995;0.38299999999999995;0.3791;0.3808;2181493.309999999
2019-07-05 04:30:00;0.3808;0.3853;0.3807;0.382;900593.4099999999
2019-07-05 05:00:00;0.382;0.3843;0.3814;0.384;615735.9199999999
2019-07-05 05:30:00;0.384;0.3852;0.3836;0.3838;242971.25999999998
2019-07-05 06:00:00;0.3838;0.384;0.3797;0.3799;849111.0000000001
2019-07-05 06:30:00;0.3799;0.3809;0.3776;0.3789;994834.4
2019-07-05 07:00:00;0.3789;0.3791;0.3742;0.3752;1867213.2399999998
2019-07-05 07:30:00;0.3752;0.3777;0.3746;0.3777;799460.9299999999
2019-07-05 08:00:00;0.3777;0.3777;0.3763;0.3771;887113.8899999998
2019-07-05 08:30:00;0.3771;0.3786;0.3763;0.3778;383152.39999999997
2019-07-05 09:00:00;0.3778;0.382;0.3776;0.3817;710672.76
2019-07-05 09:30:00;0.3817;0.3828;0.3812;0.3816;354865.3800000001
2019-07-05 10:00:00;0.3816;0.3827;0.3813;0.3815;295231.95
2019-07-05 10:30:00;0.3815;0.3842;0.3813;0.3838;523690.17
2019-07-05 11:00:00;0.3838;0.3848;0.3828;0.3844;337522.48000000004
2019-07-05 11:30:00;0.3844;0.385;0.3838;0.384;189792.81
2019-07-05 12:00:00;0.384;0.384;0.3802;0.3809;463540.89999999997
2019-07-05 12:30:00;0.3809;0.3827;0.3807;0.3819;390238.58999999997
2019-07-05 13:00:00;0.3819;0.3823;0.3811;0.3815;613553.93
2019-07-05 13:30:00;0.3815;0.3819;0.3804;0.3808;560352.33
2019-07-05 14:00:00;0.3808;0.3827;0.3806;0.3827;867236.2899999998
2019-07-05 14:30:00;0.3827;0.3837;0.3821;0.3835;600212.6599999999
2019-07-05 15:00:00;0.3835;0.3837;0.3817;0.3825;402782.39999999997
2019-07-05 15:30:00;0.3825;0.3827;0.381;0.3817;455583.34
2019-07-05 16:00:00;0.3817;0.3821;0.38;0.381;708776.1400000001
2019-07-05 16:30:00;0.381;0.3813;0.3796;0.38;427924.45999999996
2019-07-05 17:00:00;0.38;0.3807;0.3782;0.3805;1056641.9200000002
2019-07-05 17:30:00;0.3805;0.3819;0.3803;0.3816;392002.54000000004
2019-07-05 18:00:00;0.3816;0.3835;0.3814;0.3826;849082.5499999999
2019-07-05 18:30:00;0.3826;0.3831;0.382;0.3831;269286.05
2019-07-05 19:00:00;0.3831;0.3842;0.3821;0.3834;297486.30000000005
2019-07-05 19:30:00;0.3834;0.384;0.3823;0.3824;410845.9
2019-07-05 20:00:00;0.3824;0.3828;0.3793;0.3796;1528417.2199999997
2019-07-05 20:30:00;0.3796;0.3811;0.3782;0.3802;879577.9500000001
2019-07-05 21:00:00;0.3802;0.3816;0.379;0.38;1105051.94
2019-07-05 21:30:00;0.38;0.3814;0.3793;0.3814;235439.26999999996
2019-07-05 22:00:00;0.3814;0.3821;0.3799;0.3806;351063.36999999994
2019-07-05 22:30:00;0.3806;0.3807;0.3771;0.379;743987.0800000003
2019-07-05 23:00:00;0.379;0.3795;0.3769;0.3794;528494.69
2019-07-05 23:30:00;0.3794;0.3799;0.379;0.3795;197085.0
2019-07-06 00:00:00;0.3795;0.3844;0.3793;0.3844;1025417.1000000002
2019-07-06 00:30:00;0.3844;0.3857;0.3829;0.3854;891313.0
2019-07-06 01:00:00;0.3854;0.3859;0.3842;0.3851;613005.4199999999
2019-07-06 01:30:00;0.3851;0.3853;0.384;0.3846;395274.01999999996
2019-07-06 02:00:00;0.3846;0.3852;0.3841;0.3845;300816.59000000014
2019-07-06 02:30:00;0.3845;0.3849;0.384;0.3845;191874.94000000003
2019-07-06 03:00:00;0.3845;0.3849;0.3841;0.3842;87622.14
2019-07-06 03:30:00;0.3842;0.386;0.3841;0.3859;366861.95999999996
2019-07-06 04:00:00;0.3859;0.3876;0.3855;0.3869;661432.8700000001
2019-07-06 04:30:00;0.3869;0.3871;0.3854;0.3854;266054.49
2019-07-06 05:00:00;0.3854;0.3859;0.3849;0.3857;222001.4400000001
2019-07-06 05:30:00;0.3857;0.3862;0.384;0.3843;518802.2900000001
2019-07-06 06:00:00;0.3843;0.3863;0.3842;0.3861;252329.1
2019-07-06 06:30:00;0.3861;0.3863;0.3851;0.3853;278220.18000000005
2019-07-06 07:00:00;0.3853;0.3857;0.3847;0.3852;196893.40000000002
2019-07-06 07:30:00;0.3852;0.3855;0.3845;0.3845;229126.23
2019-07-06 08:00:00;0.3845;0.3853;0.3824;0.3829;1039187.84
2019-07-06 08:30:00;0.3829;0.3832;0.382;0.3824;245080.65000000002
2019-07-06 09:00:00;0.3824;0.3829;0.3821;0.3827;65167.329999999994
2019-07-06 09:30:00;0.3827;0.3833;0.3823;0.3829;231169.54000000004
2019-07-06 10:00:00;0.3829;0.3832;0.3824;0.3824;139082.4
2019-07-06 10:30:00;0.3824;0.38299999999999995;0.3816;0.3822;107664.67
2019-07-06 11:00:00;0.3822;0.3825;0.3816;0.3824;172663.18
2019-07-06 11:30:00;0.3824;0.3828;0.3819;0.3828;275011.1499999999
2019-07-06 12:00:00;0.3828;0.38299999999999995;0.3816;0.3819;192975.1
2019-07-06 12:30:00;0.3819;0.3835;0.3817;0.3825;548539.76
2019-07-06 13:00:00;0.3825;0.3835;0.3824;0.3826;267207.93000000005
2019-07-06 13:30:00;0.3826;0.3833;0.3819;0.3831;242305.15000000002
2019-07-06 14:00:00;0.3831;0.3966;0.3831;0.3949;2914658.9499999997
2019-07-06 14:30:00;0.3949;0.4103;0.3921;0.4103;5669274.199999999
2019-07-06 15:00:00;0.4103;0.4112;0.4041;0.4044;3158645.5899999994
2019-07-06 15:30:00;0.4044;0.4065;0.4025;0.4029;1514373.1399999997
2019-07-06 16:00:00;0.4029;0.406;0.3993;0.402;2077861.2
2019-07-06 16:30:00;0.402;0.4022;0.3993;0.4009;800708.0299999998
2019-07-06 17:00:00;0.4009;0.4011;0.3989;0.4005;749299.49
2019-07-06 17:30:00;0.4005;0.4033;0.4005;0.4026;419704.08
2019-07-06 18:00:00;0.4026;0.40299999999999997;0.4003;0.4011;514859.73999999993
2019-07-06 18:30:00;0.4011;0.4028;0.3997;0.3997;451647.67
2019-07-06 19:00:00;0.3997;0.3998;0.3983;0.3992;226358.71
2019-07-06 19:30:00;0.3992;0.3998;0.3989;0.3993;148635.51
2019-07-06 20:00:00;0.3993;0.3993;0.3976;0.3977;518685.63999999996
2019-07-06 20:30:00;0.3977;0.3988;0.3971;0.3972;502128.4999999999
2019-07-06 21:00:00;0.3972;0.3972;0.3919;0.3925;1225288.32
2019-07-06 21:30:00;0.3925;0.3946;0.3918;0.3944;311383.69000000006
2019-07-06 22:00:00;0.3944;0.3944;0.3912;0.3931;604497.28
2019-07-06 22:30:00;0.3931;0.3931;0.3891;0.3892;533180.51
2019-07-06 23:00:00;0.3892;0.3895;0.38799999999999996;0.3881;673964.2000000001
2019-07-06 23:30:00;0.3881;0.3905;0.3879;0.3899;393537.41000000003
2019-07-07 00:00:00;0.3899;0.3907;0.3872;0.3891;765600.2699999998
2019-07-07 00:30:00;0.3891;0.3907;0.3889;0.3889;259350.08000000002
2019-07-07 01:00:00;0.3889;0.3896;0.3884;0.3885;178574.9
2019-07-07 01:30:00;0.3885;0.3893;0.38799999999999996;0.389;416172.56
2019-07-07 02:00:00;0.389;0.3891;0.3877;0.3885;256368.11000000004
2019-07-07 02:30:00;0.3885;0.3896;0.3882;0.3891;367030.81
2019-07-07 03:00:00;0.3891;0.3893;0.3877;0.3882;246676.3
2019-07-07 03:30:00;0.3882;0.3905;0.3882;0.3901;423315.5800000001
2019-07-07 04:00:00;0.3901;0.3981;0.3901;0.3972;1674361.4800000002
2019-07-07 04:30:00;0.3972;0.39799999999999996;0.3952;0.3969;1248236.72
2019-07-07 05:00:00;0.3969;0.3969;0.3926;0.3936;604784.0
2019-07-07 05:30:00;0.3936;0.3937;0.3909;0.39299999999999996;464043.70999999996
2019-07-07 06:00:00;0.39299999999999996;0.3946;0.3925;0.3946;253275.66999999998
2019-07-07 06:30:00;0.3946;0.3946;0.3924;0.3927;265059.03800000006
2019-07-07 07:00:00;0.3927;0.3953;0.3926;0.3949;185090.64
2019-07-07 07:30:00;0.3949;0.3953;0.39399999999999996;0.3951;187787.77
2019-07-07 08:00:00;0.3951;0.3957;0.3919;0.3928;867478.64
2019-07-07 08:30:00;0.3928;0.3937;0.3917;0.3935;287396.79000000004
2019-07-07 09:00:00;0.3935;0.3941;0.3923;0.3923;125723.79999999997
2019-07-07 09:30:00;0.3923;0.3939;0.3922;0.39299999999999996;188024.31000000003
2019-07-07 10:00:00;0.39299999999999996;0.3942;0.3924;0.39399999999999996;140479.59
2019-07-07 10:30:00;0.39399999999999996;0.3956;0.3938;0.3947;267767.11
2019-07-07 11:00:00;0.3947;0.4009;0.3945;0.4003;504302.26
2019-07-07 11:30:00;0.4003;0.4004;0.3971;0.3978;336246.17000000004
2019-07-07 12:00:00;0.3978;0.3988;0.3967;0.3984;195191.95
2019-07-07 12:30:00;0.3984;0.3984;0.3961;0.3971;329932.7500000001
2019-07-07 13:00:00;0.3971;0.3977;0.397;0.3973;293487.75000000006
2019-07-07 13:30:00;0.3973;0.3988;0.3973;0.3981;458689.03999999986
2019-07-07 14:00:00;0.3981;0.3986;0.3968;0.3971;310320.53
2019-07-07 14:30:00;0.3971;0.3971;0.3946;0.3946;277254.73
2019-07-07 15:00:00;0.3946;0.3957;0.3935;0.3947;327628.0199999999
2019-07-07 15:30:00;0.3947;0.3956;0.3899;0.3909;778839.24
2019-07-07 16:00:00;0.3909;0.3913;0.3891;0.3894;413915.32
2019-07-07 16:30:00;0.3894;0.3903;0.389;0.3903;309369.3500000001
2019-07-07 17:00:00;0.3903;0.3936;0.39;0.3932;665875.4199999999
2019-07-07 17:30:00;0.3932;0.3994;0.39299999999999996;0.3977;1913107.6
2019-07-07 18:00:00;0.3977;0.39799999999999996;0.3942;0.3946;805303.7599999999
2019-07-07 18:30:00;0.3946;0.3956;0.3938;0.3953;267369.48999999993
2019-07-07 19:00:00;0.3953;0.3954;0.3942;0.3944;220662.72999999995
2019-07-07 19:30:00;0.3944;0.3968;0.3943;0.3959;623606.6199999998
2019-07-07 20:00:00;0.3959;0.3979;0.3949;0.3953;513580.2800000001
2019-07-07 20:30:00;0.3953;0.3975;0.3947;0.3975;230935.57000000004
2019-07-07 21:00:00;0.3975;0.3989;0.3969;0.3983;337794.32
2019-07-07 21:30:00;0.3983;0.3997;0.3973;0.3994;330317.78000000014
2019-07-07 22:00:00;0.3994;0.4003;0.39799999999999996;0.3985;544397.8
2019-07-07 22:30:00;0.3985;0.3988;0.3945;0.3947;1312716.8599999999
2019-07-07 23:00:00;0.3947;0.3973;0.3946;0.3961;543770.8500000001
2019-07-07 23:30:00;0.3961;0.3993;0.396;0.3986;330321.55000000005
2019-07-08 00:00:00;0.3986;0.3991;0.3966;0.397;279477.63
2019-07-08 00:30:00;0.397;0.3971;0.3955;0.3958;224440.23999999993
2019-07-08 01:00:00;0.3958;0.3965;0.3946;0.3963;292154.81
2019-07-08 01:30:00;0.3963;0.3969;0.396;0.3961;161978.15000000002
2019-07-08 02:00:00;0.3961;0.3968;0.3956;0.396;232976.76
2019-07-08 02:30:00;0.396;0.396;0.3951;0.3954;141750.23
2019-07-08 03:00:00;0.3954;0.3956;0.3936;0.3945;242504.20000000004
2019-07-08 03:30:00;0.3945;0.3951;0.3941;0.3945;181745.82
2019-07-08 04:00:00;0.3945;0.397;0.3943;0.3969;181994.25
2019-07-08 04:30:00;0.3969;0.3974;0.3951;0.3958;568929.29
2019-07-08 05:00:00;0.3958;0.396;0.3946;0.3952;113010.25
2019-07-08 05:30:00;0.3952;0.3954;0.3941;0.3941;103180.26999999997
2019-07-08 06:00:00;0.3941;0.3944;0.3936;0.3941;151016.11000000002
2019-07-08 06:30:00;0.3941;0.3948;0.39399999999999996;0.3942;92035.65999999999
2019-07-08 07:00:00;0.3942;0.3944;0.3936;0.3941;140964.1
2019-07-08 07:30:00;0.3941;0.396;0.3941;0.396;318056.11000000004
2019-07-08 08:00:00;0.396;0.396;0.3939;0.3941;681965.5499999999
2019-07-08 08:30:00;0.3941;0.3972;0.3935;0.3971;747179.03
2019-07-08 09:00:00;0.3971;0.3997;0.397;0.3991;1358066.33
2019-07-08 09:30:00;0.3991;0.3998;0.3981;0.3994;581064.04
2019-07-08 10:00:00;0.3994;0.3997;0.3979;0.3982;663108.7699999998
2019-07-08 10:30:00;0.3982;0.4;0.3981;0.3988;713676.0000000001
2019-07-08 11:00:00;0.3988;0.3988;0.3976;0.3982;346481.2500000001
2019-07-08 11:30:00;0.3982;0.3988;0.397;0.3974;474634.24000000005
2019-07-08 12:00:00;0.3974;0.3978;0.3965;0.3966;345051.03
2019-07-08 12:30:00;0.3966;0.3973;0.3965;0.397;204700.37
2019-07-08 13:00:00;0.397;0.3974;0.3963;0.3973;340015.01999999996
2019-07-08 13:30:00;0.3973;0.4018;0.397;0.4004;1052196.3199999998
2019-07-08 14:00:00;0.4004;0.4045;0.4;0.4015;911468.1099999999
2019-07-08 14:30:00;0.4015;0.4027;0.4001;0.4011;511954.12999999995
2019-07-08 15:00:00;0.4011;0.4016;0.3992;0.3995;569844.8500000001
2019-07-08 15:30:00;0.3995;0.4004;0.3993;0.3996;295404.98
2019-07-08 16:00:00;0.3996;0.4004;0.3975;0.3981;653151.4400000002
2019-07-08 16:30:00;0.3981;0.4004;0.3979;0.4002;355170.12
2019-07-08 17:00:00;0.4002;0.4014;0.3998;0.3998;907851.9099999999
2019-07-08 17:30:00;0.3998;0.4003;0.39899999999999997;0.3996;369984.87
2019-07-08 18:00:00;0.3996;0.4;0.3986;0.3999;361549.85
2019-07-08 18:30:00;0.3999;0.3999;0.3983;0.3983;323216.37
2019-07-08 19:00:00;0.3983;0.3997;0.3983;0.3988;408766.8200000001
2019-07-08 19:30:00;0.3988;0.4014;0.3983;0.4007;1156070.3900000004
2019-07-08 20:00:00;0.4007;0.4009;0.3997;0.3997;467501.16
2019-07-08 20:30:00;0.3997;0.4006;0.3992;0.4003;399003.98
2019-07-08 21:00:00;0.4003;0.4017;0.4003;0.4015;300494.04
2019-07-08 21:30:00;0.4015;0.402;0.3995;0.3995;482374.71
2019-07-08 22:00:00;0.3995;0.4011;0.3994;0.4008;413661.16
2019-07-08 22:30:00;0.4008;0.4039;0.4007;0.4038;547184.92
2019-07-08 23:00:00;0.4038;0.4048;0.4022;0.4024;673990.92
2019-07-08 23:30:00;0.4024;0.40299999999999997;0.4021;0.4028;402353.19999999995
2019-07-09 00:00:00;0.4028;0.4081;0.402;0.4049;1082383.98
2019-07-09 00:30:00;0.4049;0.4058;0.4038;0.40399999999999997;434466.10000000003
2019-07-09 01:00:00;0.40399999999999997;0.4048;0.4022;0.4034;615502.41
2019-07-09 01:30:00;0.4034;0.4047;0.4026;0.4046;436535.44999999995
2019-07-09 02:00:00;0.4046;0.4061;0.4036;0.4055;943633.2299999999
2019-07-09 02:30:00;0.4055;0.4063;0.405;0.4054;446645.52999999997
2019-07-09 03:00:00;0.4054;0.4061;0.4047;0.4058;565486.16
2019-07-09 03:30:00;0.4058;0.4074;0.4046;0.4067;649247.9700000001
2019-07-09 04:00:00;0.4067;0.4068;0.4053;0.4058;356677.29
2019-07-09 04:30:00;0.4058;0.4069;0.4048;0.4061;526383.8600000001
2019-07-09 05:00:00;0.4061;0.4064;0.4044;0.4044;580100.28
2019-07-09 05:30:00;0.4044;0.4045;0.4028;0.4031;521190.7199999999
2019-07-09 06:00:00;0.4031;0.4044;0.4027;0.4034;377432.11999999994
2019-07-09 06:30:00;0.4034;0.406;0.4034;0.4057;764078.18
2019-07-09 07:00:00;0.4057;0.406;0.4022;0.4023;784535.7199999999
2019-07-09 07:30:00;0.4023;0.4024;0.3979;0.3984;2243683.3099999996
2019-07-09 08:00:00;0.3984;0.4002;0.3981;0.3998;920281.0900000002
2019-07-09 08:30:00;0.3998;0.4;0.3987;0.3994;482700.4699999999
2019-07-09 09:00:00;0.3994;0.3997;0.3983;0.3992;259855.53999999995
2019-07-09 09:30:00;0.3992;0.4026;0.3992;0.4016;439962.7599999999
2019-07-09 10:00:00;0.4016;0.4016;0.3944;0.3953;2113313.4499999997
2019-07-09 10:30:00;0.3953;0.3973;0.3951;0.3968;610062.9999999999
2019-07-09 11:00:00;0.3968;0.3971;0.3961;0.3969;220018.78000000003
2019-07-09 11:30:00;0.3969;0.3969;0.3957;0.3961;342713.92
2019-07-09 12:00:00;0.3961;0.3971;0.3958;0.3968;329703.13
2019-07-09 12:30:00;0.3968;0.3982;0.3966;0.3976;308860.67000000004
2019-07-09 13:00:00;0.3976;0.3979;0.3966;0.3967;450594.37000000005
2019-07-09 13:30:00;0.3967;0.3969;0.3953;0.396;255140.62000000002
2019-07-09 14:00:00;0.396;0.3972;0.3958;0.3959;283521.86000000004
2019-07-09 14:30:00;0.3959;0.3964;0.3927;0.3939;761063.87
2019-07-09 15:00:00;0.3939;0.395;0.3925;0.3944;846463.9700000002
2019-07-09 15:30:00;0.3944;0.3952;0.3939;0.3945;404288.51999999996
2019-07-09 16:00:00;0.3945;0.3958;0.3935;0.39399999999999996;1313687.3299999998
2019-07-09 16:30:00;0.39399999999999996;0.3948;0.3939;0.3948;393482.62
2019-07-09 17:00:00;0.3948;0.3952;0.3936;0.3951;405461.43999999994
2019-07-09 17:30:00;0.3951;0.3953;0.39399999999999996;0.3941;301133.87999999995
2019-07-09 18:00:00;0.3941;0.3953;0.39399999999999996;0.395;599790.9900000001
2019-07-09 18:30:00;0.395;0.3955;0.3941;0.3946;219095.64999999994
2019-07-09 19:00:00;0.3946;0.3955;0.3942;0.3943;281230.21
2019-07-09 19:30:00;0.3943;0.3944;0.3917;0.3927;873652.7799999999
2019-07-09 20:00:00;0.3927;0.3927;0.39;0.3911;1316921.5600000003
2019-07-09 20:30:00;0.3911;0.392;0.3903;0.3906;450502.91000000003
2019-07-09 21:00:00;0.3906;0.3951;0.3902;0.3939;596321.5099999999
2019-07-09 21:30:00;0.3939;0.3954;0.3938;0.3944;355786.1599999999
2019-07-09 22:00:00;0.3944;0.395;0.3931;0.3934;300968.17000000004
2019-07-09 22:30:00;0.3934;0.3937;0.392;0.3931;669239.8599999999
2019-07-09 23:00:00;0.3931;0.3943;0.39299999999999996;0.3936;257316.58999999994
2019-07-09 23:30:00;0.3936;0.3948;0.3935;0.39399999999999996;150859.1
2019-07-10 00:00:00;0.39399999999999996;0.3959;0.3928;0.3954;570259.3100000002
2019-07-10 00:30:00;0.3954;0.397;0.3953;0.3966;483798.2
2019-07-10 01:00:00;0.3966;0.3969;0.3957;0.3963;562625.22
2019-07-10 01:30:00;0.3963;0.3965;0.3954;0.3955;581882.3899999999
2019-07-10 02:00:00;0.3955;0.3966;0.3943;0.3952;798529.07
2019-07-10 02:30:00;0.3952;0.3957;0.3944;0.3951;433501.63
2019-07-10 03:00:00;0.3951;0.3957;0.3928;0.3934;1715350.8800000001
2019-07-10 03:30:00;0.3934;0.3949;0.3934;0.3938;505323.58999999997
2019-07-10 04:00:00;0.3938;0.3941;0.3928;0.3929;296831.55999999994
2019-07-10 04:30:00;0.3929;0.3951;0.3929;0.3951;308741.93999999994
2019-07-10 05:00:00;0.3951;0.3955;0.3934;0.3936;396532.6600000001
2019-07-10 05:30:00;0.3936;0.3942;0.3933;0.3939;246705.29
2019-07-10 06:00:00;0.3939;0.3949;0.3936;0.3938;368778.0
2019-07-10 06:30:00;0.3938;0.3952;0.3938;0.3943;519843.95999999996
2019-07-10 07:00:00;0.3943;0.3949;0.3925;0.3929;525901.0499999999
2019-07-10 07:30:00;0.3929;0.3934;0.3926;0.39299999999999996;227924.04000000007
2019-07-10 08:00:00;0.39299999999999996;0.3944;0.39299999999999996;0.3943;332997.91
2019-07-10 08:30:00;0.3943;0.3949;0.3938;0.3943;173639.47
2019-07-10 09:00:00;0.3943;0.3948;0.3938;0.3938;587254.6799999999
2019-07-10 09:30:00;0.3938;0.3943;0.3928;0.3929;313659.80000000005
2019-07-10 10:00:00;0.3929;0.3944;0.3927;0.3941;364963.3300000001
2019-07-10 10:30:00;0.3941;0.3942;0.3932;0.3934;343294.14
2019-07-10 11:00:00;0.3934;0.3944;0.3933;0.39399999999999996;273144.91000000003
2019-07-10 11:30:00;0.39399999999999996;0.395;0.3931;0.3933;398078.4900000001
2019-07-10 12:00:00;0.3933;0.3935;0.3914;0.3916;574780.07
2019-07-10 12:30:00;0.3916;0.39299999999999996;0.3916;0.3926;414477.3399999999
2019-07-10 13:00:00;0.3926;0.3934;0.3919;0.3927;213532.47999999998
2019-07-10 13:30:00;0.3927;0.3935;0.3911;0.3918;510061.59
2019-07-10 14:00:00;0.3918;0.3922;0.3804;0.3843;5500111.739999999
2019-07-10 14:30:00;0.3843;0.3846;0.3788;0.3788;1754412.0499999998
2019-07-10 15:00:00;0.3788;0.3788;0.3468;0.3543;15272770.18
2019-07-10 15:30:00;0.3543;0.3592;0.3533;0.3545;7293831.08
2019-07-10 16:00:00;0.3545;0.3596;0.3518;0.3549;4956776.49
2019-07-10 16:30:00;0.3549;0.358;0.3536;0.3572;3113366.9600000004
2019-07-10 17:00:00;0.3572;0.3617;0.35600000000000004;0.3615;1887349.35
2019-07-10 17:30:00;0.3615;0.3642;0.3592;0.363;2337613.9700000007
2019-07-10 18:00:00;0.363;0.3635;0.3601;0.3601;1097907.68
2019-07-10 18:30:00;0.3601;0.3607;0.3588;0.3596;948247.4600000002
2019-07-10 19:00:00;0.3596;0.3599;0.3555;0.3567;1132198.7799999998
2019-07-10 19:30:00;0.3567;0.3596;0.355;0.3586;1769357.92
2019-07-10 20:00:00;0.3586;0.3586;0.3513;0.3527;3163573.9900000007
2019-07-10 20:30:00;0.3527;0.3572;0.3525;0.3561;1327956.6099999996
2019-07-10 21:00:00;0.3561;0.3574;0.3546;0.3553;795031.81
2019-07-10 21:30:00;0.3553;0.3597;0.3551;0.3595;799103.8500000001
2019-07-10 22:00:00;0.3595;0.3602;0.3579;0.359;704566.39
2019-07-10 22:30:00;0.359;0.3604;0.359;0.3595;572987.39
2019-07-10 23:00:00;0.3595;0.3609;0.359;0.3598;482431.44999999995
2019-07-10 23:30:00;0.3598;0.3621;0.3593;0.3613;530540.51
2019-07-11 00:00:00;0.3613;0.3615;0.3573;0.3574;695090.3300000001
2019-07-11 00:30:00;0.3574;0.3578;0.3546;0.3578;1018718.1699999999
2019-07-11 01:00:00;0.3578;0.3604;0.3562;0.3604;455823.76000000007
2019-07-11 01:30:00;0.3604;0.3623;0.3595;0.3597;465220.66000000015
2019-07-11 02:00:00;0.3597;0.3603;0.3588;0.3598;287830.06999999995
2019-07-11 02:30:00;0.3598;0.3604;0.3585;0.359;476926.31
2019-07-11 03:00:00;0.359;0.3606;0.3541;0.3544;635816.9999999999
2019-07-11 03:30:00;0.3544;0.3547;0.349;0.3509;1332004.64
2019-07-11 04:00:00;0.3509;0.3511;0.3195;0.3195;7821274.390000001
2019-07-11 04:30:00;0.3195;0.3303;0.3192;0.3302;5524610.250000001
2019-07-11 05:00:00;0.3302;0.3327;0.3265;0.3299;2422789.9000000004
2019-07-11 05:30:00;0.3299;0.3346;0.3299;0.3345;1432506.2
2019-07-11 06:00:00;0.3345;0.3347;0.3311;0.3312;1683385.8099999998
2019-07-11 06:30:00;0.3312;0.3356;0.3309;0.3348;615026.8099999999
2019-07-11 07:00:00;0.3348;0.3352;0.3317;0.3328;777708.3200000003
2019-07-11 07:30:00;0.3328;0.3341;0.3307;0.3336;861374.32
2019-07-11 08:00:00;0.3336;0.3338;0.3302;0.3312;1044625.1599999998
2019-07-11 08:30:00;0.3312;0.3317;0.3293;0.3317;793284.19
2019-07-11 09:00:00;0.3317;0.3334;0.3273;0.3317;1324462.7800000003
2019-07-11 09:30:00;0.3317;0.3331;0.331;0.3327;645185.1600000001
2019-07-11 10:00:00;0.3327;0.3334;0.3313;0.3321;639039.3300000001
2019-07-11 10:30:00;0.3321;0.3324;0.3291;0.3309;1099367.68
2019-07-11 11:00:00;0.3309;0.3332;0.3306;0.3329;562291.99
2019-07-11 11:30:00;0.3329;0.3365;0.3322;0.3361;1110294.02
2019-07-11 12:00:00;0.3361;0.3392;0.3361;0.3381;996744.08
2019-07-11 12:30:00;0.3381;0.3386;0.3343;0.3352;601792.72
2019-07-11 13:00:00;0.3352;0.3362;0.335;0.3352;440286.8999999999
2019-07-11 13:30:00;0.3352;0.336;0.3341;0.3345;505425.14999999997
2019-07-11 14:00:00;0.3345;0.3358;0.3337;0.3337;625752.9800000001
2019-07-11 14:30:00;0.3337;0.3366;0.3337;0.3353;949872.6599999999
2019-07-11 15:00:00;0.3353;0.3357;0.3307;0.3312;1118102.76
2019-07-11 15:30:00;0.3312;0.3312;0.3225;0.3258;3167771.2200000007
2019-07-11 16:00:00;0.3258;0.3317;0.3239;0.3283;2078194.9900000005
2019-07-11 16:30:00;0.3283;0.3297;0.3258;0.32899999999999996;836305.37
2019-07-11 17:00:00;0.32899999999999996;0.3308;0.32799999999999996;0.3295;663556.7600000001
2019-07-11 17:30:00;0.3295;0.3302;0.32799999999999996;0.33;922923.8399999999
2019-07-11 18:00:00;0.33;0.3302;0.3268;0.3291;904361.9699999997
2019-07-11 18:30:00;0.3291;0.3299;0.3284;0.3293;489753.9300000001
2019-07-11 19:00:00;0.3293;0.3301;0.3271;0.33;999339.1099999999
2019-07-11 19:30:00;0.33;0.3302;0.3284;0.3287;778242.62
2019-07-11 20:00:00;0.3287;0.3295;0.3185;0.3191;2672067.5999999996
2019-07-11 20:30:00;0.3191;0.3238;0.3188;0.3229;2371150.1200000006
2019-07-11 21:00:00;0.3229;0.3273;0.3207;0.3255;1282142.0200000003
2019-07-11 21:30:00;0.3255;0.3288;0.3246;0.3285;676643.3
2019-07-11 22:00:00;0.3285;0.3301;0.3283;0.3296;760250.2099999998
2019-07-11 22:30:00;0.3296;0.33;0.3271;0.3274;787538.6799999997
2019-07-11 23:00:00;0.3274;0.32899999999999996;0.3267;0.3274;414134.19
2019-07-11 23:30:00;0.3274;0.3296;0.326;0.3289;423935.61000000004
2019-07-12 00:00:00;0.3289;0.331;0.3261;0.3294;1192518.7000000002
2019-07-12 00:30:00;0.3294;0.3311;0.3289;0.3306;1066325.9799999997
2019-07-12 01:00:00;0.3306;0.3313;0.32799999999999996;0.32799999999999996;754214.8499999999
2019-07-12 01:30:00;0.32799999999999996;0.3302;0.32799999999999996;0.3301;600868.3300000001
2019-07-12 02:00:00;0.3301;0.3309;0.3289;0.3292;405587.6600000001
2019-07-12 02:30:00;0.3292;0.3311;0.3283;0.3307;328018.05999999994
2019-07-12 03:00:00;0.3307;0.3307;0.3276;0.3277;453467.0199999999
2019-07-12 03:30:00;0.3277;0.3287;0.3221;0.3227;1564762.97
2019-07-12 04:00:00;0.3227;0.3227;0.32;0.3219;1762108.4599999997
2019-07-12 04:30:00;0.3219;0.3263;0.3219;0.3244;1784460.1900000002
2019-07-12 05:00:00;0.3244;0.3256;0.322;0.3255;673982.9900000001
2019-07-12 05:30:00;0.3255;0.326;0.3244;0.3249;411935.11000000004
2019-07-12 06:00:00;0.3249;0.3267;0.3247;0.3258;577864.95
2019-07-12 06:30:00;0.3258;0.3271;0.3251;0.3264;438929.97000000003
2019-07-12 07:00:00;0.3264;0.3333;0.3264;0.3318;1434046.1500000001
2019-07-12 07:30:00;0.3318;0.33899999999999997;0.3316;0.3363;2008846.0499999998
2019-07-12 08:00:00;0.3363;0.3489;0.3344;0.3452;3768648.1699999995
2019-07-12 08:30:00;0.3452;0.3457;0.3407;0.3425;1002474.6099999998
2019-07-12 09:00:00;0.3425;0.3461;0.3425;0.3427;694601.3100000002
2019-07-12 09:30:00;0.3427;0.3496;0.3425;0.3496;1278083.37
2019-07-12 10:00:00;0.3496;0.3507;0.3444;0.3446;1090160.8599999999
2019-07-12 10:30:00;0.3446;0.345;0.3432;0.344;414408.05
2019-07-12 11:00:00;0.344;0.3451;0.3424;0.3432;383164.47000000003
2019-07-12 11:30:00;0.3432;0.349;0.34299999999999997;0.3474;778874.7700000001
2019-07-12 12:00:00;0.3474;0.3477;0.3414;0.34299999999999997;1132918.76
2019-07-12 12:30:00;0.34299999999999997;0.3441;0.3426;0.3436;541533.7899999999
2019-07-12 13:00:00;0.3436;0.3457;0.3435;0.3451;484088.86
2019-07-12 13:30:00;0.3451;0.34600000000000003;0.3426;0.3437;1098543.93
2019-07-12 14:00:00;0.3437;0.3459;0.3432;0.3456;501791.52
2019-07-12 14:30:00;0.3456;0.3474;0.3436;0.3442;837644.23
2019-07-12 15:00:00;0.3442;0.3442;0.3382;0.3388;1044145.98
2019-07-12 15:30:00;0.3388;0.3411;0.3384;0.3406;596067.5200000001
2019-07-12 16:00:00;0.3406;0.3471;0.33899999999999997;0.3445;1049405.6199999999
2019-07-12 16:30:00;0.3445;0.3493;0.3439;0.3478;933318.35
2019-07-12 17:00:00;0.3478;0.349;0.3467;0.3479;543627.8699999999
2019-07-12 17:30:00;0.3479;0.349;0.3461;0.3472;429541.92
2019-07-12 18:00:00;0.3472;0.3484;0.3461;0.3464;479518.91
2019-07-12 18:30:00;0.3464;0.3465;0.344;0.3456;484057.1199999998
2019-07-12 19:00:00;0.3456;0.3458;0.3442;0.3448;321305.0999999999
2019-07-12 19:30:00;0.3448;0.3448;0.3425;0.34299999999999997;463720.3599999999
2019-07-12 20:00:00;0.34299999999999997;0.3435;0.3405;0.3422;845836.89
2019-07-12 20:30:00;0.3422;0.3445;0.3409;0.3434;746496.8800000001
2019-07-12 21:00:00;0.3434;0.3454;0.3425;0.345;507461.02
2019-07-12 21:30:00;0.345;0.3451;0.34299999999999997;0.3433;352276.45
2019-07-12 22:00:00;0.3433;0.3436;0.3414;0.3429;352509.9
2019-07-12 22:30:00;0.3429;0.3441;0.3428;0.3431;253236.99
2019-07-12 23:00:00;0.3431;0.3448;0.3428;0.3446;275727.56
2019-07-12 23:30:00;0.3446;0.3464;0.3439;0.3443;266242.9700000001
2019-07-13 00:00:00;0.3443;0.3451;0.3429;0.3429;430446.2500000001
2019-07-13 00:30:00;0.3429;0.3431;0.3411;0.3414;813041.9100000001
2019-07-13 01:00:00;0.3414;0.3423;0.3391;0.3406;500782.99
2019-07-13 01:30:00;0.3406;0.3426;0.3406;0.3416;273637.47000000003
2019-07-13 02:00:00;0.3416;0.3425;0.341;0.3414;208093.86000000002
2019-07-13 02:30:00;0.3414;0.342;0.3405;0.3408;233782.30000000008
2019-07-13 03:00:00;0.3408;0.3408;0.3377;0.3377;516425.93000000005
2019-07-13 03:30:00;0.3377;0.3386;0.3369;0.3386;599078.54
2019-07-13 04:00:00;0.3386;0.3393;0.3367;0.3393;600095.3899999998
2019-07-13 04:30:00;0.3393;0.3408;0.3384;0.3392;493472.61999999994
2019-07-13 05:00:00;0.3392;0.3404;0.3388;0.3395;162073.80000000002
2019-07-13 05:30:00;0.3395;0.3407;0.3394;0.3406;193154.55
2019-07-13 06:00:00;0.3406;0.3407;0.3384;0.3392;227443.87
2019-07-13 06:30:00;0.3392;0.3405;0.3377;0.3383;238823.26
2019-07-13 07:00:00;0.3383;0.3383;0.3356;0.3374;568797.7699999999
2019-07-13 07:30:00;0.3374;0.3375;0.3326;0.3329;1321366.21
2019-07-13 08:00:00;0.3329;0.3358;0.3326;0.3355;810837.8400000001
2019-07-13 08:30:00;0.3355;0.3371;0.3343;0.3354;191572.48
2019-07-13 09:00:00;0.3354;0.337;0.335;0.3353;312369.78
2019-07-13 09:30:00;0.3353;0.3367;0.3352;0.3362;130606.99000000002
2019-07-13 10:00:00;0.3362;0.3362;0.3304;0.3325;1135131.2399999998
2019-07-13 10:30:00;0.3325;0.3328;0.3302;0.3319;498647.27
2019-07-13 11:00:00;0.3319;0.3323;0.3313;0.3316;310553.14
2019-07-13 11:30:00;0.3316;0.3318;0.3283;0.3306;618339.5400000002
2019-07-13 12:00:00;0.3306;0.3328;0.33;0.3313;1070040.1500000001
2019-07-13 12:30:00;0.3313;0.3322;0.3307;0.3308;338650.81999999995
2019-07-13 13:00:00;0.3308;0.3368;0.3308;0.3361;1095798.7
2019-07-13 13:30:00;0.3361;0.3361;0.3333;0.3341;561921.3899999999
2019-07-13 14:00:00;0.3341;0.3356;0.3341;0.3342;415456.1800000001
2019-07-13 14:30:00;0.3342;0.3349;0.3334;0.3341;216127.84
2019-07-13 15:00:00;0.3341;0.3362;0.3328;0.336;314895.31000000006
2019-07-13 15:30:00;0.336;0.3364;0.3349;0.3352;225732.96000000005
2019-07-13 16:00:00;0.3352;0.337;0.3323;0.3331;588261.14
2019-07-13 16:30:00;0.3331;0.3339;0.3315;0.3318;304794.61
2019-07-13 17:00:00;0.3318;0.3342;0.3306;0.3336;471075.3000000001
2019-07-13 17:30:00;0.3336;0.3342;0.3331;0.3334;262696.05
2019-07-13 18:00:00;0.3334;0.3335;0.3273;0.32899999999999996;1135947.1300000001
2019-07-13 18:30:00;0.32899999999999996;0.3301;0.3272;0.32799999999999996;622959.61
2019-07-13 19:00:00;0.32799999999999996;0.3299;0.3257;0.3285;992226.2400000001
2019-07-13 19:30:00;0.3285;0.3301;0.3282;0.3297;408478.16
2019-07-13 20:00:00;0.3297;0.3298;0.3277;0.3277;433620.2099999999
2019-07-13 20:30:00;0.3277;0.3278;0.324;0.3246;2012169.1199999994
2019-07-13 21:00:00;0.3246;0.3263;0.3238;0.325;654797.8700000001
2019-07-13 21:30:00;0.325;0.3268;0.325;0.3258;504795.24999999994
2019-07-13 22:00:00;0.3258;0.3329;0.3255;0.3315;1210503.7999999998
2019-07-13 22:30:00;0.3315;0.3315;0.3294;0.3302;389800.51999999996
2019-07-13 23:00:00;0.3302;0.3314;0.3292;0.3311;278312.61000000004
2019-07-13 23:30:00;0.3311;0.332;0.3303;0.3319;257784.18000000005
2019-07-14 00:00:00;0.3319;0.3332;0.3302;0.3306;388333.07999999996
2019-07-14 00:30:00;0.3306;0.3318;0.3306;0.3314;213710.73999999996
2019-07-14 01:00:00;0.3314;0.3325;0.3306;0.3319;194372.53
2019-07-14 01:30:00;0.3319;0.3347;0.3318;0.3325;382706.9099999999
2019-07-14 02:00:00;0.3325;0.3336;0.3322;0.3324;206794.22
2019-07-14 02:30:00;0.3324;0.3327;0.3303;0.3305;571197.27
2019-07-14 03:00:00;0.3305;0.3311;0.3301;0.3311;383268.8499999999
2019-07-14 03:30:00;0.3311;0.3325;0.3309;0.3313;257916.06999999998
2019-07-14 04:00:00;0.3313;0.3321;0.3307;0.3309;118311.55
2019-07-14 04:30:00;0.3309;0.3309;0.3278;0.3282;437767.94000000006
2019-07-14 05:00:00;0.3282;0.3293;0.3281;0.3288;165043.57000000004
2019-07-14 05:30:00;0.3288;0.3301;0.3287;0.3297;380345.9600000001
2019-07-14 06:00:00;0.3297;0.331;0.3295;0.3307;404805.47000000003
2019-07-14 06:30:00;0.3307;0.3308;0.3296;0.3298;162114.73
2019-07-14 07:00:00;0.3298;0.3299;0.3277;0.3286;306876.62000000005
2019-07-14 07:30:00;0.3286;0.3293;0.3274;0.3286;186809.30999999997
2019-07-14 08:00:00;0.3286;0.3298;0.32799999999999996;0.3292;150738.75000000003
2019-07-14 08:30:00;0.3292;0.3303;0.3284;0.3284;243683.46000000005
2019-07-14 09:00:00;0.3284;0.3291;0.3275;0.3285;302536.23
2019-07-14 09:30:00;0.3285;0.3289;0.3119;0.316;2861742.7199999993
2019-07-14 10:00:00;0.316;0.3194;0.3153;0.3165;1253883.4600000004
2019-07-14 10:30:00;0.3165;0.3183;0.3131;0.3151;893213.4099999999
2019-07-14 11:00:00;0.3151;0.3176;0.315;0.3162;628178.89
2019-07-14 11:30:00;0.3162;0.317;0.3136;0.3161;637640.9299999999
2019-07-14 12:00:00;0.3161;0.3168;0.3124;0.3136;697425.6399999999
2019-07-14 12:30:00;0.3136;0.3169;0.3134;0.3156;1051266.1000000003
2019-07-14 13:00:00;0.3156;0.3171;0.3152;0.316;659810.0299999998
2019-07-14 13:30:00;0.316;0.3174;0.3106;0.3145;1557688.7399999998
2019-07-14 14:00:00;0.3145;0.3152;0.3112;0.3141;821534.0800000002
2019-07-14 14:30:00;0.3141;0.3146;0.3128;0.3131;681585.61
2019-07-14 15:00:00;0.3131;0.3135;0.3108;0.3124;814939.6900000001
2019-07-14 15:30:00;0.3124;0.3135;0.2999;0.3051;4852858.3100000005
2019-07-14 16:00:00;0.3051;0.3096;0.303;0.3062;1597364.9600000007
2019-07-14 16:30:00;0.3062;0.3161;0.3059;0.314;1321598.6799999997
2019-07-14 17:00:00;0.314;0.3157;0.3126;0.3152;706916.07
2019-07-14 17:30:00;0.3152;0.3168;0.3138;0.3157;628654.9800000001
2019-07-14 18:00:00;0.3157;0.3159;0.3113;0.3116;635402.1100000002
2019-07-14 18:30:00;0.3116;0.3135;0.3068;0.3127;1002860.7899999999
2019-07-14 19:00:00;0.3127;0.3129;0.3092;0.3099;534470.7200000001
2019-07-14 19:30:00;0.3099;0.3131;0.3096;0.3124;472690.08
2019-07-14 20:00:00;0.3124;0.3133;0.3107;0.3129;523646.88999999996
2019-07-14 20:30:00;0.3129;0.3174;0.3123;0.3149;581743.54
2019-07-14 21:00:00;0.3149;0.3158;0.3135;0.3143;360007.18999999994
2019-07-14 21:30:00;0.3143;0.3173;0.3143;0.3159;356242.48
2019-07-14 22:00:00;0.3159;0.316;0.3136;0.3148;321711.36000000004
2019-07-14 22:30:00;0.3148;0.315;0.3115;0.3121;343224.87000000005
2019-07-14 23:00:00;0.3121;0.3121;0.3092;0.3114;451626.67000000016
2019-07-14 23:30:00;0.3114;0.3123;0.3006;0.3046;1457045.5899999999
2019-07-15 00:00:00;0.3046;0.3048;0.2957;0.2957;3152214.6799999992
2019-07-15 00:30:00;0.2957;0.3024;0.295;0.3004;1853274.4599999997
2019-07-15 01:00:00;0.3004;0.3041;0.2999;0.3033;1482705.93
2019-07-15 01:30:00;0.3033;0.3041;0.3001;0.3011;865554.5099999999
2019-07-15 02:00:00;0.3011;0.3029;0.29600000000000004;0.3016;1244290.8200000003
2019-07-15 02:30:00;0.3016;0.3044;0.3;0.3044;1262527.7299999995
2019-07-15 03:00:00;0.3044;0.3171;0.3033;0.3135;3026030.6799999997
2019-07-15 03:30:00;0.3135;0.3146;0.311;0.3125;929911.71
2019-07-15 04:00:00;0.3125;0.3159;0.311;0.3127;927567.2800000004
2019-07-15 04:30:00;0.3127;0.3131;0.311;0.3113;310971.02
2019-07-15 05:00:00;0.3113;0.3116;0.3075;0.3096;674613.38
2019-07-15 05:30:00;0.3096;0.3105;0.3083;0.31;331058.2000000001
2019-07-15 06:00:00;0.31;0.3124;0.3096;0.3111;554986.5
2019-07-15 06:30:00;0.3111;0.3144;0.3099;0.3142;551358.3800000001
2019-07-15 07:00:00;0.3142;0.316;0.3135;0.3136;538651.64
2019-07-15 07:30:00;0.3136;0.314;0.3126;0.3138;697461.7999999999
2019-07-15 08:00:00;0.3138;0.3144;0.3106;0.3123;669079.7300000001
2019-07-15 08:30:00;0.3123;0.3127;0.3101;0.3105;404088.7200000001
2019-07-15 09:00:00;0.3105;0.3119;0.3075;0.3117;550924.5499999999
2019-07-15 09:30:00;0.3117;0.3152;0.3097;0.3134;602537.7100000001
2019-07-15 10:00:00;0.3134;0.3148;0.3124;0.3131;233419.18000000002
2019-07-15 10:30:00;0.3131;0.3136;0.3119;0.3123;254042.81
2019-07-15 11:00:00;0.3123;0.3143;0.3119;0.3137;461867.25
2019-07-15 11:30:00;0.3137;0.3149;0.3133;0.3133;303349.88000000006
2019-07-15 12:00:00;0.3133;0.3138;0.3114;0.3115;229580.63
2019-07-15 12:30:00;0.3115;0.3119;0.3078;0.3083;648508.68
2019-07-15 13:00:00;0.3083;0.3105;0.3073;0.31;778937.05
2019-07-15 13:30:00;0.31;0.3143;0.309;0.3139;651592.18
2019-07-15 14:00:00;0.3139;0.3208;0.3135;0.3199;2194595.56
2019-07-15 14:30:00;0.3199;0.32;0.3171;0.3189;1037492.6000000001
2019-07-15 15:00:00;0.3189;0.319;0.3151;0.3168;943863.7100000001
2019-07-15 15:30:00;0.3168;0.3205;0.3165;0.3194;757872.24
2019-07-15 16:00:00;0.3194;0.3232;0.3168;0.3188;2612688.0
2019-07-15 16:30:00;0.3188;0.319;0.3159;0.3182;1671663.0100000005
2019-07-15 17:00:00;0.3182;0.3186;0.3157;0.316;803883.0000000001
2019-07-15 17:30:00;0.316;0.3171;0.3127;0.3136;657028.7900000002
2019-07-15 18:00:00;0.3136;0.3195;0.311;0.318;1884101.9699999997
2019-07-15 18:30:00;0.318;0.3193;0.3159;0.3169;889379.01
2019-07-15 19:00:00;0.3169;0.3174;0.3152;0.3166;912959.2599999999
2019-07-15 19:30:00;0.3166;0.3169;0.3146;0.3149;366488.62000000005
2019-07-15 20:00:00;0.3149;0.3152;0.3136;0.3142;601530.9500000001
2019-07-15 20:30:00;0.3142;0.3145;0.3127;0.313;475466.1099999999
2019-07-15 21:00:00;0.313;0.3154;0.3128;0.3144;376709.2299999999
2019-07-15 21:30:00;0.3144;0.3156;0.312;0.3121;517380.57999999996
2019-07-15 22:00:00;0.3121;0.3149;0.3121;0.3147;564008.6100000001
2019-07-15 22:30:00;0.3147;0.3163;0.3133;0.3155;680329.8400000001
2019-07-15 23:00:00;0.3155;0.3169;0.3147;0.3151;897432.95
2019-07-15 23:30:00;0.3151;0.3153;0.3128;0.3128;566955.44
2019-07-16 00:00:00;0.3128;0.3156;0.3127;0.3148;412924.33
2019-07-16 00:30:00;0.3148;0.3195;0.3147;0.3182;655926.4799999999
2019-07-16 01:00:00;0.3182;0.3193;0.3164;0.3171;661121.0500000002
2019-07-16 01:30:00;0.3171;0.3188;0.3165;0.3178;531202.9600000001
2019-07-16 02:00:00;0.3178;0.3179;0.3139;0.3145;1591094.6699999997
2019-07-16 02:30:00;0.3145;0.3158;0.3135;0.3143;303507.82
2019-07-16 03:00:00;0.3143;0.3166;0.314;0.3157;267012.85000000003
2019-07-16 03:30:00;0.3157;0.3159;0.3112;0.3131;605659.9199999999
2019-07-16 04:00:00;0.3131;0.3132;0.3112;0.3125;341428.33999999997
2019-07-16 04:30:00;0.3125;0.3145;0.3123;0.314;331727.64
2019-07-16 05:00:00;0.314;0.3141;0.3126;0.3133;150785.44
2019-07-16 05:30:00;0.3133;0.3141;0.313;0.3136;422632.17999999993
2019-07-16 06:00:00;0.3136;0.3142;0.3125;0.3129;597632.3
2019-07-16 06:30:00;0.3129;0.3131;0.3119;0.3119;396080.93999999994
2019-07-16 07:00:00;0.3119;0.313;0.3089;0.3089;1433832.7
2019-07-16 07:30:00;0.3089;0.312;0.3065;0.3115;1177068.1899999997
2019-07-16 08:00:00;0.3115;0.3124;0.3107;0.3113;605142.4500000001
2019-07-16 08:30:00;0.3113;0.3134;0.311;0.3129;350323.58999999997
2019-07-16 09:00:00;0.3129;0.3136;0.311;0.3118;360074.18
2019-07-16 09:30:00;0.3118;0.3126;0.3113;0.3118;203536.44999999998
2019-07-16 10:00:00;0.3118;0.3133;0.3114;0.3129;289298.86000000004
2019-07-16 10:30:00;0.3129;0.3132;0.3119;0.3123;265681.28
2019-07-16 11:00:00;0.3123;0.3124;0.3102;0.3124;382770.84
2019-07-16 11:30:00;0.3124;0.3132;0.3118;0.312;282075.4000000001
2019-07-16 12:00:00;0.312;0.3122;0.3097;0.3098;285216.87000000005
2019-07-16 12:30:00;0.3098;0.3115;0.3072;0.308;740903.5299999999
2019-07-16 13:00:00;0.308;0.309;0.3055;0.308;718894.8099999998
2019-07-16 13:30:00;0.308;0.3093;0.3051;0.3067;563192.27
2019-07-16 14:00:00;0.3067;0.3082;0.3059;0.3078;456013.2299999999
2019-07-16 14:30:00;0.3078;0.3088;0.307;0.3073;310869.38999999996
2019-07-16 15:00:00;0.3073;0.3081;0.3067;0.3078;422080.7700000001
2019-07-16 15:30:00;0.3078;0.3108;0.3075;0.3093;553890.9700000001
2019-07-16 16:00:00;0.3093;0.3094;0.2982;0.3;3699418.8699999996
2019-07-16 16:30:00;0.3;0.3005;0.2979;0.2979;2317184.04
2019-07-16 17:00:00;0.2979;0.2983;0.2838;0.292;5373805.620000002
2019-07-16 17:30:00;0.292;0.2956;0.2894;0.2949;2291657.4899999998
2019-07-16 18:00:00;0.2949;0.2972;0.2938;0.2959;1408208.5799999998
2019-07-16 18:30:00;0.2959;0.2963;0.2915;0.2919;897865.9200000002
2019-07-16 19:00:00;0.2919;0.2958;0.2918;0.295;828468.7200000002
2019-07-16 19:30:00;0.295;0.3095;0.2942;0.3086;2372105.0799999996
2019-07-16 20:00:00;0.3086;0.3086;0.3013;0.3047;2120646.61
2019-07-16 20:30:00;0.3047;0.3058;0.2984;0.2987;1207120.8899999997
2019-07-16 21:00:00;0.2987;0.2998;0.2936;0.2998;1414573.9399999997
2019-07-16 21:30:00;0.2998;0.3022;0.299;0.3007;603494.2200000001
2019-07-16 22:00:00;0.3007;0.3009;0.2984;0.2985;679443.7500000002
2019-07-16 22:30:00;0.2985;0.2991;0.2952;0.2967;819446.0
2019-07-16 23:00:00;0.2967;0.2978;0.2925;0.2965;1078319.93
2019-07-16 23:30:00;0.2965;0.2982;0.2946;0.295;517734.6100000001
2019-07-17 00:00:00;0.295;0.2981;0.295;0.2972;524628.3200000001
2019-07-17 00:30:00;0.2972;0.2983;0.2963;0.2963;468274.45
2019-07-17 01:00:00;0.2963;0.2987;0.2962;0.2976;648758.71
2019-07-17 01:30:00;0.2976;0.2989;0.2972;0.2981;751096.8999999999
2019-07-17 02:00:00;0.2981;0.2981;0.2931;0.2954;1048249.7999999998
2019-07-17 02:30:00;0.2954;0.297;0.294;0.2966;785753.4999999999
2019-07-17 03:00:00;0.2966;0.2976;0.29600000000000004;0.2964;553431.9500000001
2019-07-17 03:30:00;0.2964;0.2986;0.2963;0.298;383564.85000000003
2019-07-17 04:00:00;0.298;0.3004;0.2968;0.2982;638270.87
2019-07-17 04:30:00;0.2982;0.2993;0.2971;0.2975;579193.9
2019-07-17 05:00:00;0.2975;0.2992;0.2971;0.2972;372104.43000000005
2019-07-17 05:30:00;0.2972;0.2994;0.2971;0.2992;306658.63
2019-07-17 06:00:00;0.2992;0.2997;0.2976;0.2984;348466.45
2019-07-17 06:30:00;0.2984;0.301;0.2977;0.3005;412025.8
2019-07-17 07:00:00;0.3005;0.3029;0.2999;0.3029;999982.22
2019-07-17 07:30:00;0.3029;0.3041;0.3;0.3005;2140289.4499999997
2019-07-17 08:00:00;0.3005;0.3015;0.2996;0.3003;1492373.2500000002
2019-07-17 08:30:00;0.3003;0.3014;0.3002;0.3005;350502.86
2019-07-17 09:00:00;0.3005;0.3008;0.2981;0.2984;395517.82000000007
2019-07-17 09:30:00;0.2984;0.3006;0.2983;0.2996;198733.00000000003
2019-07-17 10:00:00;0.2996;0.2998;0.2968;0.2977;432884.2399999999
2019-07-17 10:30:00;0.2977;0.2989;0.2955;0.2987;710805.6999999998
2019-07-17 11:00:00;0.2987;0.3016;0.2985;0.2997;584450.2100000001
2019-07-17 11:30:00;0.2997;0.3;0.297;0.2995;1209041.4599999997
2019-07-17 12:00:00;0.2995;0.3014;0.2981;0.3006;724535.36
2019-07-17 12:30:00;0.3006;0.3034;0.3001;0.3028;1454760.1600000006
2019-07-17 13:00:00;0.3028;0.3034;0.3007;0.3017;422231.25000000006
2019-07-17 13:30:00;0.3017;0.3096;0.3015;0.3092;886896.9800000001
2019-07-17 14:00:00;0.3092;0.3164;0.3074;0.31;3164902.13
2019-07-17 14:30:00;0.31;0.3152;0.3095;0.3136;1268486.39
2019-07-17 15:00:00;0.3136;0.3165;0.3113;0.3137;1824292.2699999998
2019-07-17 15:30:00;0.3137;0.3141;0.311;0.3138;1140971.94
2019-07-17 16:00:00;0.3138;0.3194;0.3128;0.3179;2054257.43
2019-07-17 16:30:00;0.3179;0.3246;0.315;0.3219;1949138.1799999997
2019-07-17 17:00:00;0.3219;0.3228;0.3186;0.32;1451698.8899999997
2019-07-17 17:30:00;0.32;0.322;0.3164;0.3184;1263782.7999999998
2019-07-17 18:00:00;0.3184;0.3205;0.3169;0.3189;669499.73
2019-07-17 18:30:00;0.3189;0.3216;0.3187;0.3197;879925.0199999998
2019-07-17 19:00:00;0.3197;0.3201;0.3158;0.3159;952791.2999999999
2019-07-17 19:30:00;0.3159;0.3174;0.3134;0.3139;915740.5799999998
2019-07-17 20:00:00;0.3139;0.3187;0.3126;0.3174;992318.9999999999
2019-07-17 20:30:00;0.3174;0.3176;0.3145;0.3159;746795.6299999999
2019-07-17 21:00:00;0.3159;0.32;0.3156;0.3184;990370.1299999998
2019-07-17 21:30:00;0.3184;0.3187;0.3134;0.3134;605277.07
2019-07-17 22:00:00;0.3134;0.3154;0.3119;0.3133;966110.0199999998
2019-07-17 22:30:00;0.3133;0.3133;0.3107;0.3113;668578.6099999999
2019-07-17 23:00:00;0.3113;0.3113;0.3084;0.3105;683566.12
2019-07-17 23:30:00;0.3105;0.311;0.3093;0.3108;430741.21
2019-07-18 00:00:00;0.3108;0.3124;0.31;0.3101;431839.5699999999
2019-07-18 00:30:00;0.3101;0.3103;0.3078;0.3088;748008.94
2019-07-18 01:00:00;0.3088;0.3126;0.3088;0.3118;585675.23
2019-07-18 01:30:00;0.3118;0.3138;0.3118;0.3138;605409.5099999999
2019-07-18 02:00:00;0.3138;0.3139;0.3125;0.3128;473943.30999999994
2019-07-18 02:30:00;0.3128;0.3146;0.3122;0.3145;444641.31
2019-07-18 03:00:00;0.3145;0.3146;0.3124;0.3127;370930.0899999999
2019-07-18 03:30:00;0.3127;0.3129;0.3105;0.3127;618740.8
2019-07-18 04:00:00;0.3127;0.314;0.3106;0.3139;353670.24000000005
2019-07-18 04:30:00;0.3139;0.3168;0.3137;0.3161;747762.8099999999
2019-07-18 05:00:00;0.3161;0.3162;0.3151;0.3151;559582.72
2019-07-18 05:30:00;0.3151;0.3161;0.3144;0.3151;424545.43000000005
2019-07-18 06:00:00;0.3151;0.3178;0.3142;0.3173;498786.69
2019-07-18 06:30:00;0.3173;0.318;0.3155;0.3158;392737.76999999996
2019-07-18 07:00:00;0.3158;0.3159;0.3139;0.3143;452486.45
2019-07-18 07:30:00;0.3143;0.3154;0.3138;0.3142;399584.47000000003
2019-07-18 08:00:00;0.3142;0.3145;0.3115;0.3118;878033.0599999999
2019-07-18 08:30:00;0.3118;0.3136;0.3117;0.3123;242720.78000000003
2019-07-18 09:00:00;0.3123;0.3129;0.3117;0.3123;358306.9600000001
2019-07-18 09:30:00;0.3123;0.3135;0.3122;0.313;354155.73000000004
2019-07-18 10:00:00;0.313;0.3191;0.313;0.3181;718887.6599999999
2019-07-18 10:30:00;0.3181;0.3184;0.3171;0.3179;234255.64
2019-07-18 11:00:00;0.3179;0.3183;0.3169;0.3174;389395.0100000001
2019-07-18 11:30:00;0.3174;0.3178;0.3157;0.3161;344499.69999999995
2019-07-18 12:00:00;0.3161;0.3163;0.3089;0.3094;1060877.49
2019-07-18 12:30:00;0.3094;0.3107;0.3036;0.3063;1211884.05
2019-07-18 13:00:00;0.3063;0.3086;0.3045;0.3076;633306.6100000001
2019-07-18 13:30:00;0.3076;0.3079;0.3054;0.3073;462053.81
2019-07-18 14:00:00;0.3073;0.3089;0.3054;0.3085;1054269.88
2019-07-18 14:30:00;0.3085;0.3221;0.3083;0.3195;4173334.9600000004
2019-07-18 15:00:00;0.3195;0.3219;0.3186;0.3203;1393034.87
2019-07-18 15:30:00;0.3203;0.3265;0.3203;0.3257;1593232.4
2019-07-18 16:00:00;0.3257;0.3266;0.3213;0.3224;2505265.4499999993
2019-07-18 16:30:00;0.3224;0.3248;0.3203;0.3207;1141467.2
2019-07-18 17:00:00;0.3207;0.3224;0.3189;0.321;895557.4999999999
2019-07-18 17:30:00;0.321;0.3222;0.3201;0.3216;744160.06
2019-07-18 18:00:00;0.3216;0.3223;0.3207;0.3216;420218.79000000004
2019-07-18 18:30:00;0.3216;0.3244;0.3205;0.3205;867323.0800000001
2019-07-18 19:00:00;0.3205;0.3224;0.3196;0.3207;905107.81
2019-07-18 19:30:00;0.3207;0.3234;0.3199;0.3202;594577.15
2019-07-18 20:00:00;0.3202;0.322;0.3202;0.3213;422444.60999999987
2019-07-18 20:30:00;0.3213;0.3221;0.3204;0.3217;533649.4999999999
2019-07-18 21:00:00;0.3217;0.3228;0.3213;0.3216;424262.38000000006
2019-07-18 21:30:00;0.3216;0.3219;0.3209;0.3213;252007.49000000002
2019-07-18 22:00:00;0.3213;0.3221;0.3208;0.321;410029.67999999993
2019-07-18 22:30:00;0.321;0.3218;0.3208;0.3216;165915.74000000002
2019-07-18 23:00:00;0.3216;0.3244;0.3215;0.3236;464438.9299999999
2019-07-18 23:30:00;0.3236;0.3253;0.3208;0.3209;988005.4600000002
2019-07-19 00:00:00;0.3209;0.3215;0.3191;0.3193;892379.6200000001
2019-07-19 00:30:00;0.3193;0.3218;0.3193;0.3215;722964.44
2019-07-19 01:00:00;0.3215;0.3227;0.3213;0.3214;332087.51
2019-07-19 01:30:00;0.3214;0.3216;0.3195;0.3197;330668.60000000003
2019-07-19 02:00:00;0.3197;0.3206;0.3181;0.3203;748689.3300000001
2019-07-19 02:30:00;0.3203;0.3217;0.3203;0.3205;308499.57999999996
2019-07-19 03:00:00;0.3205;0.3211;0.3199;0.3207;206476.04999999996
2019-07-19 03:30:00;0.3207;0.3208;0.3183;0.3193;420969.75999999995
2019-07-19 04:00:00;0.3193;0.3196;0.3181;0.319;361403.15
2019-07-19 04:30:00;0.319;0.3196;0.3182;0.3184;277093.42999999993
2019-07-19 05:00:00;0.3184;0.3194;0.3182;0.3183;331456.38999999996
2019-07-19 05:30:00;0.3183;0.3215;0.3175;0.3203;1294629.9900000002
2019-07-19 06:00:00;0.3203;0.3204;0.3174;0.3178;275258.62000000005
2019-07-19 06:30:00;0.3178;0.3188;0.317;0.318;278251.18
2019-07-19 07:00:00;0.318;0.3188;0.3168;0.3183;393366.63999999996
2019-07-19 07:30:00;0.3183;0.3203;0.3178;0.3196;537391.04
2019-07-19 08:00:00;0.3196;0.3216;0.3141;0.3148;1986155.7299999997
2019-07-19 08:30:00;0.3148;0.3163;0.3126;0.3154;1101611.15
2019-07-19 09:00:00;0.3154;0.3154;0.3135;0.3142;550029.7600000001
2019-07-19 09:30:00;0.3142;0.3153;0.3138;0.3152;659937.8699999999
2019-07-19 10:00:00;0.3152;0.3153;0.3137;0.3137;257920.24000000008
2019-07-19 10:30:00;0.3137;0.3152;0.3136;0.3146;423834.66
2019-07-19 11:00:00;0.3146;0.3156;0.314;0.3145;284683.5200000001
2019-07-19 11:30:00;0.3145;0.3145;0.3133;0.3137;227003.74000000002
2019-07-19 12:00:00;0.3137;0.3189;0.3123;0.3161;1316234.2
2019-07-19 12:30:00;0.3161;0.3163;0.3153;0.3157;339499.0
2019-07-19 13:00:00;0.3157;0.3157;0.3107;0.3134;1608286.2699999998
2019-07-19 13:30:00;0.3134;0.316;0.3129;0.3137;415482.32999999996
2019-07-19 14:00:00;0.3137;0.3153;0.3129;0.3139;577779.9000000001
2019-07-19 14:30:00;0.3139;0.3153;0.3131;0.3134;485384.2799999999
2019-07-19 15:00:00;0.3134;0.3151;0.3134;0.3148;248994.78
2019-07-19 15:30:00;0.3148;0.3157;0.3146;0.3156;282533.9799999999
2019-07-19 16:00:00;0.3156;0.3158;0.3138;0.3145;239179.40000000005
2019-07-19 16:30:00;0.3145;0.3172;0.3142;0.3168;443558.42999999993
2019-07-19 17:00:00;0.3168;0.3195;0.3168;0.3192;548470.6499999999
2019-07-19 17:30:00;0.3192;0.3198;0.3176;0.3176;540483.1799999999
2019-07-19 18:00:00;0.3176;0.3183;0.3169;0.3171;288652.23000000004
2019-07-19 18:30:00;0.3171;0.3178;0.3162;0.3175;390167.85
2019-07-19 19:00:00;0.3175;0.3187;0.3157;0.3158;710739.2999999999
2019-07-19 19:30:00;0.3158;0.317;0.3155;0.316;430248.91000000003
2019-07-19 20:00:00;0.316;0.3175;0.3157;0.3174;375242.04
2019-07-19 20:30:00;0.3174;0.319;0.3173;0.3188;262129.19000000003
2019-07-19 21:00:00;0.3188;0.3196;0.318;0.3182;379074.35000000015
2019-07-19 21:30:00;0.3182;0.3198;0.3182;0.3196;188571.48
2019-07-19 22:00:00;0.3196;0.3205;0.3185;0.3191;414376.4699999999
2019-07-19 22:30:00;0.3191;0.3198;0.3174;0.3196;589637.64
2019-07-19 23:00:00;0.3196;0.321;0.3191;0.3207;623738.7999999999
2019-07-19 23:30:00;0.3207;0.3209;0.3194;0.3197;666748.32
2019-07-20 00:00:00;0.3197;0.3219;0.3197;0.3214;384143.3799999999
2019-07-20 00:30:00;0.3214;0.3238;0.3192;0.3199;1202716.8099999998
2019-07-20 01:00:00;0.3199;0.3216;0.3194;0.3208;468752.24
2019-07-20 01:30:00;0.3208;0.3216;0.3201;0.3213;204974.87000000005
2019-07-20 02:00:00;0.3213;0.3231;0.3213;0.3229;325805.82
2019-07-20 02:30:00;0.3229;0.3294;0.3229;0.3272;1291552.6500000001
2019-07-20 03:00:00;0.3272;0.33299999999999996;0.3272;0.3301;1863616.3600000006
2019-07-20 03:30:00;0.3301;0.331;0.3287;0.3287;669495.73
2019-07-20 04:00:00;0.3287;0.3294;0.3273;0.3277;297390.1
2019-07-20 04:30:00;0.3277;0.3323;0.3275;0.3318;549966.5499999999
2019-07-20 05:00:00;0.3318;0.3324;0.3295;0.3313;526615.03
2019-07-20 05:30:00;0.3313;0.3314;0.3298;0.3301;338602.4899999999
2019-07-20 06:00:00;0.3301;0.3309;0.3301;0.3306;373771.7499999999
2019-07-20 06:30:00;0.3306;0.331;0.3288;0.3296;421645.0400000001
2019-07-20 07:00:00;0.3296;0.3301;0.3286;0.3288;566583.2599999999
2019-07-20 07:30:00;0.3288;0.3291;0.3274;0.3275;382269.30000000005
2019-07-20 08:00:00;0.3275;0.3286;0.3247;0.3249;490997.37999999995
2019-07-20 08:30:00;0.3249;0.327;0.3248;0.3263;294803.02
2019-07-20 09:00:00;0.3263;0.3292;0.3261;0.3288;358732.25999999995
2019-07-20 09:30:00;0.3288;0.3289;0.3268;0.3275;227314.64999999997
2019-07-20 10:00:00;0.3275;0.32799999999999996;0.3254;0.3274;224587.37000000002
2019-07-20 10:30:00;0.3274;0.3281;0.3264;0.3279;112224.57999999999
2019-07-20 11:00:00;0.3279;0.3281;0.3253;0.3266;395889.6400000001
2019-07-20 11:30:00;0.3266;0.32799999999999996;0.3256;0.3275;294321.49999999994
2019-07-20 12:00:00;0.3275;0.3277;0.3266;0.3277;195314.81
2019-07-20 12:30:00;0.3277;0.3279;0.3269;0.3276;320877.73
2019-07-20 13:00:00;0.3276;0.3317;0.3276;0.3285;1159882.16
2019-07-20 13:30:00;0.3285;0.3286;0.3266;0.3283;569868.5300000001
2019-07-20 14:00:00;0.3283;0.3285;0.3278;0.3282;462030.6099999999
2019-07-20 14:30:00;0.3282;0.33;0.3277;0.3293;549949.57
2019-07-20 15:00:00;0.3293;0.33;0.3283;0.3289;595490.6899999998
2019-07-20 15:30:00;0.3289;0.3315;0.3286;0.3315;719787.67
2019-07-20 16:00:00;0.3315;0.3351;0.3296;0.3345;1779555.5400000003
2019-07-20 16:30:00;0.3345;0.3385;0.3339;0.3375;1161443.4400000002
2019-07-20 17:00:00;0.3375;0.33799999999999997;0.3345;0.3351;1133889.8
2019-07-20 17:30:00;0.3351;0.3368;0.3349;0.336;496251.26000000007
2019-07-20 18:00:00;0.336;0.3371;0.336;0.3367;504991.12000000005
2019-07-20 18:30:00;0.3367;0.3376;0.3359;0.336;550367.03
2019-07-20 19:00:00;0.336;0.3364;0.3354;0.3359;395700.1499999999
2019-07-20 19:30:00;0.3359;0.3368;0.3359;0.3362;358786.05999999994
2019-07-20 20:00:00;0.3362;0.3368;0.3353;0.3353;282362.94999999995
2019-07-20 20:30:00;0.3353;0.3398;0.3351;0.3398;573331.85
2019-07-20 21:00:00;0.3398;0.3414;0.3396;0.3412;991788.5399999999
2019-07-20 21:30:00;0.3412;0.342;0.3395;0.3397;867114.2200000001
2019-07-20 22:00:00;0.3397;0.3404;0.3374;0.3388;567332.16
2019-07-20 22:30:00;0.3388;0.3398;0.3381;0.3393;362744.75000000006
2019-07-20 23:00:00;0.3393;0.3401;0.3377;0.3378;788891.6
2019-07-20 23:30:00;0.3378;0.33799999999999997;0.3319;0.3334;2107079.5100000002
2019-07-21 00:00:00;0.3334;0.3345;0.3305;0.3342;919361.2699999999
2019-07-21 00:30:00;0.3342;0.3351;0.3338;0.3339;272610.57
2019-07-21 01:00:00;0.3339;0.3354;0.3339;0.3349;401169.43000000005
2019-07-21 01:30:00;0.3349;0.3355;0.3332;0.335;264610.29
2019-07-21 02:00:00;0.335;0.3351;0.3306;0.3306;675083.12
2019-07-21 02:30:00;0.3306;0.3319;0.3294;0.3303;620730.2399999999
2019-07-21 03:00:00;0.3303;0.3303;0.327;0.32899999999999996;746746.58
2019-07-21 03:30:00;0.32899999999999996;0.3291;0.3279;0.3283;371171.93
2019-07-21 04:00:00;0.3283;0.3298;0.327;0.3294;234869.47999999995
2019-07-21 04:30:00;0.3294;0.3316;0.3293;0.3308;314731.5199999999
2019-07-21 05:00:00;0.3308;0.3309;0.3298;0.33;436344.97
2019-07-21 05:30:00;0.33;0.3301;0.3289;0.3291;315345.35
2019-07-21 06:00:00;0.3291;0.3305;0.3285;0.3305;312874.23000000004
2019-07-21 06:30:00;0.3305;0.3305;0.3291;0.3296;341523.57
2019-07-21 07:00:00;0.3296;0.3311;0.32899999999999996;0.3307;355103.3
2019-07-21 07:30:00;0.3307;0.3308;0.32899999999999996;0.3299;473047.5800000001
2019-07-21 08:00:00;0.3299;0.3309;0.3267;0.3299;925822.1600000003
2019-07-21 08:30:00;0.3299;0.3312;0.3293;0.3307;163055.12
2019-07-21 09:00:00;0.3307;0.3324;0.3306;0.3317;444370.86000000004
2019-07-21 09:30:00;0.3317;0.3317;0.3298;0.33;232571.06
2019-07-21 10:00:00;0.33;0.33;0.32799999999999996;0.3289;794885.1100000001
2019-07-21 10:30:00;0.3289;0.3297;0.3277;0.3281;448140.7799999999
2019-07-21 11:00:00;0.3281;0.3299;0.327;0.3288;566073.25
2019-07-21 11:30:00;0.3288;0.3296;0.3282;0.3288;279295.91000000003
2019-07-21 12:00:00;0.3288;0.3288;0.3272;0.3277;431551.70999999996
2019-07-21 12:30:00;0.3277;0.3278;0.3267;0.3272;294004.95
2019-07-21 13:00:00;0.3272;0.3275;0.3228;0.3254;2273470.6599999997
2019-07-21 13:30:00;0.3254;0.326;0.325;0.3258;1657827.4900000002
2019-07-21 14:00:00;0.3258;0.3282;0.3239;0.3247;1321811.81
2019-07-21 14:30:00;0.3247;0.3249;0.3226;0.3239;830797.2399999999
2019-07-21 15:00:00;0.3239;0.3247;0.3226;0.3241;977548.57
2019-07-21 15:30:00;0.3241;0.3251;0.3235;0.3246;347703.55
2019-07-21 16:00:00;0.3246;0.3255;0.3237;0.3251;611731.0599999998
2019-07-21 16:30:00;0.3251;0.3252;0.32299999999999995;0.3235;545303.5799999998
2019-07-21 17:00:00;0.3235;0.3235;0.3211;0.3233;645545.87
2019-07-21 17:30:00;0.3233;0.3246;0.3227;0.3244;402857.01999999996
2019-07-21 18:00:00;0.3244;0.3261;0.3235;0.3247;281011.89999999997
2019-07-21 18:30:00;0.3247;0.3294;0.3246;0.3294;391909.52
2019-07-21 19:00:00;0.3294;0.3295;0.3265;0.3268;333688.6400000002
2019-07-21 19:30:00;0.3268;0.3268;0.3239;0.3254;726467.33
2019-07-21 20:00:00;0.3254;0.3273;0.3245;0.327;239723.50999999998
2019-07-21 20:30:00;0.327;0.3289;0.3268;0.3287;405416.5
2019-07-21 21:00:00;0.3287;0.3304;0.3286;0.3294;340656.25
2019-07-21 21:30:00;0.3294;0.3307;0.3286;0.3288;467839.64
2019-07-21 22:00:00;0.3288;0.3305;0.3288;0.3302;290817.8099999999
2019-07-21 22:30:00;0.3302;0.3302;0.3292;0.33;399047.75
2019-07-21 23:00:00;0.33;0.3301;0.3294;0.33;348566.4499999999
2019-07-21 23:30:00;0.33;0.3312;0.3299;0.3308;234467.19999999998
2019-07-22 00:00:00;0.3308;0.3323;0.3304;0.3308;361316.8599999999
2019-07-22 00:30:00;0.3308;0.3309;0.3292;0.3293;276174.74000000005
2019-07-22 01:00:00;0.3293;0.3299;0.3284;0.3284;255624.98999999996
2019-07-22 01:30:00;0.3284;0.3288;0.3278;0.3288;197455.53000000003
2019-07-22 02:00:00;0.3288;0.32899999999999996;0.32799999999999996;0.3287;206473.83000000005
2019-07-22 02:30:00;0.3287;0.3306;0.3287;0.3306;270795.81
2019-07-22 03:00:00;0.3306;0.3309;0.3298;0.3301;221116.58000000002
2019-07-22 03:30:00;0.3301;0.3304;0.3294;0.3298;211277.02000000002
2019-07-22 04:00:00;0.3298;0.3304;0.3291;0.3296;207984.43
2019-07-22 04:30:00;0.3296;0.3302;0.3293;0.3295;769331.97
2019-07-22 05:00:00;0.3295;0.3301;0.3288;0.3298;492845.8799999999
2019-07-22 05:30:00;0.3298;0.3299;0.3294;0.3298;215157.51000000004
2019-07-22 06:00:00;0.3298;0.3304;0.3296;0.3297;441279.96
2019-07-22 06:30:00;0.3297;0.3299;0.3288;0.3294;475413.5699999999
2019-07-22 07:00:00;0.3294;0.3294;0.3281;0.3284;603686.7999999999
2019-07-22 07:30:00;0.3284;0.3289;0.3278;0.32799999999999996;293962.92000000004
2019-07-22 08:00:00;0.32799999999999996;0.3284;0.3261;0.3261;1254770.06
2019-07-22 08:30:00;0.3261;0.3267;0.326;0.3262;225717.27999999997
2019-07-22 09:00:00;0.3262;0.3264;0.3233;0.3235;485793.24000000005
2019-07-22 09:30:00;0.3235;0.3239;0.3223;0.3226;392377.56999999995
2019-07-22 10:00:00;0.3226;0.3243;0.3215;0.3239;377960.76
2019-07-22 10:30:00;0.3239;0.3255;0.3238;0.3248;212639.55
2019-07-22 11:00:00;0.3248;0.3257;0.3243;0.3243;197162.32000000004
2019-07-22 11:30:00;0.3243;0.3266;0.3237;0.3256;493431.7999999999
2019-07-22 12:00:00;0.3256;0.3257;0.3235;0.3238;248900.63999999998
2019-07-22 12:30:00;0.3238;0.325;0.3232;0.3245;296514.1400000001
2019-07-22 13:00:00;0.3245;0.3249;0.32299999999999995;0.3231;216509.83000000002
2019-07-22 13:30:00;0.3231;0.3235;0.3227;0.3231;307712.52999999997
2019-07-22 14:00:00;0.3231;0.3254;0.3224;0.3252;359885.7199999999
2019-07-22 14:30:00;0.3252;0.3252;0.3158;0.3169;2853517.500000001
2019-07-22 15:00:00;0.3169;0.3185;0.3163;0.3182;773998.32
2019-07-22 15:30:00;0.3182;0.3182;0.316;0.3163;486287.95999999996
2019-07-22 16:00:00;0.3163;0.3186;0.3157;0.3177;604619.84
2019-07-22 16:30:00;0.3177;0.3182;0.3162;0.3173;570009.2899999999
2019-07-22 17:00:00;0.3173;0.3205;0.316;0.3195;1021314.34
2019-07-22 17:30:00;0.3195;0.3195;0.3183;0.3192;424010.48000000004
2019-07-22 18:00:00;0.3192;0.3194;0.3179;0.3187;347298.12000000005
2019-07-22 18:30:00;0.3187;0.322;0.3177;0.322;617227.6499999999
2019-07-22 19:00:00;0.322;0.3232;0.3202;0.3204;784880.0300000001
2019-07-22 19:30:00;0.3204;0.3205;0.3167;0.3171;1170835.77
2019-07-22 20:00:00;0.3171;0.3206;0.3165;0.3204;681360.5600000002
2019-07-22 20:30:00;0.3204;0.3215;0.3195;0.3209;454746.95
2019-07-22 21:00:00;0.3209;0.322;0.3204;0.3216;342561.41
2019-07-22 21:30:00;0.3216;0.3218;0.3195;0.3201;310004.78
2019-07-22 22:00:00;0.3201;0.3222;0.3197;0.3209;426208.14999999997
2019-07-22 22:30:00;0.3209;0.321;0.3193;0.3196;232320.98000000004
2019-07-22 23:00:00;0.3196;0.3209;0.3194;0.3205;175864.99999999997
2019-07-22 23:30:00;0.3205;0.3213;0.3202;0.3209;152812.62999999998
2019-07-23 00:00:00;0.3209;0.3209;0.318;0.3185;209984.65
2019-07-23 00:30:00;0.3185;0.3185;0.3167;0.3177;236469.21
2019-07-23 01:00:00;0.3177;0.3179;0.3169;0.3172;233287.29
2019-07-23 01:30:00;0.3172;0.3175;0.3163;0.3165;235788.81
2019-07-23 02:00:00;0.3165;0.3188;0.3165;0.3182;252962.04
2019-07-23 02:30:00;0.3182;0.3193;0.3176;0.3192;192038.38
2019-07-23 03:00:00;0.3192;0.3198;0.3187;0.3188;194389.20000000004
2019-07-23 03:30:00;0.3188;0.3193;0.3178;0.3178;108284.21
2019-07-23 04:00:00;0.3178;0.3181;0.3174;0.3174;370259.3399999999
2019-07-23 04:30:00;0.3174;0.3186;0.3169;0.3181;271161.06
2019-07-23 05:00:00;0.3181;0.3187;0.3169;0.3169;192758.00999999998
2019-07-23 05:30:00;0.3169;0.3174;0.3155;0.316;405585.6
2019-07-23 06:00:00;0.316;0.3172;0.3131;0.3137;1056840.5299999998
2019-07-23 06:30:00;0.3137;0.3142;0.3116;0.3129;838510.72
2019-07-23 07:00:00;0.3129;0.3158;0.3125;0.3132;821935.8100000002
2019-07-23 07:30:00;0.3132;0.3141;0.3122;0.3133;395323.1099999999
2019-07-23 08:00:00;0.3133;0.3138;0.3118;0.3119;1127049.02
2019-07-23 08:30:00;0.3119;0.3125;0.3101;0.3112;597559.3299999998
2019-07-23 09:00:00;0.3112;0.3114;0.3091;0.3109;436856.75000000006
2019-07-23 09:30:00;0.3109;0.3122;0.3108;0.3121;258205.34
2019-07-23 10:00:00;0.3121;0.3127;0.3102;0.3108;212927.26
2019-07-23 10:30:00;0.3108;0.312;0.3083;0.3111;576012.4200000002
2019-07-23 11:00:00;0.3111;0.3132;0.311;0.312;393015.91000000003
2019-07-23 11:30:00;0.312;0.3132;0.3118;0.313;217628.06
2019-07-23 12:00:00;0.313;0.3133;0.3109;0.3114;315023.24999999994
2019-07-23 12:30:00;0.3114;0.3121;0.3108;0.3114;293213.63
2019-07-23 13:00:00;0.3114;0.3116;0.3095;0.3095;517008.08
2019-07-23 13:30:00;0.3095;0.3102;0.3076;0.3101;838683.3500000001
2019-07-23 14:00:00;0.3101;0.3108;0.3084;0.3101;580826.6300000001
2019-07-23 14:30:00;0.3101;0.3116;0.31;0.3103;566685.3999999999
2019-07-23 15:00:00;0.3103;0.3118;0.3091;0.3094;578653.8500000001
2019-07-23 15:30:00;0.3094;0.3099;0.3083;0.3084;366298.3800000001
2019-07-23 16:00:00;0.3084;0.3095;0.3069;0.3074;572367.3699999999
2019-07-23 16:30:00;0.3074;0.3097;0.306;0.3092;545052.42
2019-07-23 17:00:00;0.3092;0.31;0.3091;0.3095;474198.23000000004
2019-07-23 17:30:00;0.3095;0.3104;0.3089;0.3102;628263.79
2019-07-23 18:00:00;0.3102;0.314;0.3098;0.3138;702150.41
2019-07-23 18:30:00;0.3138;0.3147;0.3122;0.313;649405.1499999998
2019-07-23 19:00:00;0.313;0.3142;0.3127;0.3131;354703.36
2019-07-23 19:30:00;0.3131;0.3148;0.3129;0.3141;444921.67000000004
2019-07-23 20:00:00;0.3141;0.3163;0.3141;0.3145;446745.07999999996
2019-07-23 20:30:00;0.3145;0.3151;0.3138;0.314;397297.01000000007
2019-07-23 21:00:00;0.314;0.314;0.3131;0.3137;285292.51
2019-07-23 21:30:00;0.3137;0.3137;0.3122;0.313;250009.22999999998
2019-07-23 22:00:00;0.313;0.3141;0.3126;0.3132;275403.7200000001
2019-07-23 22:30:00;0.3132;0.3133;0.3116;0.3116;345237.83
2019-07-23 23:00:00;0.3116;0.3117;0.3071;0.308;974488.8900000001
2019-07-23 23:30:00;0.308;0.3095;0.3074;0.3081;419631.6600000001
2019-07-24 00:00:00;0.3081;0.3086;0.303;0.3066;2327848.2199999997
2019-07-24 00:30:00;0.3066;0.3076;0.3056;0.3063;383437.19000000006
2019-07-24 01:00:00;0.3063;0.3074;0.3061;0.3064;167683.85
2019-07-24 01:30:00;0.3064;0.3068;0.306;0.3066;195130.93000000002
2019-07-24 02:00:00;0.3066;0.3066;0.3048;0.3055;499854.17
2019-07-24 02:30:00;0.3055;0.307;0.3055;0.3066;288722.55999999994
2019-07-24 03:00:00;0.3066;0.3069;0.3061;0.3064;293429.17000000004
2019-07-24 03:30:00;0.3064;0.3067;0.3056;0.3059;169948.98000000004
2019-07-24 04:00:00;0.3059;0.3063;0.3043;0.3048;365311.38999999996
2019-07-24 04:30:00;0.3048;0.3061;0.3046;0.306;255516.96
2019-07-24 05:00:00;0.306;0.3065;0.3052;0.3061;386117.2899999999
2019-07-24 05:30:00;0.3061;0.3075;0.3054;0.3061;599220.7299999999
2019-07-24 06:00:00;0.3061;0.3072;0.3061;0.3067;382729.23999999993
2019-07-24 06:30:00;0.3067;0.307;0.3061;0.3062;268341.25
2019-07-24 07:00:00;0.3062;0.3069;0.3059;0.3061;435086.23000000004
2019-07-24 07:30:00;0.3061;0.3065;0.3058;0.3063;206623.41000000003
2019-07-24 08:00:00;0.3063;0.3096;0.3058;0.3091;1106584.68
2019-07-24 08:30:00;0.3091;0.3103;0.3085;0.3099;469009.42999999993
2019-07-24 09:00:00;0.3099;0.3105;0.3081;0.3086;399233.85000000003
2019-07-24 09:30:00;0.3086;0.3095;0.3083;0.3094;205766.17999999996
2019-07-24 10:00:00;0.3094;0.3094;0.3083;0.3086;327523.88
2019-07-24 10:30:00;0.3086;0.3089;0.3065;0.3077;442330.78
2019-07-24 11:00:00;0.3077;0.3078;0.3059;0.3072;370650.03
2019-07-24 11:30:00;0.3072;0.3086;0.3067;0.3082;241289.4
2019-07-24 12:00:00;0.3082;0.309;0.308;0.3088;283238.98
2019-07-24 12:30:00;0.3088;0.3102;0.3083;0.3093;306016.2199999999
2019-07-24 13:00:00;0.3093;0.3102;0.3084;0.3085;305226.04000000004
2019-07-24 13:30:00;0.3085;0.3094;0.3083;0.3087;297766.73
2019-07-24 14:00:00;0.3087;0.3147;0.308;0.3135;1077637.73
2019-07-24 14:30:00;0.3135;0.3157;0.3135;0.3157;716624.9700000001
2019-07-24 15:00:00;0.3157;0.3184;0.3155;0.3172;753992.4199999998
2019-07-24 15:30:00;0.3172;0.3178;0.3159;0.3177;478711.9599999999
2019-07-24 16:00:00;0.3177;0.3177;0.3098;0.3117;1868845.21
2019-07-24 16:30:00;0.3117;0.3122;0.3101;0.3109;585670.2
2019-07-24 17:00:00;0.3109;0.3134;0.3104;0.313;561517.7400000001
2019-07-24 17:30:00;0.313;0.3141;0.3124;0.3136;214355.12000000002
2019-07-24 18:00:00;0.3136;0.3139;0.312;0.3123;336375.94000000006
2019-07-24 18:30:00;0.3123;0.313;0.3117;0.3129;292244.92000000004
2019-07-24 19:00:00;0.3129;0.3136;0.3114;0.3133;440610.1599999999
2019-07-24 19:30:00;0.3133;0.314;0.3132;0.3134;220869.06
2019-07-24 20:00:00;0.3134;0.3141;0.3122;0.3133;320089.7100000001
2019-07-24 20:30:00;0.3133;0.3165;0.3133;0.3157;456856.78
2019-07-24 21:00:00;0.3157;0.3167;0.3146;0.3151;380840.25000000006
2019-07-24 21:30:00;0.3151;0.3172;0.3147;0.3157;380545.00000000006
2019-07-24 22:00:00;0.3157;0.317;0.3149;0.315;341423.27
2019-07-24 22:30:00;0.315;0.316;0.3145;0.3151;300881.65
2019-07-24 23:00:00;0.3151;0.3155;0.3142;0.3154;184825.5700000001
2019-07-24 23:30:00;0.3154;0.3181;0.3152;0.316;253770.52999999997
2019-07-25 00:00:00;0.316;0.3186;0.3156;0.3185;338292.77
2019-07-25 00:30:00;0.3185;0.3232;0.3181;0.3213;1266713.4
2019-07-25 01:00:00;0.3213;0.3223;0.3195;0.3195;450891.11
2019-07-25 01:30:00;0.3195;0.3207;0.3191;0.3205;362915.37
2019-07-25 02:00:00;0.3205;0.3205;0.3195;0.3201;430849.83999999997
2019-07-25 02:30:00;0.3201;0.3205;0.3197;0.3203;447115.91
2019-07-25 03:00:00;0.3203;0.3215;0.3195;0.3196;822822.9000000001
2019-07-25 03:30:00;0.3196;0.3201;0.3192;0.3192;213347.81000000003
2019-07-25 04:00:00;0.3192;0.3196;0.3183;0.3189;564018.47
2019-07-25 04:30:00;0.3189;0.319;0.3167;0.3173;433845.22000000003
2019-07-25 05:00:00;0.3173;0.3183;0.3169;0.3172;577576.723
2019-07-25 05:30:00;0.3172;0.3182;0.3169;0.3181;184458.34000000005
2019-07-25 06:00:00;0.3181;0.3185;0.3175;0.318;525967.86
2019-07-25 06:30:00;0.318;0.3186;0.3174;0.3184;467617.2399999999
2019-07-25 07:00:00;0.3184;0.3185;0.3176;0.3182;175484.83000000005
2019-07-25 07:30:00;0.3182;0.3187;0.3174;0.3174;187867.84
2019-07-25 08:00:00;0.3174;0.3176;0.317;0.3171;108287.16
2019-07-25 08:30:00;0.3171;0.3187;0.317;0.3179;287984.36
2019-07-25 09:00:00;0.3179;0.3193;0.3177;0.3185;207282.96000000002
2019-07-25 09:30:00;0.3185;0.3192;0.3185;0.3187;80264.87
2019-07-25 10:00:00;0.3187;0.3191;0.3181;0.3187;199968.47
2019-07-25 10:30:00;0.3187;0.3194;0.3184;0.3187;180536.6
2019-07-25 11:00:00;0.3187;0.319;0.3182;0.319;136242.61999999997
2019-07-25 11:30:00;0.319;0.3203;0.3189;0.32;212408.29000000007
2019-07-25 12:00:00;0.32;0.3212;0.3197;0.3209;367590.51999999996
2019-07-25 12:30:00;0.3209;0.3211;0.3199;0.3206;456723.49
2019-07-25 13:00:00;0.3206;0.3206;0.3152;0.317;1376278.7999999993
2019-07-25 13:30:00;0.317;0.317;0.3144;0.3155;458694.82
2019-07-25 14:00:00;0.3155;0.3165;0.3152;0.3162;494787.76
2019-07-25 14:30:00;0.3162;0.3166;0.3155;0.3155;145646.26
2019-07-25 15:00:00;0.3155;0.3161;0.3155;0.3159;213495.87
2019-07-25 15:30:00;0.3159;0.3163;0.3155;0.3159;285252.39999999997
2019-07-25 16:00:00;0.3159;0.3171;0.3146;0.315;639719.4900000001
2019-07-25 16:30:00;0.315;0.3161;0.3143;0.3154;190750.0
2019-07-25 17:00:00;0.3154;0.3161;0.3152;0.3155;172953.46
2019-07-25 17:30:00;0.3155;0.3164;0.3155;0.3161;247173.93999999992
2019-07-25 18:00:00;0.3161;0.3164;0.3154;0.3155;593614.3700000001
2019-07-25 18:30:00;0.3155;0.3158;0.3148;0.3152;558327.8799999999
2019-07-25 19:00:00;0.3152;0.3154;0.3133;0.3153;583656.4899999999
2019-07-25 19:30:00;0.3153;0.3153;0.3119;0.3128;594447.08
2019-07-25 20:00:00;0.3128;0.3134;0.312;0.3132;531227.3600000001
2019-07-25 20:30:00;0.3132;0.3139;0.3127;0.3132;668455.9999999999
2019-07-25 21:00:00;0.3132;0.3135;0.3125;0.3126;309466.68
2019-07-25 21:30:00;0.3126;0.3141;0.312;0.3139;284792.98000000004
2019-07-25 22:00:00;0.3139;0.3151;0.3134;0.3143;283743.55
2019-07-25 22:30:00;0.3143;0.3146;0.3133;0.3139;410854.13999999996
2019-07-25 23:00:00;0.3139;0.3142;0.313;0.3133;240582.55000000002
2019-07-25 23:30:00;0.3133;0.3141;0.313;0.3132;298197.5600000001
2019-07-26 00:00:00;0.3132;0.3136;0.3097;0.3099;911779.9500000002
2019-07-26 00:30:00;0.3099;0.3112;0.309;0.3097;637989.2599999999
2019-07-26 01:00:00;0.3097;0.3098;0.309;0.3097;234964.99000000005
2019-07-26 01:30:00;0.3097;0.3104;0.3095;0.3102;386140.7700000001
2019-07-26 02:00:00;0.3102;0.3104;0.3094;0.3097;266455.82999999996
2019-07-26 02:30:00;0.3097;0.3098;0.3077;0.3093;389477.82
2019-07-26 03:00:00;0.3093;0.3103;0.3084;0.3095;276397.82000000007
2019-07-26 03:30:00;0.3095;0.3107;0.3084;0.3097;512054.4600000001
2019-07-26 04:00:00;0.3097;0.3106;0.3096;0.3103;209189.36000000004
2019-07-26 04:30:00;0.3103;0.311;0.3101;0.311;181116.45
2019-07-26 05:00:00;0.311;0.311;0.3101;0.3103;303621.6800000001
2019-07-26 05:30:00;0.3103;0.3109;0.3103;0.3104;269451.44000000006
2019-07-26 06:00:00;0.3104;0.3107;0.3092;0.3096;164779.74
2019-07-26 06:30:00;0.3096;0.3106;0.309;0.3101;270496.3800000001
2019-07-26 07:00:00;0.3101;0.3115;0.3099;0.3113;235060.41000000003
2019-07-26 07:30:00;0.3113;0.3137;0.3112;0.3128;405593.74
2019-07-26 08:00:00;0.3128;0.313;0.3121;0.313;440654.9
2019-07-26 08:30:00;0.313;0.3152;0.3129;0.3151;220373.11999999997
2019-07-26 09:00:00;0.3151;0.3154;0.3135;0.3135;158079.22000000003
2019-07-26 09:30:00;0.3135;0.3149;0.3134;0.3146;407303.3700000001
2019-07-26 10:00:00;0.3146;0.3152;0.3136;0.3148;150589.82999999993
2019-07-26 10:30:00;0.3148;0.3155;0.3143;0.3153;232126.03
2019-07-26 11:00:00;0.3153;0.3182;0.3153;0.3164;638778.06
2019-07-26 11:30:00;0.3164;0.3175;0.3164;0.3166;160267.63000000006
2019-07-26 12:00:00;0.3166;0.3173;0.315;0.3166;285803.64999999997
2019-07-26 12:30:00;0.3166;0.3172;0.3159;0.3161;308684.08
2019-07-26 13:00:00;0.3161;0.3162;0.3148;0.3154;204166.73999999996
2019-07-26 13:30:00;0.3154;0.3165;0.3152;0.3163;179543.55000000002
2019-07-26 14:00:00;0.3163;0.3168;0.3156;0.3159;206356.06
2019-07-26 14:30:00;0.3159;0.3163;0.3149;0.3161;357049.11000000004
2019-07-26 15:00:00;0.3161;0.3166;0.3152;0.3154;1936187.7100000002
2019-07-26 15:30:00;0.3154;0.3171;0.3153;0.3169;567145.75
2019-07-26 16:00:00;0.3169;0.3187;0.3161;0.3187;529978.41
2019-07-26 16:30:00;0.3187;0.3225;0.3187;0.3202;1319577.79
2019-07-26 17:00:00;0.3202;0.3212;0.3182;0.3212;505863.4500000001
2019-07-26 17:30:00;0.3212;0.3248;0.3212;0.32299999999999995;1311786.1900000004
2019-07-26 18:00:00;0.32299999999999995;0.3255;0.3228;0.3232;1026676.34
2019-07-26 18:30:00;0.3232;0.3242;0.3228;0.3234;706417.0900000001
2019-07-26 19:00:00;0.3234;0.3242;0.3233;0.3236;373875.6099999999
2019-07-26 19:30:00;0.3236;0.3241;0.3231;0.3237;242589.56999999995
2019-07-26 20:00:00;0.3237;0.3247;0.3231;0.3231;506446.32
2019-07-26 20:30:00;0.3231;0.3236;0.3216;0.3223;589145.1300000002
2019-07-26 21:00:00;0.3223;0.3226;0.3208;0.3216;506135.54999999993
2019-07-26 21:30:00;0.3216;0.3226;0.321;0.3224;226609.96999999994
2019-07-26 22:00:00;0.3224;0.32299999999999995;0.322;0.3223;278730.1399999999
2019-07-26 22:30:00;0.3223;0.3247;0.3219;0.3239;340472.9899999999
2019-07-26 23:00:00;0.3239;0.324;0.322;0.3225;233017.42999999996
2019-07-26 23:30:00;0.3225;0.3244;0.3223;0.3239;474158.10000000003
2019-07-27 00:00:00;0.3239;0.3273;0.3223;0.3259;1589057.07
2019-07-27 00:30:00;0.3259;0.3265;0.3254;0.3262;258635.26
2019-07-27 01:00:00;0.3262;0.3265;0.325;0.3254;944116.82
2019-07-27 01:30:00;0.3254;0.3257;0.3241;0.3242;421102.97999999986
2019-07-27 02:00:00;0.3242;0.3251;0.3235;0.3245;329326.17000000004
2019-07-27 02:30:00;0.3245;0.3247;0.3239;0.3244;193766.61000000002
2019-07-27 03:00:00;0.3244;0.3244;0.3228;0.3235;380878.80999999994
2019-07-27 03:30:00;0.3235;0.3236;0.3229;0.3231;141760.86000000002
2019-07-27 04:00:00;0.3231;0.3235;0.32299999999999995;0.32299999999999995;144896.94000000003
2019-07-27 04:30:00;0.32299999999999995;0.32299999999999995;0.3219;0.3223;129309.75999999998
2019-07-27 05:00:00;0.3223;0.3224;0.3213;0.3218;410692.47
2019-07-27 05:30:00;0.3218;0.3224;0.3214;0.3221;246455.67
2019-07-27 06:00:00;0.3221;0.3228;0.3219;0.3226;230222.01999999996
2019-07-27 06:30:00;0.3226;0.3226;0.3189;0.3193;617829.18
2019-07-27 07:00:00;0.3193;0.3202;0.3189;0.3191;219593.37000000002
2019-07-27 07:30:00;0.3191;0.3209;0.3191;0.32;1230048.23
2019-07-27 08:00:00;0.32;0.32;0.3188;0.3194;546628.3600000001
2019-07-27 08:30:00;0.3194;0.3202;0.3194;0.32;95257.45
2019-07-27 09:00:00;0.32;0.3201;0.3194;0.3195;121930.65
2019-07-27 09:30:00;0.3195;0.32;0.3191;0.3191;96201.06999999998
2019-07-27 10:00:00;0.3191;0.3191;0.3089;0.3109;2004902.7099999997
2019-07-27 10:30:00;0.3109;0.3111;0.306;0.3082;1737409.1199999996
2019-07-27 11:00:00;0.3082;0.3096;0.3079;0.3084;684695.9399999998
2019-07-27 11:30:00;0.3084;0.309;0.307;0.3089;677351.22
2019-07-27 12:00:00;0.3089;0.3092;0.3065;0.3074;646870.2200000002
2019-07-27 12:30:00;0.3074;0.309;0.3061;0.3087;630628.6399999999
2019-07-27 13:00:00;0.3087;0.3098;0.3079;0.3094;583122.8899999999
2019-07-27 13:30:00;0.3094;0.3103;0.3087;0.3088;436941.13
2019-07-27 14:00:00;0.3088;0.3097;0.3081;0.3086;505831.38999999996
2019-07-27 14:30:00;0.3086;0.3093;0.3082;0.3084;167272.85000000003
2019-07-27 15:00:00;0.3084;0.3094;0.3052;0.3091;1245448.5800000003
2019-07-27 15:30:00;0.3091;0.31;0.3087;0.3089;320013.79
2019-07-27 16:00:00;0.3089;0.31;0.3085;0.3097;406912.16000000003
2019-07-27 16:30:00;0.3097;0.3101;0.3092;0.3093;165632.76
2019-07-27 17:00:00;0.3093;0.31;0.3087;0.3094;318022.07
2019-07-27 17:30:00;0.3094;0.31;0.3092;0.3096;195803.94999999998
2019-07-27 18:00:00;0.3096;0.3097;0.3087;0.3087;197688.04000000004
2019-07-27 18:30:00;0.3087;0.309;0.3075;0.3078;374307.32999999996
2019-07-27 19:00:00;0.3078;0.3097;0.3077;0.3096;314969.06
2019-07-27 19:30:00;0.3096;0.3099;0.3088;0.3088;324548.72000000003
2019-07-27 20:00:00;0.3088;0.3096;0.3086;0.3094;210987.05000000002
2019-07-27 20:30:00;0.3094;0.3097;0.3089;0.3091;165772.74000000002
2019-07-27 21:00:00;0.3091;0.3095;0.3088;0.3088;177848.85000000003
2019-07-27 21:30:00;0.3088;0.3098;0.3088;0.3093;138697.98999999996
2019-07-27 22:00:00;0.3093;0.3106;0.3091;0.3101;169068.41000000003
2019-07-27 22:30:00;0.3101;0.3112;0.3089;0.3096;1300091.9000000004
2019-07-27 23:00:00;0.3096;0.3099;0.3093;0.3096;145922.85
2019-07-27 23:30:00;0.3096;0.3103;0.3089;0.3095;526065.56
2019-07-28 00:00:00;0.3095;0.3096;0.308;0.309;289031.0800000001
2019-07-28 00:30:00;0.309;0.3096;0.3084;0.3086;167162.54
2019-07-28 01:00:00;0.3086;0.3097;0.3086;0.3095;135834.36
2019-07-28 01:30:00;0.3095;0.3102;0.3094;0.3099;300590.05
2019-07-28 02:00:00;0.3099;0.3103;0.3095;0.31;277312.23
2019-07-28 02:30:00;0.31;0.3103;0.3097;0.3098;163540.22000000003
2019-07-28 03:00:00;0.3098;0.3103;0.3097;0.3103;191560.06999999998
2019-07-28 03:30:00;0.3103;0.3104;0.3096;0.3097;221404.21000000002
2019-07-28 04:00:00;0.3097;0.3106;0.3097;0.3105;134043.28
2019-07-28 04:30:00;0.3105;0.3119;0.3101;0.311;706196.6499999997
2019-07-28 05:00:00;0.311;0.3116;0.3106;0.3107;215786.70000000004
2019-07-28 05:30:00;0.3107;0.3111;0.3105;0.311;87010.07
2019-07-28 06:00:00;0.311;0.3122;0.311;0.311;140097.40999999995
2019-07-28 06:30:00;0.311;0.3113;0.3103;0.3112;106764.90000000002
2019-07-28 07:00:00;0.3112;0.3119;0.3107;0.3112;113518.26
2019-07-28 07:30:00;0.3112;0.3115;0.3104;0.3104;129878.3639
2019-07-28 08:00:00;0.3104;0.3106;0.3093;0.3098;451183.78
2019-07-28 08:30:00;0.3098;0.3106;0.3096;0.3102;122196.28099999999
2019-07-28 09:00:00;0.3102;0.3104;0.3097;0.3097;92570.97400000002
2019-07-28 09:30:00;0.3097;0.31;0.3078;0.3081;162509.00999999998
2019-07-28 10:00:00;0.3081;0.3084;0.3061;0.3063;306002.17000000004
2019-07-28 10:30:00;0.3063;0.3083;0.3059;0.3076;374314.18999999994
2019-07-28 11:00:00;0.3076;0.3082;0.3074;0.3078;245867.25999999995
2019-07-28 11:30:00;0.3078;0.3111;0.3076;0.3105;408819.67
2019-07-28 12:00:00;0.3105;0.3106;0.309;0.3094;326877.1899999999
2019-07-28 12:30:00;0.3094;0.31;0.3087;0.3089;420024.97
2019-07-28 13:00:00;0.3089;0.3093;0.3083;0.3084;262114.84
2019-07-28 13:30:00;0.3084;0.3089;0.3081;0.3088;165588.34
2019-07-28 14:00:00;0.3088;0.3092;0.3083;0.3086;494130.8300000001
2019-07-28 14:30:00;0.3086;0.3091;0.3081;0.3082;228789.84
2019-07-28 15:00:00;0.3082;0.3093;0.308;0.3091;237244.32
2019-07-28 15:30:00;0.3091;0.3094;0.3087;0.309;142292.4
2019-07-28 16:00:00;0.309;0.3092;0.3082;0.3083;182620.57
2019-07-28 16:30:00;0.3083;0.3086;0.3073;0.3075;227730.1
2019-07-28 17:00:00;0.3075;0.308;0.3068;0.3076;443577.81999999995
2019-07-28 17:30:00;0.3076;0.3094;0.3076;0.3089;188595.32
2019-07-28 18:00:00;0.3089;0.3093;0.3074;0.3076;152648.87
2019-07-28 18:30:00;0.3076;0.3083;0.3075;0.3082;171403.27000000002
2019-07-28 19:00:00;0.3082;0.309;0.3081;0.3086;183176.43
2019-07-28 19:30:00;0.3086;0.3092;0.3082;0.3088;126463.40000000001
2019-07-28 20:00:00;0.3088;0.309;0.3074;0.3078;211557.99
2019-07-28 20:30:00;0.3078;0.3087;0.3075;0.3086;261583.51
2019-07-28 21:00:00;0.3086;0.3086;0.3076;0.308;171344.55
2019-07-28 21:30:00;0.308;0.3083;0.307;0.3071;197242.07999999996
2019-07-28 22:00:00;0.3071;0.3074;0.3011;0.3011;1545595.5300000003
2019-07-28 22:30:00;0.3011;0.3145;0.2995;0.3092;3628175.709999999
2019-07-28 23:00:00;0.3092;0.3101;0.3082;0.3095;524989.61
2019-07-28 23:30:00;0.3095;0.3125;0.3094;0.3115;614122.6600000001
2019-07-29 00:00:00;0.3115;0.3124;0.3104;0.3117;378735.2
2019-07-29 00:30:00;0.3117;0.3117;0.3104;0.3109;143040.00000000003
2019-07-29 01:00:00;0.3109;0.3122;0.3105;0.3119;224273.18999999994
2019-07-29 01:30:00;0.3119;0.3142;0.3116;0.3121;556458.9599999998
2019-07-29 02:00:00;0.3121;0.3125;0.3112;0.3116;215095.58999999994
2019-07-29 02:30:00;0.3116;0.3123;0.3111;0.312;147515.45
2019-07-29 03:00:00;0.312;0.3125;0.3119;0.3122;85087.87999999999
2019-07-29 03:30:00;0.3122;0.3122;0.3113;0.3117;109315.95999999998
2019-07-29 04:00:00;0.3117;0.3122;0.3117;0.3117;86240.99999999999
2019-07-29 04:30:00;0.3117;0.3122;0.3113;0.3118;113574.84999999996
2019-07-29 05:00:00;0.3118;0.3119;0.31;0.3106;795776.8600000001
2019-07-29 05:30:00;0.3106;0.3109;0.3102;0.3103;92784.49999999999
2019-07-29 06:00:00;0.3103;0.3103;0.3096;0.3099;116886.23
2019-07-29 06:30:00;0.3099;0.3108;0.3099;0.3101;192568.03999999998
2019-07-29 07:00:00;0.3101;0.311;0.31;0.3108;58564.67999999998
2019-07-29 07:30:00;0.3108;0.3112;0.3105;0.3108;263933.882
2019-07-29 08:00:00;0.3108;0.3109;0.31;0.31;442323.45999999996
2019-07-29 08:30:00;0.31;0.3105;0.3097;0.3097;190043.44999999998
2019-07-29 09:00:00;0.3097;0.3102;0.308;0.3086;250144.02000000002
2019-07-29 09:30:00;0.3086;0.3087;0.3065;0.3078;390809.68
2019-07-29 10:00:00;0.3078;0.3087;0.3076;0.308;220521.57000000007
2019-07-29 10:30:00;0.308;0.3085;0.3076;0.3081;237492.72999999995
2019-07-29 11:00:00;0.3081;0.3086;0.3077;0.3081;391736.81
2019-07-29 11:30:00;0.3081;0.3081;0.3068;0.307;481305.82000000007
2019-07-29 12:00:00;0.307;0.3079;0.3069;0.3075;157282.53999999998
2019-07-29 12:30:00;0.3075;0.3096;0.3074;0.3096;310762.0800000001
2019-07-29 13:00:00;0.3096;0.31;0.3083;0.3091;250151.18999999997
2019-07-29 13:30:00;0.3091;0.3099;0.3089;0.3093;212913.69
2019-07-29 14:00:00;0.3093;0.3097;0.3087;0.3087;104874.46
2019-07-29 14:30:00;0.3087;0.3091;0.3084;0.3086;145551.58000000002
2019-07-29 15:00:00;0.3086;0.3092;0.3082;0.3088;250429.29000000004
2019-07-29 15:30:00;0.3088;0.3098;0.3076;0.308;241441.20999999993
2019-07-29 16:00:00;0.308;0.3116;0.3056;0.3101;1233833.8099999996
2019-07-29 16:30:00;0.3101;0.3106;0.3095;0.31;357411.83
2019-07-29 17:00:00;0.31;0.31;0.3091;0.3095;134473.86
2019-07-29 17:30:00;0.3095;0.3101;0.3079;0.3091;488113.05
2019-07-29 18:00:00;0.3091;0.3095;0.3086;0.309;170826.39999999997
2019-07-29 18:30:00;0.309;0.31;0.3087;0.3095;251421.13
2019-07-29 19:00:00;0.3095;0.31;0.3088;0.3095;279511.8599999999
2019-07-29 19:30:00;0.3095;0.3098;0.3088;0.3089;200106.57
2019-07-29 20:00:00;0.3089;0.3096;0.3087;0.3093;124080.76
2019-07-29 20:30:00;0.3093;0.3107;0.3092;0.3104;168692.73
2019-07-29 21:00:00;0.3104;0.3109;0.3102;0.3105;129908.48000000001
2019-07-29 21:30:00;0.3105;0.3108;0.3093;0.3095;156210.73
2019-07-29 22:00:00;0.3095;0.3099;0.3089;0.3093;198083.99000000002
2019-07-29 22:30:00;0.3093;0.3103;0.3089;0.31;216053.74999999997
2019-07-29 23:00:00;0.31;0.3103;0.3096;0.31;212279.05000000002
2019-07-29 23:30:00;0.31;0.3102;0.3087;0.3098;207711.19
2019-07-30 00:00:00;0.3098;0.3105;0.3097;0.3099;127196.95999999999
2019-07-30 00:30:00;0.3099;0.3107;0.3097;0.3102;121155.69000000002
2019-07-30 01:00:00;0.3102;0.3104;0.3096;0.3097;132826.50999999998
2019-07-30 01:30:00;0.3097;0.31;0.3086;0.3087;190346.02999999997
2019-07-30 02:00:00;0.3087;0.3089;0.3079;0.3086;205794.65
2019-07-30 02:30:00;0.3086;0.309;0.3068;0.3076;212762.62
2019-07-30 03:00:00;0.3076;0.3082;0.3069;0.3079;152402.44
2019-07-30 03:30:00;0.3079;0.3083;0.3074;0.3077;186589.34
2019-07-30 04:00:00;0.3077;0.3083;0.3075;0.3081;75698.94
2019-07-30 04:30:00;0.3081;0.3083;0.3077;0.3079;56956.44999999999
2019-07-30 05:00:00;0.3079;0.3081;0.3072;0.3074;88734.40599999999
2019-07-30 05:30:00;0.3074;0.3084;0.3072;0.3082;167309.75
2019-07-30 06:00:00;0.3082;0.3094;0.3079;0.3092;79938.77
2019-07-30 06:30:00;0.3092;0.3107;0.3091;0.3105;118318.66000000002
2019-07-30 07:00:00;0.3105;0.311;0.3095;0.3095;232690.36000000004
2019-07-30 07:30:00;0.3095;0.3101;0.3093;0.3097;103606.36
2019-07-30 08:00:00;0.3097;0.3101;0.3094;0.3095;410866.95
2019-07-30 08:30:00;0.3095;0.3098;0.3092;0.3092;68791.238
2019-07-30 09:00:00;0.3092;0.3101;0.3092;0.3099;82603.47000000002
2019-07-30 09:30:00;0.3099;0.3107;0.3097;0.3104;82433.427
2019-07-30 10:00:00;0.3104;0.3114;0.3103;0.311;120021.24000000003
2019-07-30 10:30:00;0.311;0.315;0.311;0.3148;772228.2499999999
2019-07-30 11:00:00;0.3148;0.3199;0.3148;0.3175;1312980.26
2019-07-30 11:30:00;0.3175;0.3184;0.317;0.3179;478834.60000000003
2019-07-30 12:00:00;0.3179;0.3181;0.316;0.3168;323607.68
2019-07-30 12:30:00;0.3168;0.3174;0.3166;0.3167;255492.61999999997
2019-07-30 13:00:00;0.3167;0.3169;0.3152;0.3154;243163.08999999994
2019-07-30 13:30:00;0.3154;0.317;0.3152;0.3167;283666.43
2019-07-30 14:00:00;0.3167;0.3189;0.3166;0.3187;413702.13999999996
2019-07-30 14:30:00;0.3187;0.3198;0.3183;0.3189;857375.1399999998
2019-07-30 15:00:00;0.3189;0.3213;0.3189;0.3195;1325094.9999999998
2019-07-30 15:30:00;0.3195;0.3197;0.3179;0.319;521138.3
2019-07-30 16:00:00;0.319;0.3202;0.3185;0.3201;448667.6400000001
2019-07-30 16:30:00;0.3201;0.3217;0.3195;0.3217;521891.9399999999
2019-07-30 17:00:00;0.3217;0.3219;0.3192;0.3194;541439.96
2019-07-30 17:30:00;0.3194;0.3197;0.3189;0.3193;294294.88
2019-07-30 18:00:00;0.3193;0.3198;0.319;0.3196;236218.19000000003
2019-07-30 18:30:00;0.3196;0.3201;0.3192;0.3199;297031.92000000004
2019-07-30 19:00:00;0.3199;0.3208;0.3186;0.3198;619020.61
2019-07-30 19:30:00;0.3198;0.3199;0.3189;0.3192;314265.6500000001
2019-07-30 20:00:00;0.3192;0.3196;0.3169;0.3174;355510.62
2019-07-30 20:30:00;0.3174;0.3182;0.317;0.3177;234569.25
2019-07-30 21:00:00;0.3177;0.3179;0.3168;0.3173;327988.1200000001
2019-07-30 21:30:00;0.3173;0.3183;0.3171;0.3179;180295.74
2019-07-30 22:00:00;0.3179;0.3184;0.3178;0.3181;102913.37
2019-07-30 22:30:00;0.3181;0.3194;0.3181;0.3181;283369.21
2019-07-30 23:00:00;0.3181;0.3187;0.318;0.3185;153104.46
2019-07-30 23:30:00;0.3185;0.319;0.3184;0.3188;86344.70999999999
2019-07-31 00:00:00;0.3188;0.3206;0.3186;0.3201;338102.5099999999
2019-07-31 00:30:00;0.3201;0.3207;0.3201;0.3206;251516.75
2019-07-31 01:00:00;0.3206;0.321;0.3196;0.3203;261403.22999999995
2019-07-31 01:30:00;0.3203;0.3207;0.32;0.3204;250912.25000000003
2019-07-31 02:00:00;0.3204;0.321;0.3199;0.32;372572.89999999997
2019-07-31 02:30:00;0.32;0.3201;0.3187;0.3191;190341.49999999997
2019-07-31 03:00:00;0.3191;0.3192;0.3186;0.3187;191241.35999999996
2019-07-31 03:30:00;0.3187;0.3188;0.3176;0.3186;234337.58000000002
2019-07-31 04:00:00;0.3186;0.3189;0.3176;0.3177;162034.24000000002
2019-07-31 04:30:00;0.3177;0.3188;0.3175;0.3187;106341.68
2019-07-31 05:00:00;0.3187;0.3198;0.3185;0.3197;103399.45000000003
2019-07-31 05:30:00;0.3197;0.3208;0.3192;0.3193;200032.68
2019-07-31 06:00:00;0.3193;0.3202;0.3191;0.3202;120297.73000000001
2019-07-31 06:30:00;0.3202;0.3203;0.3196;0.3198;136832.89999999997
2019-07-31 07:00:00;0.3198;0.3203;0.3192;0.3199;192611.27000000002
2019-07-31 07:30:00;0.3199;0.3203;0.3193;0.3195;145973.13
2019-07-31 08:00:00;0.3195;0.3198;0.3192;0.3194;458801.48999999993
2019-07-31 08:30:00;0.3194;0.3197;0.3192;0.3192;101190.40999999996
2019-07-31 09:00:00;0.3192;0.3192;0.3186;0.3191;168029.93000000005
2019-07-31 09:30:00;0.3191;0.3197;0.3187;0.3194;170639.78
2019-07-31 10:00:00;0.3194;0.3204;0.3194;0.32;218929.15000000005
2019-07-31 10:30:00;0.32;0.3207;0.3199;0.3205;294152.69
2019-07-31 11:00:00;0.3205;0.3206;0.3197;0.3199;191222.78999999995
2019-07-31 11:30:00;0.3199;0.3203;0.3197;0.3201;155788.77000000002
2019-07-31 12:00:00;0.3201;0.3234;0.3201;0.3225;689292.0
2019-07-31 12:30:00;0.3225;0.3237;0.3214;0.3219;454374.39
2019-07-31 13:00:00;0.3219;0.3224;0.3212;0.3218;348676.58
2019-07-31 13:30:00;0.3218;0.3225;0.3213;0.3216;399628.07000000007
2019-07-31 14:00:00;0.3216;0.3223;0.3198;0.3211;816783.5
2019-07-31 14:30:00;0.3211;0.3213;0.3203;0.3207;252422.52000000002
2019-07-31 15:00:00;0.3207;0.3215;0.3191;0.3199;521946.33
2019-07-31 15:30:00;0.3199;0.3206;0.3197;0.3201;440897.49
2019-07-31 16:00:00;0.3201;0.3206;0.3191;0.3192;382957.26999999996
2019-07-31 16:30:00;0.3192;0.3196;0.3184;0.3187;341144.09
2019-07-31 17:00:00;0.3187;0.3191;0.3182;0.3185;288225.62
2019-07-31 17:30:00;0.3185;0.3187;0.3178;0.3179;364266.18999999994
2019-07-31 18:00:00;0.3179;0.318;0.316;0.3168;1059492.58
2019-07-31 18:30:00;0.3168;0.3174;0.3163;0.3163;1271193.64
2019-07-31 19:00:00;0.3163;0.3165;0.316;0.316;405219.73000000004
2019-07-31 19:30:00;0.316;0.3163;0.3154;0.3159;428097.31
2019-07-31 20:00:00;0.3159;0.317;0.3159;0.3167;1000126.8500000001
2019-07-31 20:30:00;0.3167;0.3176;0.3166;0.3175;331826.85
2019-07-31 21:00:00;0.3175;0.3181;0.3173;0.3181;253063.06
2019-07-31 21:30:00;0.3181;0.3181;0.3173;0.3173;153861.05
2019-07-31 22:00:00;0.3173;0.3174;0.3165;0.3168;380954.54
2019-07-31 22:30:00;0.3168;0.3184;0.3166;0.3183;314995.36999999994
2019-07-31 23:00:00;0.3183;0.3199;0.3179;0.3196;176874.02000000002
2019-07-31 23:30:00;0.3196;0.3201;0.319;0.3199;259906.36999999994
