datetime;open;high;low;close;volume;gap;timestamp
2017-10-02 09:30:00;32.87;32.92;32.87;32.92;201622.0;0.0;1506936600
2017-10-02 10:00:00;32.92;32.97;32.89;32.935;242965.0;0.0;1506938400
2017-10-02 10:30:00;32.935;32.98;32.9234;32.95;312518.0;0.0;1506940200
2017-10-02 11:00:00;32.96;33.02;32.96;33.02;133301.0;0.0;1506942000
2017-10-02 11:30:00;33.01;33.09;33.0;33.05;311079.0;0.0;1506943800
2017-10-02 12:00:00;33.04;33.1065;33.035;33.094;73106.0;0.0;1506945600
2017-10-02 12:30:00;33.099000000000004;33.13;33.085;33.125;73566.0;0.0;1506947400
2017-10-02 13:00:00;33.121;33.14;33.095;33.095;366342.0;0.0;1506949200
2017-10-02 13:30:00;33.095;33.12;33.08;33.12;125083.0;0.0;1506951000
2017-10-02 14:00:00;33.11;33.16;33.1;33.16;112752.0;0.0;1506952800
2017-10-02 14:30:00;33.16;33.165;33.14;33.15;78943.0;0.0;1506954600
2017-10-02 15:00:00;33.15;33.155;33.12;33.13;89426.0;0.0;1506956400
2017-10-02 15:30:00;33.13;33.17;33.121;33.14;436119.0;0.0;1506958200
2017-10-02 16:00:00;33.145;33.155;33.14;33.14;193300.0;0.0;1506960000
2017-10-03 09:30:00;32.92;33.0;32.92;32.99;111935.0;0.0;1507023000
2017-10-03 10:00:00;32.99;33.03;32.98;33.0;61000.0;0.0;1507024800
2017-10-03 10:30:00;33.01;33.08;32.99;33.08;39486.0;0.0;1507026600
2017-10-03 11:00:00;33.09;33.14;33.085;33.135;80122.0;0.0;1507028400
2017-10-03 11:30:00;33.14;33.18;33.0963;33.126999999999995;72607.0;0.0;1507030200
2017-10-03 12:00:00;33.125;33.125;33.095;33.11;32698.0;0.0;1507032000
2017-10-03 12:30:00;33.12;33.13;33.1;33.115;35869.0;0.0;1507033800
2017-10-03 13:00:00;33.11;33.12;33.08;33.09;593847.0;0.0;1507035600
2017-10-03 13:30:00;33.09;33.09;33.07;33.075;51387.0;0.0;1507037400
2017-10-03 14:00:00;33.08;33.085;33.07;33.08;221252.0;0.0;1507039200
2017-10-03 14:30:00;33.0705;33.12;33.07;33.1153;89783.0;0.0;1507041000
2017-10-03 15:00:00;33.1132;33.119;33.09;33.0945;218382.0;0.0;1507042800
2017-10-03 15:30:00;33.095;33.1;33.075;33.1;637391.0;0.0;1507044600
2017-10-03 16:00:00;33.1;33.1;33.09;33.09;80706.0;0.0;1507046400
2017-10-04 09:30:00;32.36;32.38;32.3;32.37;505952.0;0.0;1507109400
2017-10-04 10:00:00;32.37;32.385;32.26;32.28;194939.0;0.0;1507111200
2017-10-04 10:30:00;32.2799;32.3;32.16;32.1726;317962.0;0.0;1507113000
2017-10-04 11:00:00;32.17;32.18;32.1;32.125;595517.0;0.0;1507114800
2017-10-04 11:30:00;32.13;32.19;32.09;32.1831;935268.0;0.0;1507116600
2017-10-04 12:00:00;32.1828;32.1993;32.17;32.17;101294.0;0.0;1507118400
2017-10-04 12:30:00;32.17;32.17;32.12;32.1384;326232.0;0.0;1507120200
2017-10-04 13:00:00;32.13;32.14;32.1;32.11;276078.0;0.0;1507122000
2017-10-04 13:30:00;32.11;32.14;32.09;32.11;833129.0;0.0;1507123800
2017-10-04 14:00:00;32.115;32.115;32.04;32.04;568258.0;0.0;1507125600
2017-10-04 14:30:00;32.04;32.105;32.04;32.1;438329.0;0.0;1507127400
2017-10-04 15:00:00;32.1;32.1191;32.08;32.0999;709122.0;0.0;1507129200
2017-10-04 15:30:00;32.1;32.1;32.02;32.08;2001274.0;0.0;1507131000
2017-10-04 16:00:00;32.08;32.12;32.07;32.07;255572.0;0.0;1507132800
2017-10-05 09:30:00;32.62;33.13;32.59;32.88;2986665.0;0.0;1507195800
2017-10-05 10:00:00;32.89;32.96;32.83;32.83;815384.0;0.0;1507197600
2017-10-05 10:30:00;32.83;32.93;32.81;32.89;965999.0;0.0;1507199400
2017-10-05 11:00:00;32.89;32.93;32.87;32.9038;611797.0;0.0;1507201200
2017-10-05 11:30:00;32.91;32.92;32.88;32.88;766642.0;0.0;1507203000
2017-10-05 12:00:00;32.88;32.9;32.87;32.895;586028.0;0.0;1507204800
2017-10-05 12:30:00;32.895;32.9;32.81;32.87;1550881.0;0.0;1507206600
2017-10-05 13:00:00;32.87;32.895;32.86;32.86;321397.0;0.0;1507208400
2017-10-05 13:30:00;32.865;32.87;32.825;32.83;305918.0;0.0;1507210200
2017-10-05 14:00:00;32.835;32.84;32.745;32.745;537613.0;0.0;1507212000
2017-10-05 14:30:00;32.745;32.77;32.73;32.765;404278.0;0.0;1507213800
2017-10-05 15:00:00;32.77;32.78;32.725;32.73;365830.0;0.0;1507215600
2017-10-05 15:30:00;32.73;32.775;32.73;32.76;886135.0;0.0;1507217400
2017-10-05 16:00:00;32.75;32.8287;32.75;32.8287;2122960.0;0.0;1507219200
2017-10-06 09:30:00;32.82;32.9;32.78;32.85;1026434.0;0.0;1507282200
2017-10-06 10:00:00;32.85;32.86;32.73;32.8;984965.0;0.0;1507284000
2017-10-06 10:30:00;32.81;32.835;32.74;32.81;412013.0;0.0;1507285800
2017-10-06 11:00:00;32.805;32.97;32.805;32.905;2171907.0;0.0;1507287600
2017-10-06 11:30:00;32.9;32.93;32.87;32.87;258242.0;0.0;1507289400
2017-10-06 12:00:00;32.875;32.8856;32.83;32.835;312001.0;0.0;1507291200
2017-10-06 12:30:00;32.835;32.85;32.82;32.82;293826.0;0.0;1507293000
2017-10-06 13:00:00;32.825;32.84;32.815;32.83;298533.0;0.0;1507294800
2017-10-06 13:30:00;32.83;32.84;32.815;32.815;269949.0;0.0;1507296600
2017-10-06 14:00:00;32.815;32.835;32.8;32.81;294976.0;0.0;1507298400
2017-10-06 14:30:00;32.81;32.835;32.81;32.83;287988.0;0.0;1507300200
2017-10-06 15:00:00;32.83;32.84;32.81;32.83;292182.0;0.0;1507302000
2017-10-06 15:30:00;32.825;32.88;32.825;32.86;1195060.0;0.0;1507303800
2017-10-06 16:00:00;32.86;32.9;32.8355;32.87;2169292.0;0.0;1507305600
2017-10-09 09:30:00;33.1;33.14;33.06;33.06;235389.0;0.0;1507541400
2017-10-09 10:00:00;33.06;33.08;33.04;33.055;91770.0;0.0;1507543200
2017-10-09 10:30:00;33.055;33.0652;33.03;33.05;24572.0;0.0;1507545000
2017-10-09 11:00:00;33.05;33.07;33.03;33.06;72644.0;0.0;1507546800
2017-10-09 11:30:00;33.067;33.08;33.03;33.04;176894.0;0.0;1507548600
2017-10-09 12:00:00;33.047;33.07;33.035;33.066;51876.0;0.0;1507550400
2017-10-09 12:30:00;33.065;33.065;33.03;33.0339;32250.0;0.0;1507552200
2017-10-09 13:00:00;33.04;33.08;33.04;33.065;31564.0;0.0;1507554000
2017-10-09 13:30:00;33.0665;33.0665;33.05;33.05;11941.0;0.0;1507555800
2017-10-09 14:00:00;33.05;33.05;32.98;33.045;995788.0;0.0;1507557600
2017-10-09 14:30:00;33.045;33.055;33.03;33.03;46908.0;0.0;1507559400
2017-10-09 15:00:00;33.03;33.03;33.01;33.03;63555.0;0.0;1507561200
2017-10-09 15:30:00;33.025;33.03;32.95;33.02;1145462.0;0.0;1507563000
2017-10-09 16:00:00;33.02;33.02;33.01;33.01;43635.0;0.0;1507564800
2017-10-10 09:30:00;32.81;32.95;32.81;32.92;2103133.0;0.0;1507627800
2017-10-10 10:00:00;32.92;32.925;32.81;32.87;276793.0;0.0;1507629600
2017-10-10 10:30:00;32.875;32.8968;32.82;32.8933;45774.0;0.0;1507631400
2017-10-10 11:00:00;32.89;32.99;32.88;32.925;113753.0;0.0;1507633200
2017-10-10 11:30:00;32.92;32.94;32.9;32.935;109707.0;0.0;1507635000
2017-10-10 12:00:00;32.93;33.24;32.88;33.12;1206235.0;0.0;1507636800
2017-10-10 12:30:00;33.12;33.12;33.01;33.04;683668.0;0.0;1507638600
2017-10-10 13:00:00;33.04;33.28;33.01;33.075;1610219.0;0.0;1507640400
2017-10-10 13:30:00;33.08;33.67;32.79;33.525;4127460.0;0.0;1507642200
2017-10-10 14:00:00;33.53;33.555;33.42;33.49;479358.0;0.0;1507644000
2017-10-10 14:30:00;33.49;33.535;33.49;33.5292;100982.0;0.0;1507645800
2017-10-10 15:00:00;33.523;33.55;33.5;33.525;175689.0;0.0;1507647600
2017-10-10 15:30:00;33.525;33.585;33.5;33.52;755470.0;0.0;1507649400
2017-10-10 16:00:00;33.52;33.61;33.49;33.5;387848.0;0.0;1507651200
2017-10-11 09:30:00;33.43;33.47;33.395;33.455;517864.0;0.0;1507714200
2017-10-11 10:00:00;33.46;33.47;33.43;33.455;251314.0;0.0;1507716000
2017-10-11 10:30:00;33.455;33.5;33.42;33.49;235780.0;0.0;1507717800
2017-10-11 11:00:00;33.49;33.53;33.48;33.485;243991.0;0.0;1507719600
2017-10-11 11:30:00;33.485;33.485;33.425;33.46;190391.0;0.0;1507721400
2017-10-11 12:00:00;33.46;33.507;33.45;33.4866;750174.0;0.0;1507723200
2017-10-11 12:30:00;33.4899;33.51;33.48;33.5;20403.0;0.0;1507725000
2017-10-11 13:00:00;33.51;33.51;33.49;33.51;16834.0;0.0;1507726800
2017-10-11 13:30:00;33.515;33.515;33.49;33.4999;17496.0;0.0;1507728600
2017-10-11 14:00:00;33.5;33.56;33.5;33.515;87991.0;0.0;1507730400
2017-10-11 14:30:00;33.52;33.54;33.51;33.53;34476.0;0.0;1507732200
2017-10-11 15:00:00;33.53;33.59;33.53;33.55;175159.0;0.0;1507734000
2017-10-11 15:30:00;33.56;33.599000000000004;33.515;33.52;821640.0;0.0;1507735800
2017-10-11 16:00:00;33.52;33.53;33.5;33.52;269331.0;0.0;1507737600
2017-10-12 09:30:00;33.41;33.41;33.28;33.285;484140.0;0.0;1507800600
2017-10-12 10:00:00;33.28;33.34;33.26;33.33;198520.0;0.0;1507802400
2017-10-12 10:30:00;33.33;33.35;33.31;33.34;152478.0;0.0;1507804200
2017-10-12 11:00:00;33.335;33.39;33.33;33.35;327151.0;0.0;1507806000
2017-10-12 11:30:00;33.36;33.43;33.36;33.43;515922.0;0.0;1507807800
2017-10-12 12:00:00;33.43;33.49;33.43;33.469;352459.0;0.0;1507809600
2017-10-12 12:30:00;33.47;33.47;33.441;33.4566;31608.0;0.0;1507811400
2017-10-12 13:00:00;33.46;33.48;33.46;33.48;29494.0;0.0;1507813200
2017-10-12 13:30:00;33.48;33.48;33.45;33.47;42753.0;0.0;1507815000
2017-10-12 14:00:00;33.47;33.47;33.44;33.44;29392.0;0.0;1507816800
2017-10-12 14:30:00;33.45;33.45;33.41;33.41;19791.0;0.0;1507818600
2017-10-12 15:00:00;33.41;33.42;33.39;33.41;61418.0;0.0;1507820400
2017-10-12 15:30:00;33.41;33.41;33.36;33.38;395568.0;0.0;1507822200
2017-10-12 16:00:00;33.38;33.39;33.38;33.39;58357.0;0.0;1507824000
2017-10-13 09:30:00;33.35;33.39;33.3005;33.385;85267.0;0.0;1507887000
2017-10-13 10:00:00;33.38;33.43;33.38;33.4;55763.0;0.0;1507888800
2017-10-13 10:30:00;33.4;33.41;33.35;33.36;34341.0;0.0;1507890600
2017-10-13 11:00:00;33.3716;33.4;33.35;33.39;739566.0;0.0;1507892400
2017-10-13 11:30:00;33.389;33.39;33.325;33.375;250736.0;0.0;1507894200
2017-10-13 12:00:00;33.38;33.41;33.37;33.41;102245.0;0.0;1507896000
2017-10-13 12:30:00;33.4;33.42;33.375;33.375;170229.0;0.0;1507897800
2017-10-13 13:00:00;33.38;33.3871;33.36;33.38;8629.0;0.0;1507899600
2017-10-13 13:30:00;33.3744;33.38;33.345;33.35;18059.0;0.0;1507901400
2017-10-13 14:00:00;33.35;33.35;33.33;33.35;29873.0;0.0;1507903200
2017-10-13 14:30:00;33.35;33.36;33.33;33.3469;29995.0;0.0;1507905000
2017-10-13 15:00:00;33.34;33.35;33.34;33.35;29418.0;0.0;1507906800
2017-10-13 15:30:00;33.35;33.35;33.29;33.32;869665.0;0.0;1507908600
2017-10-13 16:00:00;33.32;33.325;33.29;33.29;64298.0;0.0;1507910400
2017-10-16 09:30:00;33.02;33.03;32.96;32.9651;113629.0;0.0;1508146200
2017-10-16 10:00:00;32.969;32.97;32.88;32.9;66688.0;0.0;1508148000
2017-10-16 10:30:00;32.9;32.945;32.83;32.855;48187.0;0.0;1508149800
2017-10-16 11:00:00;32.855;32.97;32.8548;32.97;89315.0;0.0;1508151600
2017-10-16 11:30:00;32.97;32.98;32.92;32.925;96477.0;0.0;1508153400
2017-10-16 12:00:00;32.92;32.94;32.9;32.935;64643.0;0.0;1508155200
2017-10-16 12:30:00;32.935;32.96;32.93;32.94;28250.0;0.0;1508157000
2017-10-16 13:00:00;32.94;32.95;32.93;32.9301;21445.0;0.0;1508158800
2017-10-16 13:30:00;32.93;32.95;32.93;32.94;33973.0;0.0;1508160600
2017-10-16 14:00:00;32.93;32.95;32.92;32.937;35555.0;0.0;1508162400
2017-10-16 14:30:00;32.94;32.94;32.905;32.93;103343.0;0.0;1508164200
2017-10-16 15:00:00;32.93;32.93;32.91;32.915;58573.0;0.0;1508166000
2017-10-16 15:30:00;32.915;32.94;32.9046;32.92;187990.0;0.0;1508167800
2017-10-16 16:00:00;32.92;32.97;32.92;32.92;154379.0;0.0;1508169600
2017-10-17 09:30:00;33.07;33.15;33.04;33.14;257728.0;0.0;1508232600
2017-10-17 10:00:00;33.15;33.15;33.065;33.1;610842.0;0.0;1508234400
2017-10-17 10:30:00;33.1;33.11;33.04;33.05;170868.0;0.0;1508236200
2017-10-17 11:00:00;33.05;33.06;32.9842;32.9954;90788.0;0.0;1508238000
2017-10-17 11:30:00;32.99;33.01;32.9;32.995;1350405.0;0.0;1508239800
2017-10-17 12:00:00;32.99;33.025;32.97;33.015;613770.0;0.0;1508241600
2017-10-17 12:30:00;33.02;33.05;32.9925;33.01;60574.0;0.0;1508243400
2017-10-17 13:00:00;33.0101;33.0365;33.01;33.015;21524.0;0.0;1508245200
2017-10-17 13:30:00;33.0101;33.05;33.01;33.02;54718.0;0.0;1508247000
2017-10-17 14:00:00;33.0267;33.05;33.02;33.05;36657.0;0.0;1508248800
2017-10-17 14:30:00;33.0446;33.05;33.035;33.05;45072.0;0.0;1508250600
2017-10-17 15:00:00;33.045;33.06;33.03;33.03;103937.0;0.0;1508252400
2017-10-17 15:30:00;33.035;33.0475;33.025;33.03;254496.0;0.0;1508254200
2017-10-17 16:00:00;33.03;33.04;33.03;33.04;279583.0;0.0;1508256000
2017-10-18 09:30:00;32.99;33.12;32.99;33.09;276813.0;0.0;1508319000
2017-10-18 10:00:00;33.09;33.2542;33.09;33.2542;413929.0;0.0;1508320800
2017-10-18 10:30:00;33.255;33.285;33.25;33.26;64898.0;0.0;1508322600
2017-10-18 11:00:00;33.245;33.27;33.21;33.22;59481.0;0.0;1508324400
2017-10-18 11:30:00;33.2238;33.28;33.2201;33.255;104639.0;0.0;1508326200
2017-10-18 12:00:00;33.255;33.27;33.22;33.27;92246.0;0.0;1508328000
2017-10-18 12:30:00;33.27;33.3;33.26;33.27;336948.0;0.0;1508329800
2017-10-18 13:00:00;33.27;33.29;33.27;33.285;34662.0;0.0;1508331600
2017-10-18 13:30:00;33.285;33.306999999999995;33.2827;33.3;75673.0;0.0;1508333400
2017-10-18 14:00:00;33.2996;33.34;33.2922;33.335;54446.0;0.0;1508335200
2017-10-18 14:30:00;33.335;33.355;33.33;33.35;115056.0;0.0;1508337000
2017-10-18 15:00:00;33.34;33.37;33.33;33.335;187478.0;0.0;1508338800
2017-10-18 15:30:00;33.33;33.375;33.32;33.33;402732.0;0.0;1508340600
2017-10-18 16:00:00;33.33;33.33;33.33;33.33;332057.0;0.0;1508342400
2017-10-19 09:30:00;33.2;33.25;33.1701;33.25;80529.0;0.0;1508405400
2017-10-19 10:00:00;33.24;33.24;33.2;33.21;130264.0;0.0;1508407200
2017-10-19 10:30:00;33.21;33.2568;33.19;33.25;153841.0;0.0;1508409000
2017-10-19 11:00:00;33.25;33.27;33.17;33.17;123406.0;0.0;1508410800
2017-10-19 11:30:00;33.17;33.23;33.17;33.215;136468.0;0.0;1508412600
2017-10-19 12:00:00;33.21;33.21;33.165;33.1783;85359.0;0.0;1508414400
2017-10-19 12:30:00;33.18;33.18;33.15;33.15;76735.0;0.0;1508416200
2017-10-19 13:00:00;33.1438;33.16;33.14;33.16;7448.0;0.0;1508418000
2017-10-19 13:30:00;33.15;33.16;33.13;33.14;116962.0;0.0;1508419800
2017-10-19 14:00:00;33.14;33.18;33.14;33.17;86905.0;0.0;1508421600
2017-10-19 14:30:00;33.165;33.18;33.16;33.17;68537.0;0.0;1508423400
2017-10-19 15:00:00;33.1736;33.19;33.17;33.19;67652.0;0.0;1508425200
2017-10-19 15:30:00;33.19;33.21;33.171;33.2;424381.0;0.0;1508427000
2017-10-19 16:00:00;33.2;33.2;33.19;33.19;24889.0;0.0;1508428800
2017-10-20 09:30:00;33.18;33.195;33.12;33.12;114979.0;0.0;1508491800
2017-10-20 10:00:00;33.12;33.22;33.115;33.17;81052.0;0.0;1508493600
2017-10-20 10:30:00;33.17;33.19;33.1044;33.12;49704.0;0.0;1508495400
2017-10-20 11:00:00;33.11;33.14;33.1;33.1;31617.0;0.0;1508497200
2017-10-20 11:30:00;33.11;33.16;33.06;33.09;138395.0;0.0;1508499000
2017-10-20 12:00:00;33.09;33.13;33.080999999999996;33.13;87056.0;0.0;1508500800
2017-10-20 12:30:00;33.13;33.15;33.125;33.145;109000.0;0.0;1508502600
2017-10-20 13:00:00;33.1432;33.165;33.1432;33.1599;74357.0;0.0;1508504400
2017-10-20 13:30:00;33.155;33.1605;33.14;33.145;37372.0;0.0;1508506200
2017-10-20 14:00:00;33.15;33.15;33.11;33.13;66667.0;0.0;1508508000
2017-10-20 14:30:00;33.135;33.14;33.11;33.11;34006.0;0.0;1508509800
2017-10-20 15:00:00;33.11;33.119;33.09;33.09;90494.0;0.0;1508511600
2017-10-20 15:30:00;33.09;33.1;33.07;33.07;181763.0;0.0;1508513400
2017-10-20 16:00:00;33.07;33.08;33.04;33.08;112965.0;0.0;1508515200
2017-10-23 09:30:00;32.86;32.91;32.82;32.84;81409.0;0.0;1508751000
2017-10-23 10:00:00;32.835;32.85;32.81;32.84;32815.0;0.0;1508752800
2017-10-23 10:30:00;32.845;32.88;32.8109;32.82;87170.0;0.0;1508754600
2017-10-23 11:00:00;32.83;32.84;32.69;32.69;117090.0;0.0;1508756400
2017-10-23 11:30:00;32.695;32.77;32.69;32.7599;168801.0;0.0;1508758200
2017-10-23 12:00:00;32.755;32.755;32.72;32.735;48544.0;0.0;1508760000
2017-10-23 12:30:00;32.735;32.75;32.7;32.7;37692.0;0.0;1508761800
2017-10-23 13:00:00;32.7;32.71;32.68;32.69;32243.0;0.0;1508763600
2017-10-23 13:30:00;32.695;32.71;32.66;32.66;35426.0;0.0;1508765400
2017-10-23 14:00:00;32.67;32.68;32.64;32.66;43017.0;0.0;1508767200
2017-10-23 14:30:00;32.66;32.67;32.645;32.655;27390.0;0.0;1508769000
2017-10-23 15:00:00;32.6535;32.66;32.645;32.66;51536.0;0.0;1508770800
2017-10-23 15:30:00;32.66;32.67;32.63;32.64;104651.0;0.0;1508772600
2017-10-23 16:00:00;32.64;32.66;32.64;32.64;104505.0;0.0;1508774400
2017-10-24 09:30:00;32.88;32.915;32.85;32.88;122758.0;0.0;1508837400
2017-10-24 10:00:00;32.88;33.0501;32.88;33.03;72668.0;0.0;1508839200
2017-10-24 10:30:00;33.035;33.08;33.025;33.04;53464.0;0.0;1508841000
2017-10-24 11:00:00;33.0366;33.06;33.02;33.03;95959.0;0.0;1508842800
2017-10-24 11:30:00;33.03;33.07;33.0;33.02;218907.0;0.0;1508844600
2017-10-24 12:00:00;33.01;33.0264;33.0;33.005;21249.0;0.0;1508846400
2017-10-24 12:30:00;33.0;33.02;33.0;33.01;10083.0;0.0;1508848200
2017-10-24 13:00:00;33.0082;33.01;32.985;32.995;38414.0;0.0;1508850000
2017-10-24 13:30:00;33.0;33.01;32.9741;32.98;79023.0;0.0;1508851800
2017-10-24 14:00:00;32.975;33.0;32.97;33.0;28003.0;0.0;1508853600
2017-10-24 14:30:00;33.0;33.05;32.995;33.05;19478.0;0.0;1508855400
2017-10-24 15:00:00;33.045;33.07;33.005;33.0066;98986.0;0.0;1508857200
2017-10-24 15:30:00;33.01;33.02;32.93;32.93;176243.0;0.0;1508859000
2017-10-24 16:00:00;32.94;32.94;32.93;32.94;45682.0;0.0;1508860800
2017-10-25 09:30:00;33.08;33.125;33.08;33.12;68855.0;0.0;1508923800
2017-10-25 10:00:00;33.11;33.12;33.025;33.08;45565.0;0.0;1508925600
2017-10-25 10:30:00;33.08;33.08;32.99;33.01;42261.0;0.0;1508927400
2017-10-25 11:00:00;33.01;33.01;32.91;32.94;70331.0;0.0;1508929200
2017-10-25 11:30:00;32.935;32.97;32.92;32.92;59738.0;0.0;1508931000
2017-10-25 12:00:00;32.93;32.949;32.865;32.9;102119.0;0.0;1508932800
2017-10-25 12:30:00;32.89;32.96;32.87;32.9475;60028.0;0.0;1508934600
2017-10-25 13:00:00;32.95;32.9671;32.945;32.95;26036.0;0.0;1508936400
2017-10-25 13:30:00;32.96;32.97;32.95;32.97;45698.0;0.0;1508938200
2017-10-25 14:00:00;32.975;33.0;32.945;32.99;89079.0;0.0;1508940000
2017-10-25 14:30:00;32.98;32.99;32.96;32.98;60941.0;0.0;1508941800
2017-10-25 15:00:00;32.97;33.01;32.97;33.005;69211.0;0.0;1508943600
2017-10-25 15:30:00;33.0;33.01;32.96;32.97;124539.0;0.0;1508945400
2017-10-25 16:00:00;32.97;32.98;32.94;32.98;34627.0;0.0;1508947200
2017-10-26 09:30:00;33.59;33.6;33.46;33.46;266013.0;0.0;1509010200
2017-10-26 10:00:00;33.46;33.47;33.345;33.44;333219.0;0.0;1509012000
2017-10-26 10:30:00;33.44;33.54;33.32;33.34;513165.0;0.0;1509013800
2017-10-26 11:00:00;33.335;33.465;33.01;33.26;1912539.0;0.0;1509015600
2017-10-26 11:30:00;33.26;33.31;33.23;33.2441;189811.0;0.0;1509017400
2017-10-26 12:00:00;33.245;33.32;33.225;33.315;141601.0;0.0;1509019200
2017-10-26 12:30:00;33.315;33.33;33.260999999999996;33.3;38700.0;0.0;1509021000
2017-10-26 13:00:00;33.29;33.3;33.26;33.29;31759.0;0.0;1509022800
2017-10-26 13:30:00;33.28;33.29;33.23;33.24;38937.0;0.0;1509024600
2017-10-26 14:00:00;33.23;33.25;33.22;33.25;18197.0;0.0;1509026400
2017-10-26 14:30:00;33.25;33.26;33.205;33.205;40161.0;0.0;1509028200
2017-10-26 15:00:00;33.2;33.205;33.17;33.18;21919.0;0.0;1509030000
2017-10-26 15:30:00;33.1765;33.19;33.11;33.115;367424.0;0.0;1509031800
2017-10-26 16:00:00;33.115;33.12;33.1;33.1;30020.0;0.0;1509033600
2017-10-27 09:30:00;32.41;32.47;32.29;32.46;510078.0;0.0;1509096600
2017-10-27 10:00:00;32.47;32.61;32.46;32.56;816644.0;0.0;1509098400
2017-10-27 10:30:00;32.565;32.59;32.45;32.46;239187.0;0.0;1509100200
2017-10-27 11:00:00;32.45;32.48;32.43;32.47;61675.0;0.0;1509102000
2017-10-27 11:30:00;32.4748;32.49;32.44;32.45;74055.0;0.0;1509103800
2017-10-27 12:00:00;32.44;32.47;32.44;32.47;48679.0;0.0;1509105600
2017-10-27 12:30:00;32.47;32.51;32.47;32.5;25475.0;0.0;1509107400
2017-10-27 13:00:00;32.51;32.51;32.4801;32.4952;23408.0;0.0;1509109200
2017-10-27 13:30:00;32.4993;32.52;32.491;32.497;46023.0;0.0;1509111000
2017-10-27 14:00:00;32.495;32.56;32.48;32.535;413331.0;0.0;1509112800
2017-10-27 14:30:00;32.54;32.55;32.52;32.52;85609.0;0.0;1509114600
2017-10-27 15:00:00;32.525;32.58;32.52;32.58;92267.0;0.0;1509116400
2017-10-27 15:30:00;32.58;32.585;32.53;32.55;310965.0;0.0;1509118200
2017-10-27 16:00:00;32.55;32.55;32.54;32.54;108241.0;0.0;1509120000
2017-10-30 09:30:00;33.29;33.435;33.27;33.42;259694.0;0.0;1509355800
2017-10-30 10:00:00;33.42;33.43;33.375;33.39;68183.0;0.0;1509357600
2017-10-30 10:30:00;33.39;33.4;33.3399;33.36;152322.0;0.0;1509359400
2017-10-30 11:00:00;33.36;33.47;33.35;33.46;127024.0;0.0;1509361200
2017-10-30 11:30:00;33.455;33.5036;33.43;33.49;69162.0;0.0;1509363000
2017-10-30 12:00:00;33.49;33.5;33.45;33.46;78342.0;0.0;1509364800
2017-10-30 12:30:00;33.47;33.49;33.42;33.44;142734.0;0.0;1509366600
2017-10-30 13:00:00;33.45;33.455;33.435;33.445;128508.0;0.0;1509368400
2017-10-30 13:30:00;33.445;33.47;33.44;33.47;27881.0;0.0;1509370200
2017-10-30 14:00:00;33.47;33.47;33.445;33.45;22655.0;0.0;1509372000
2017-10-30 14:30:00;33.4565;33.48;33.44;33.48;16567.0;0.0;1509373800
2017-10-30 15:00:00;33.48;33.48;33.445;33.45;20732.0;0.0;1509375600
2017-10-30 15:30:00;33.4501;33.495;33.44;33.44;234243.0;0.0;1509377400
2017-10-30 16:00:00;33.45;33.45;33.44;33.45;64027.0;0.0;1509379200
2017-10-31 09:30:00;33.73;33.74;33.695;33.72;139311.0;0.0;1509442200
2017-10-31 10:00:00;33.72;33.72;33.67;33.69;48799.0;0.0;1509444000
2017-10-31 10:30:00;33.695;33.7936;33.685;33.76;46603.0;0.0;1509445800
2017-10-31 11:00:00;33.76;33.76;33.71;33.75;81113.0;0.0;1509447600
2017-10-31 11:30:00;33.755;33.89;33.74;33.87;436191.0;0.0;1509449400
2017-10-31 12:00:00;33.88;33.93;33.84;33.86;167156.0;0.0;1509451200
2017-10-31 12:30:00;33.86;33.9;33.81;33.855;267464.0;0.0;1509453000
2017-10-31 13:00:00;33.855;33.86;33.835;33.8528;68959.0;0.0;1509454800
2017-10-31 13:30:00;33.855;33.865;33.8424;33.86;22706.0;0.0;1509456600
2017-10-31 14:00:00;33.86;33.885;33.86;33.88;42550.0;0.0;1509458400
2017-10-31 14:30:00;33.8875;33.89;33.87;33.87;28170.0;0.0;1509460200
2017-10-31 15:00:00;33.875;33.8855;33.87;33.8855;34516.0;0.0;1509462000
2017-10-31 15:30:00;33.88;33.88;33.81;33.83;206423.0;0.0;1509463800
2017-10-31 16:00:00;33.83;33.84;33.83;33.84;273347.0;0.0;1509465600
2017-11-01 09:30:00;33.81;33.85;33.78;33.79;48503.0;0.0;1509528600
2017-11-01 10:00:00;33.795;33.83;33.76;33.77;154259.0;0.0;1509530400
2017-11-01 10:30:00;33.77;33.78;33.7;33.73;246440.0;0.0;1509532200
2017-11-01 11:00:00;33.74;33.775;33.71;33.71;484639.0;0.0;1509534000
2017-11-01 11:30:00;33.71;33.72;33.665;33.71;235815.0;0.0;1509535800
2017-11-01 12:00:00;33.705;33.765;33.67;33.74;57954.0;0.0;1509537600
2017-11-01 12:30:00;33.755;33.775;33.72;33.77;161946.0;0.0;1509539400
2017-11-01 13:00:00;33.78;33.8;33.74;33.795;330091.0;0.0;1509541200
2017-11-01 13:30:00;33.79;33.83;33.765;33.83;76404.0;0.0;1509543000
2017-11-01 14:00:00;33.78;33.86;33.78;33.79;110190.0;0.0;1509544800
2017-11-01 14:30:00;33.78;33.865;33.78;33.835;117719.0;0.0;1509546600
2017-11-01 15:00:00;33.835;33.87;33.835;33.865;123640.0;0.0;1509548400
2017-11-01 15:30:00;33.865;33.87;33.75;33.79;624025.0;0.0;1509550200
2017-11-01 16:00:00;33.79;33.81;33.79;33.81;69508.0;0.0;1509552000
2017-11-02 09:30:00;33.56;33.59;33.53;33.57;104563.0;0.0;1509615000
2017-11-02 10:00:00;33.57;33.65;33.54;33.61;87872.0;0.0;1509616800
2017-11-02 10:30:00;33.62;33.665;33.58;33.63;43701.0;0.0;1509618600
2017-11-02 11:00:00;33.63;33.68;33.6248;33.63;72833.0;0.0;1509620400
2017-11-02 11:30:00;33.63;33.7;33.6;33.685;42204.0;0.0;1509622200
2017-11-02 12:00:00;33.68;33.705;33.67;33.7;31661.0;0.0;1509624000
2017-11-02 12:30:00;33.71;33.72;33.69;33.71;80442.0;0.0;1509625800
2017-11-02 13:00:00;33.71;33.71;33.68;33.699;38416.0;0.0;1509627600
2017-11-02 13:30:00;33.7;33.71;33.6859;33.7;34940.0;0.0;1509629400
2017-11-02 14:00:00;33.71;33.74;33.7;33.74;25616.0;0.0;1509631200
2017-11-02 14:30:00;33.74;33.7552;33.73;33.73;17809.0;0.0;1509633000
2017-11-02 15:00:00;33.73;33.755;33.72;33.75;87217.0;0.0;1509634800
2017-11-02 15:30:00;33.75;33.8;33.745;33.78;170857.0;0.0;1509636600
2017-11-02 16:00:00;33.78;33.84;33.78;33.8;257686.0;0.0;1509638400
2017-11-03 09:30:00;33.26;33.27;33.21;33.2275;199622.0;0.0;1509701400
2017-11-03 10:00:00;33.24;33.26;33.14;33.145;203483.0;0.0;1509703200
2017-11-03 10:30:00;33.15;33.16;33.095;33.15;247942.0;0.0;1509705000
2017-11-03 11:00:00;33.16;33.17;33.12;33.16;124131.0;0.0;1509706800
2017-11-03 11:30:00;33.16;33.2;33.13;33.19;165610.0;0.0;1509708600
2017-11-03 12:00:00;33.19;33.2;33.165;33.19;114212.0;0.0;1509710400
2017-11-03 12:30:00;33.19;33.21;33.16;33.16;147639.0;0.0;1509712200
2017-11-03 13:00:00;33.16;33.2;33.16;33.18;103124.0;0.0;1509714000
2017-11-03 13:30:00;33.18;33.2;33.18;33.19;107792.0;0.0;1509715800
2017-11-03 14:00:00;33.185;33.21;33.18;33.209;113896.0;0.0;1509717600
2017-11-03 14:30:00;33.2;33.235;33.2;33.21;139889.0;0.0;1509719400
2017-11-03 15:00:00;33.215;33.23;33.215;33.23;70195.0;0.0;1509721200
2017-11-03 15:30:00;33.23;33.26;33.2099;33.24;373790.0;0.0;1509723000
2017-11-03 16:00:00;33.24;33.29;33.22;33.22;38184.0;0.0;1509724800
2017-11-06 09:30:00;32.99;33.05;32.99;33.025;79567.0;0.0;1509960600
2017-11-06 10:00:00;33.02;33.025;32.97;33.01;36111.0;0.0;1509962400
2017-11-06 10:30:00;33.005;33.04;33.0;33.02;30758.0;0.0;1509964200
2017-11-06 11:00:00;33.015;33.055;33.015;33.035;25938.0;0.0;1509966000
2017-11-06 11:30:00;33.03;33.05;33.005;33.01;99947.0;0.0;1509967800
2017-11-06 12:00:00;33.02;33.06;33.02;33.04;28839.0;0.0;1509969600
2017-11-06 12:30:00;33.03;33.07;33.03;33.06;18058.0;0.0;1509971400
2017-11-06 13:00:00;33.06;33.08;33.06;33.07;6518.0;0.0;1509973200
2017-11-06 13:30:00;33.07;33.095;33.06;33.095;12153.0;0.0;1509975000
2017-11-06 14:00:00;33.09;33.119;33.085;33.1;19506.0;0.0;1509976800
2017-11-06 14:30:00;33.1;33.105;33.09;33.09;38560.0;0.0;1509978600
2017-11-06 15:00:00;33.095;33.115;33.09;33.115;38104.0;0.0;1509980400
2017-11-06 15:30:00;33.11;33.13;33.1;33.12;108340.0;0.0;1509982200
2017-11-06 16:00:00;33.12;33.12;33.07;33.07;35951.0;0.0;1509984000
2017-11-07 09:30:00;32.96;32.9829;32.915;32.915;73465.0;0.0;1510047000
2017-11-07 10:00:00;32.92;32.93;32.8505;32.855;88705.0;0.0;1510048800
2017-11-07 10:30:00;32.85;32.85;32.73;32.77;117429.0;0.0;1510050600
2017-11-07 11:00:00;32.77;32.81;32.71;32.73;66387.0;0.0;1510052400
2017-11-07 11:30:00;32.73;32.75;32.675;32.68;122578.0;0.0;1510054200
2017-11-07 12:00:00;32.68;32.75;32.68;32.75;47296.0;0.0;1510056000
2017-11-07 12:30:00;32.75;32.79;32.75;32.76;17335.0;0.0;1510057800
2017-11-07 13:00:00;32.76;32.76;32.74;32.74;9763.0;0.0;1510059600
2017-11-07 13:30:00;32.74;32.74;32.7;32.7;17954.0;0.0;1510061400
2017-11-07 14:00:00;32.69;32.72;32.69;32.72;33947.0;0.0;1510063200
2017-11-07 14:30:00;32.72;32.73;32.705;32.715;31836.0;0.0;1510065000
2017-11-07 15:00:00;32.71;32.72;32.68;32.68;52200.0;0.0;1510066800
2017-11-07 15:30:00;32.685;32.72;32.665;32.71;168952.0;0.0;1510068600
2017-11-07 16:00:00;32.71;32.71;32.71;32.71;14140.0;0.0;1510070400
2017-11-08 09:30:00;32.68;32.72;32.625;32.72;107148.0;0.0;1510133400
2017-11-08 10:00:00;32.72;32.75;32.69;32.74;88822.0;0.0;1510135200
2017-11-08 10:30:00;32.74;32.76;32.72;32.72;77297.0;0.0;1510137000
2017-11-08 11:00:00;32.72;32.77;32.71;32.74;57440.0;0.0;1510138800
2017-11-08 11:30:00;32.73;32.78;32.73;32.78;65561.0;0.0;1510140600
2017-11-08 12:00:00;32.78;32.79;32.77;32.79;29200.0;0.0;1510142400
2017-11-08 12:30:00;32.79;32.82;32.79;32.82;13084.0;0.0;1510144200
2017-11-08 13:00:00;32.82;32.85;32.815;32.845;12610.0;0.0;1510146000
2017-11-08 13:30:00;32.845;32.86;32.835;32.855;34845.0;0.0;1510147800
2017-11-08 14:00:00;32.855;32.855;32.84;32.84;14373.0;0.0;1510149600
2017-11-08 14:30:00;32.84;32.86;32.84;32.85;7812.0;0.0;1510151400
2017-11-08 15:00:00;32.86;32.87;32.842;32.85;44459.0;0.0;1510153200
2017-11-08 15:30:00;32.855;32.86;32.79;32.8;224486.0;0.0;1510155000
2017-11-08 16:00:00;32.8;32.8;32.79;32.79;23325.0;0.0;1510156800
2017-11-09 09:30:00;32.66;32.72;32.63;32.67;224233.0;0.0;1510219800
2017-11-09 10:00:00;32.665;32.73;32.66;32.66;189541.0;0.0;1510221600
2017-11-09 10:30:00;32.66;32.71;32.6;32.71;138150.0;0.0;1510223400
2017-11-09 11:00:00;32.7;32.72;32.61;32.71;132055.0;0.0;1510225200
2017-11-09 11:30:00;32.7;32.72;32.585;32.62;218591.0;0.0;1510227000
2017-11-09 12:00:00;32.6201;32.6201;32.52;32.54;169250.0;0.0;1510228800
2017-11-09 12:30:00;32.53;32.57;32.49;32.56;397220.0;0.0;1510230600
2017-11-09 13:00:00;32.55;32.585;32.53;32.575;48008.0;0.0;1510232400
2017-11-09 13:30:00;32.575;32.62;32.57;32.6;65390.0;0.0;1510234200
2017-11-09 14:00:00;32.61;32.645;32.61;32.63;8840.0;0.0;1510236000
2017-11-09 14:30:00;32.63;32.6475;32.59;32.6;45492.0;0.0;1510237800
2017-11-09 15:00:00;32.6036;32.65;32.6035;32.64;38790.0;0.0;1510239600
2017-11-09 15:30:00;32.64;32.7;32.64;32.68;210607.0;0.0;1510241400
2017-11-09 16:00:00;32.68;32.685;32.68;32.68;13525.0;0.0;1510243200
2017-11-10 09:30:00;32.72;32.76;32.7;32.75;156120.0;0.0;1510306200
2017-11-10 10:00:00;32.755;32.785;32.72;32.7769;91316.0;0.0;1510308000
2017-11-10 10:30:00;32.77;32.78;32.68;32.7;150760.0;0.0;1510309800
2017-11-10 11:00:00;32.7;32.7;32.58;32.63;104440.0;0.0;1510311600
2017-11-10 11:30:00;32.63;32.655;32.575;32.61;97906.0;0.0;1510313400
2017-11-10 12:00:00;32.61;32.6101;32.58;32.58;12869.0;0.0;1510315200
2017-11-10 12:30:00;32.575;32.589;32.56;32.56;80253.0;0.0;1510317000
2017-11-10 13:00:00;32.57;32.61;32.57;32.61;11475.0;0.0;1510318800
2017-11-10 13:30:00;32.605;32.62;32.59;32.59;53892.0;0.0;1510320600
2017-11-10 14:00:00;32.59;32.63;32.59;32.63;18245.0;0.0;1510322400
2017-11-10 14:30:00;32.64;32.66;32.6301;32.65;8040.0;0.0;1510324200
2017-11-10 15:00:00;32.65;32.665;32.64;32.645;8804.0;0.0;1510326000
2017-11-10 15:30:00;32.65;32.65;32.61;32.61;119641.0;0.0;1510327800
2017-11-10 16:00:00;32.61;32.615;32.61;32.61;33842.0;0.0;1510329600
2017-11-13 09:30:00;32.34;32.41;32.32;32.36;166569.0;0.0;1510565400
2017-11-13 10:00:00;32.35;32.5;32.35;32.49;184287.0;0.0;1510567200
2017-11-13 10:30:00;32.49;32.49;32.42;32.475;118236.0;0.0;1510569000
2017-11-13 11:00:00;32.48;32.53;32.455;32.53;27616.0;0.0;1510570800
2017-11-13 11:30:00;32.53;32.53;32.48;32.52;330216.0;0.0;1510572600
2017-11-13 12:00:00;32.52;32.5369;32.52;32.53;10493.0;0.0;1510574400
2017-11-13 12:30:00;32.53;32.53;32.5;32.505;240354.0;0.0;1510576200
2017-11-13 13:00:00;32.51;32.53;32.51;32.51;10105.0;0.0;1510578000
2017-11-13 13:30:00;32.515;32.53;32.51;32.53;9958.0;0.0;1510579800
2017-11-13 14:00:00;32.5261;32.5261;32.51;32.52;16093.0;0.0;1510581600
2017-11-13 14:30:00;32.519;32.52;32.51;32.52;16174.0;0.0;1510583400
2017-11-13 15:00:00;32.515;32.55;32.51;32.54;22439.0;0.0;1510585200
2017-11-13 15:30:00;32.54;32.55;32.51;32.53;126797.0;0.0;1510587000
2017-11-13 16:00:00;32.53;32.54;32.52;32.52;66311.0;0.0;1510588800
2017-11-14 09:30:00;32.61;32.62;32.54;32.56;101128.0;0.0;1510651800
2017-11-14 10:00:00;32.56;32.565;32.48;32.51;89820.0;0.0;1510653600
2017-11-14 10:30:00;32.51;32.605;32.475;32.57;51186.0;0.0;1510655400
2017-11-14 11:00:00;32.565;32.615;32.535;32.615;51678.0;0.0;1510657200
2017-11-14 11:30:00;32.62;32.625;32.54;32.55;384859.0;0.0;1510659000
2017-11-14 12:00:00;32.55;32.57;32.5356;32.55;34259.0;0.0;1510660800
2017-11-14 12:30:00;32.55;32.57;32.5;32.52;61541.0;0.0;1510662600
2017-11-14 13:00:00;32.52;32.6;32.51;32.59;55503.0;0.0;1510664400
2017-11-14 13:30:00;32.58;32.62;32.58;32.61;59971.0;0.0;1510666200
2017-11-14 14:00:00;32.6;32.61;32.59;32.595;16384.0;0.0;1510668000
2017-11-14 14:30:00;32.6;32.63;32.6;32.615;41948.0;0.0;1510669800
2017-11-14 15:00:00;32.61;32.62;32.61;32.615;23954.0;0.0;1510671600
2017-11-14 15:30:00;32.62;32.635;32.59;32.59;139222.0;0.0;1510673400
2017-11-14 16:00:00;32.59;32.59;32.59;32.59;38072.0;0.0;1510675200
2017-11-15 09:30:00;32.48;32.54;32.48;32.515;161436.0;0.0;1510738200
2017-11-15 10:00:00;32.51;32.62;32.505;32.61;90414.0;0.0;1510740000
2017-11-15 10:30:00;32.61;32.705;32.6;32.691;60993.0;0.0;1510741800
2017-11-15 11:00:00;32.71;32.775;32.69;32.745;71207.0;0.0;1510743600
2017-11-15 11:30:00;32.75;32.775;32.7;32.74;99776.0;0.0;1510745400
2017-11-15 12:00:00;32.74;32.75;32.71;32.745;130125.0;0.0;1510747200
2017-11-15 12:30:00;32.75;32.8;32.749;32.8;152792.0;0.0;1510749000
2017-11-15 13:00:00;32.795;32.795;32.77;32.77;12106.0;0.0;1510750800
2017-11-15 13:30:00;32.765;32.77;32.715;32.73;23215.0;0.0;1510752600
2017-11-15 14:00:00;32.73;32.749;32.72;32.747;16577.0;0.0;1510754400
2017-11-15 14:30:00;32.75;32.75;32.74;32.74;2595.0;0.0;1510756200
2017-11-15 15:00:00;32.745;32.76;32.705;32.71;20732.0;0.0;1510758000
2017-11-15 15:30:00;32.72;32.7375;32.67;32.67;125508.0;0.0;1510759800
2017-11-15 16:00:00;32.67;32.68;32.67;32.68;26409.0;0.0;1510761600
2017-11-16 09:30:00;32.94;32.97;32.91;32.925;349497.0;0.0;1510824600
2017-11-16 10:00:00;32.9251;32.94;32.86;32.87;54307.0;0.0;1510826400
2017-11-16 10:30:00;32.87;32.92;32.855;32.9;58171.0;0.0;1510828200
2017-11-16 11:00:00;32.9;32.915;32.845;32.854;64115.0;0.0;1510830000
2017-11-16 11:30:00;32.86;32.885;32.845;32.87;51619.0;0.0;1510831800
2017-11-16 12:00:00;32.865;32.885;32.86;32.885;24149.0;0.0;1510833600
2017-11-16 12:30:00;32.89;32.92;32.885;32.915;42898.0;0.0;1510835400
2017-11-16 13:00:00;32.91;32.94;32.91;32.92;63496.0;0.0;1510837200
2017-11-16 13:30:00;32.92;32.95;32.915;32.93;59197.0;0.0;1510839000
2017-11-16 14:00:00;32.935;32.96;32.93;32.94;43398.0;0.0;1510840800
2017-11-16 14:30:00;32.94;32.97;32.9337;32.9462;50769.0;0.0;1510842600
2017-11-16 15:00:00;32.945;32.96;32.92;32.95;117047.0;0.0;1510844400
2017-11-16 15:30:00;32.95;32.96;32.9;32.91;168442.0;0.0;1510846200
2017-11-16 16:00:00;32.91;32.91;32.9;32.91;14968.0;0.0;1510848000
2017-11-17 09:30:00;32.76;32.77;32.66;32.7;230505.0;0.0;1510911000
2017-11-17 10:00:00;32.7;32.77;32.67;32.675;95532.0;0.0;1510912800
2017-11-17 10:30:00;32.675;32.725;32.64;32.7;19706.0;0.0;1510914600
2017-11-17 11:00:00;32.71;32.745;32.65;32.68;29577.0;0.0;1510916400
2017-11-17 11:30:00;32.69;32.7;32.62;32.635;67104.0;0.0;1510918200
2017-11-17 12:00:00;32.635;32.68;32.625;32.645;36242.0;0.0;1510920000
2017-11-17 12:30:00;32.65;32.71;32.645;32.7;67470.0;0.0;1510921800
2017-11-17 13:00:00;32.705;32.73;32.705;32.72;33828.0;0.0;1510923600
2017-11-17 13:30:00;32.72;32.739000000000004;32.72;32.735;8630.0;0.0;1510925400
2017-11-17 14:00:00;32.73;32.74;32.72;32.725;127750.0;0.0;1510927200
2017-11-17 14:30:00;32.72;32.745;32.72;32.745;38698.0;0.0;1510929000
2017-11-17 15:00:00;32.745;32.775;32.74;32.765;108970.0;0.0;1510930800
2017-11-17 15:30:00;32.765;32.78;32.71;32.71;198622.0;0.0;1510932600
2017-11-17 16:00:00;32.71;32.72;32.5;32.72;34911.0;0.0;1510934400
2017-11-20 09:30:00;32.63;32.63;32.51;32.57;205264.0;0.0;1511170200
2017-11-20 10:00:00;32.56;32.58;32.5;32.5;79389.0;0.0;1511172000
2017-11-20 10:30:00;32.51;32.6;32.48;32.585;82738.0;0.0;1511173800
2017-11-20 11:00:00;32.58;32.6;32.55;32.59;52870.0;0.0;1511175600
2017-11-20 11:30:00;32.59;32.59;32.5;32.525;71941.0;0.0;1511177400
2017-11-20 12:00:00;32.527;32.527;32.5135;32.5199;11186.0;0.0;1511179200
2017-11-20 12:30:00;32.515;32.54;32.51;32.54;17581.0;0.0;1511181000
2017-11-20 13:00:00;32.5337;32.55;32.53;32.535;18751.0;0.0;1511182800
2017-11-20 13:30:00;32.54;32.54;32.5;32.505;31063.0;0.0;1511184600
2017-11-20 14:00:00;32.505;32.51;32.49;32.5;8578.0;0.0;1511186400
2017-11-20 14:30:00;32.49;32.5;32.47;32.489000000000004;50824.0;0.0;1511188200
2017-11-20 15:00:00;32.489000000000004;32.49;32.47;32.47;17078.0;0.0;1511190000
2017-11-20 15:30:00;32.47;32.5;32.44;32.48;252434.0;0.0;1511191800
2017-11-20 16:00:00;32.48;32.48;32.45;32.47;19630.0;0.0;1511193600
2017-11-21 09:30:00;32.51;32.57;32.47;32.51;88519.0;0.0;1511256600
2017-11-21 10:00:00;32.52;32.525;32.475;32.48;20670.0;0.0;1511258400
2017-11-21 10:30:00;32.48;32.49;32.435;32.44;21744.0;0.0;1511260200
2017-11-21 11:00:00;32.43;32.44;32.4;32.4;29793.0;0.0;1511262000
2017-11-21 11:30:00;32.41;32.4452;32.4;32.44;42068.0;0.0;1511263800
2017-11-21 12:00:00;32.44;32.45;32.43;32.43;9686.0;0.0;1511265600
2017-11-21 12:30:00;32.43;32.47;32.43;32.46;15376.0;0.0;1511267400
2017-11-21 13:00:00;32.47;32.48;32.46;32.465;9833.0;0.0;1511269200
2017-11-21 13:30:00;32.4601;32.475;32.45;32.475;13047.0;0.0;1511271000
2017-11-21 14:00:00;32.475;32.475;32.46;32.465;35458.0;0.0;1511272800
2017-11-21 14:30:00;32.465;32.47;32.45;32.455;5366.0;0.0;1511274600
2017-11-21 15:00:00;32.45;32.46;32.44;32.45;7876.0;0.0;1511276400
2017-11-21 15:30:00;32.45;32.46;32.42;32.45;148742.0;0.0;1511278200
2017-11-21 16:00:00;32.45;32.45;32.41;32.45;21798.0;0.0;1511280000
2017-11-22 09:30:00;32.82;32.845;32.79;32.8;34097.0;0.0;1511343000
2017-11-22 10:00:00;32.81;32.8167;32.78;32.8;37584.0;0.0;1511344800
2017-11-22 10:30:00;32.795;32.795;32.72;32.74;43675.0;0.0;1511346600
2017-11-22 11:00:00;32.745;32.75;32.64;32.66;18324.0;0.0;1511348400
2017-11-22 11:30:00;32.65;32.65;32.6;32.62;11393.0;0.0;1511350200
2017-11-22 12:00:00;32.61;32.64;32.5929;32.64;4919.0;0.0;1511352000
2017-11-22 12:30:00;32.63;32.635;32.61;32.63;5668.0;0.0;1511353800
2017-11-22 13:00:00;32.63;32.65;32.615;32.6499;10824.0;0.0;1511355600
2017-11-22 13:30:00;32.65;32.65;32.631;32.645;8752.0;0.0;1511357400
2017-11-22 14:00:00;32.65;32.71;32.65;32.71;53004.0;0.0;1511359200
2017-11-22 14:30:00;32.71;32.74;32.71;32.74;12639.0;0.0;1511361000
2017-11-22 15:00:00;32.75;32.75;32.72;32.7226;23654.0;0.0;1511362800
2017-11-22 15:30:00;32.725;32.76;32.72;32.73;190468.0;0.0;1511364600
2017-11-22 16:00:00;32.73;32.73;32.72;32.73;22830.0;0.0;1511366400
2017-11-24 09:30:00;33.17;33.21;33.16;33.19;292246.0;0.0;1511515800
2017-11-24 10:00:00;33.19;33.195;33.14;33.15;21250.0;0.0;1511517600
2017-11-24 10:30:00;33.155;33.18;33.13;33.18;9231.0;0.0;1511519400
2017-11-24 11:00:00;33.2;33.23;33.18;33.19;24028.0;0.0;1511521200
2017-11-24 11:30:00;33.19;33.2;33.16;33.1716;22407.0;0.0;1511523000
2017-11-24 12:00:00;33.175;33.1873;33.16;33.175;10457.0;0.0;1511524800
2017-11-24 12:30:00;33.175;33.175;33.14;33.15;52408.0;0.0;1511526600
2017-11-24 13:00:00;33.15;33.3;32.96;33.15;7582.0;0.0;1511528400
2017-11-24 13:30:00;33.15;33.15;33.15;33.15;0.0;1.0;1511530200
2017-11-24 14:00:00;33.15;33.15;33.15;33.15;0.0;1.0;1511532000
2017-11-24 14:30:00;33.15;33.15;33.15;33.15;0.0;1.0;1511533800
2017-11-24 15:00:00;33.15;33.15;33.15;33.15;0.0;1.0;1511535600
2017-11-24 15:30:00;33.15;33.15;33.15;33.15;1403.0;0.0;1511537400
2017-11-24 16:00:00;33.15;33.15;33.15;33.15;1403.0;0.0;1511539200
2017-11-27 09:30:00;33.24;33.32;33.24;33.305;77151.0;0.0;1511775000
2017-11-27 10:00:00;33.295;33.32;33.275;33.305;45062.0;0.0;1511776800
2017-11-27 10:30:00;33.305;33.31;33.25;33.285;55234.0;0.0;1511778600
2017-11-27 11:00:00;33.295;33.305;33.18;33.18;68727.0;0.0;1511780400
2017-11-27 11:30:00;33.18;33.2;33.12;33.12;55029.0;0.0;1511782200
2017-11-27 12:00:00;33.12;33.14;33.12;33.13;154851.0;0.0;1511784000
2017-11-27 12:30:00;33.13;33.13;33.085;33.12;13996.0;0.0;1511785800
2017-11-27 13:00:00;33.1252;33.14;33.12;33.13;8154.0;0.0;1511787600
2017-11-27 13:30:00;33.1343;33.135;33.12;33.125;7116.0;0.0;1511789400
2017-11-27 14:00:00;33.121;33.13;33.12;33.13;3214.0;0.0;1511791200
2017-11-27 14:30:00;33.1301;33.14;33.12;33.1341;12249.0;0.0;1511793000
2017-11-27 15:00:00;33.14;33.15;33.13;33.15;28080.0;0.0;1511794800
2017-11-27 15:30:00;33.15;33.15;33.1;33.1;129855.0;0.0;1511796600
2017-11-27 16:00:00;33.1;33.11;33.1;33.11;27403.0;0.0;1511798400
2017-11-28 09:30:00;33.29;33.32;33.215;33.22;75901.0;0.0;1511861400
2017-11-28 10:00:00;33.22;33.285;33.22;33.275;92785.0;0.0;1511863200
2017-11-28 10:30:00;33.275;33.325;33.245;33.25;60881.0;0.0;1511865000
2017-11-28 11:00:00;33.255;33.31;33.24;33.305;45412.0;0.0;1511866800
2017-11-28 11:30:00;33.31;33.36;33.31;33.3464;45811.0;0.0;1511868600
2017-11-28 12:00:00;33.355;33.405;33.34;33.405;25465.0;0.0;1511870400
2017-11-28 12:30:00;33.41;33.415;33.3839;33.41;26080.0;0.0;1511872200
2017-11-28 13:00:00;33.4132;33.4418;33.365;33.376999999999995;31255.0;0.0;1511874000
2017-11-28 13:30:00;33.375;33.39;33.32;33.3238;42895.0;0.0;1511875800
2017-11-28 14:00:00;33.325;33.325;33.295;33.31;8034.0;0.0;1511877600
2017-11-28 14:30:00;33.315;33.37;33.3101;33.3501;25322.0;0.0;1511879400
2017-11-28 15:00:00;33.359;33.39;33.35;33.38;24905.0;0.0;1511881200
2017-11-28 15:30:00;33.39;33.394;33.35;33.38;113165.0;0.0;1511883000
2017-11-28 16:00:00;33.38;33.38;33.37;33.37;19188.0;0.0;1511884800
2017-11-29 09:30:00;33.65;33.73;33.62;33.73;107667.0;0.0;1511947800
2017-11-29 10:00:00;33.73;33.805;33.73;33.76;105662.0;0.0;1511949600
2017-11-29 10:30:00;33.76;33.815;33.725;33.765;105914.0;0.0;1511951400
2017-11-29 11:00:00;33.78;33.79;33.68;33.72;59441.0;0.0;1511953200
2017-11-29 11:30:00;33.7;33.75;33.64;33.64;85753.0;0.0;1511955000
2017-11-29 12:00:00;33.65;33.69;33.63;33.67;68422.0;0.0;1511956800
2017-11-29 12:30:00;33.67;33.69;33.65;33.66;14022.0;0.0;1511958600
2017-11-29 13:00:00;33.65;33.65;33.63;33.64;12811.0;0.0;1511960400
2017-11-29 13:30:00;33.65;33.66;33.61;33.62;11191.0;0.0;1511962200
2017-11-29 14:00:00;33.61;33.6768;33.61;33.66;9280.0;0.0;1511964000
2017-11-29 14:30:00;33.67;33.7005;33.64;33.7;273761.0;0.0;1511965800
2017-11-29 15:00:00;33.7;33.7;33.69;33.6975;6991.0;0.0;1511967600
2017-11-29 15:30:00;33.695;33.7;33.63;33.63;198334.0;0.0;1511969400
2017-11-29 16:00:00;33.63;33.64;33.63;33.64;26056.0;0.0;1511971200
2017-11-30 09:30:00;33.85;33.88;33.77;33.84;138337.0;0.0;1512034200
2017-11-30 10:00:00;33.8401;33.92;33.83;33.9;97402.0;0.0;1512036000
2017-11-30 10:30:00;33.91;33.91;33.785;33.85;65080.0;0.0;1512037800
2017-11-30 11:00:00;33.8534;33.88;33.72;33.73;43765.0;0.0;1512039600
2017-11-30 11:30:00;33.73;33.74;33.66;33.7;32477.0;0.0;1512041400
2017-11-30 12:00:00;33.7;33.71;33.68;33.69;60094.0;0.0;1512043200
2017-11-30 12:30:00;33.7;33.76;33.69;33.73;15959.0;0.0;1512045000
2017-11-30 13:00:00;33.7499;33.78;33.7499;33.78;24592.0;0.0;1512046800
2017-11-30 13:30:00;33.775;33.78;33.705;33.71;17847.0;0.0;1512048600
2017-11-30 14:00:00;33.73;33.73;33.7;33.7219;21354.0;0.0;1512050400
2017-11-30 14:30:00;33.72;33.73;33.66;33.66;24937.0;0.0;1512052200
2017-11-30 15:00:00;33.665;33.68;33.66;33.67;17028.0;0.0;1512054000
2017-11-30 15:30:00;33.68;33.7;33.625;33.65;181241.0;0.0;1512055800
2017-11-30 16:00:00;33.65;33.65;33.64;33.64;68347.0;0.0;1512057600
2017-12-01 09:30:00;33.4;33.46;33.38;33.395;94290.0;0.0;1512120600
2017-12-01 10:00:00;33.39;33.47;33.36;33.43;65310.0;0.0;1512122400
2017-12-01 10:30:00;33.44;33.44;33.385;33.405;31219.0;0.0;1512124200
2017-12-01 11:00:00;33.405;33.42;33.19;33.3;221221.0;0.0;1512126000
2017-12-01 11:30:00;33.32;33.35;33.19;33.335;174996.0;0.0;1512127800
2017-12-01 12:00:00;33.34;33.41;33.2636;33.31;59568.0;0.0;1512129600
2017-12-01 12:30:00;33.33;33.3442;33.305;33.3332;19047.0;0.0;1512131400
2017-12-01 13:00:00;33.33;33.35;33.321;33.33;6623.0;0.0;1512133200
2017-12-01 13:30:00;33.33;33.36;33.3069;33.355;14019.0;0.0;1512135000
2017-12-01 14:00:00;33.36;33.38;33.34;33.36;7264.0;0.0;1512136800
2017-12-01 14:30:00;33.36;33.37;33.34;33.34;5888.0;0.0;1512138600
2017-12-01 15:00:00;33.34;33.38;33.315;33.38;31115.0;0.0;1512140400
2017-12-01 15:30:00;33.39;33.43;33.36;33.365;191160.0;0.0;1512142200
2017-12-01 16:00:00;33.365;33.38;33.365;33.38;15332.0;0.0;1512144000
2017-12-04 09:30:00;33.47;33.49;33.42;33.42;64557.0;0.0;1512379800
2017-12-04 10:00:00;33.41;33.44;33.32;33.35;53975.0;0.0;1512381600
2017-12-04 10:30:00;33.34;33.38;33.29;33.32;18242.0;0.0;1512383400
2017-12-04 11:00:00;33.34;33.4;33.33;33.39;49717.0;0.0;1512385200
2017-12-04 11:30:00;33.41;33.43;33.38;33.4;23639.0;0.0;1512387000
2017-12-04 12:00:00;33.4;33.4101;33.39;33.39;7409.0;0.0;1512388800
2017-12-04 12:30:00;33.4;33.42;33.38;33.42;12425.0;0.0;1512390600
2017-12-04 13:00:00;33.41;33.4468;33.41;33.44;5197.0;0.0;1512392400
2017-12-04 13:30:00;33.45;33.4552;33.4426;33.4472;8550.0;0.0;1512394200
2017-12-04 14:00:00;33.44;33.44;33.4;33.4032;5647.0;0.0;1512396000
2017-12-04 14:30:00;33.4;33.4;33.375;33.3848;4631.0;0.0;1512397800
2017-12-04 15:00:00;33.38;33.3855;33.36;33.37;36128.0;0.0;1512399600
2017-12-04 15:30:00;33.37;33.37;33.315;33.33;121645.0;0.0;1512401400
2017-12-04 16:00:00;33.33;33.33;33.33;33.33;26685.0;0.0;1512403200
2017-12-05 09:30:00;33.33;33.39;33.3;33.33;45432.0;0.0;1512466200
2017-12-05 10:00:00;33.34;33.42;33.3;33.41;28976.0;0.0;1512468000
2017-12-05 10:30:00;33.4;33.4368;33.37;33.4164;8626.0;0.0;1512469800
2017-12-05 11:00:00;33.41;33.42;33.36;33.37;54370.0;0.0;1512471600
2017-12-05 11:30:00;33.37;33.37;33.24;33.24;65464.0;0.0;1512473400
2017-12-05 12:00:00;33.23;33.27;33.22;33.25;11533.0;0.0;1512475200
2017-12-05 12:30:00;33.25;33.25;33.2;33.2;5876.0;0.0;1512477000
2017-12-05 13:00:00;33.2;33.2135;33.19;33.2;81745.0;0.0;1512478800
2017-12-05 13:30:00;33.2;33.22;33.19;33.1932;204573.0;0.0;1512480600
2017-12-05 14:00:00;33.19;33.2;33.15;33.155;37126.0;0.0;1512482400
2017-12-05 14:30:00;33.15;33.17;33.14;33.17;119618.0;0.0;1512484200
2017-12-05 15:00:00;33.17;33.1975;33.16;33.19;204425.0;0.0;1512486000
2017-12-05 15:30:00;33.18;33.19;33.17;33.17;174351.0;0.0;1512487800
2017-12-05 16:00:00;33.17;33.36;32.54;33.18;55621.0;0.0;1512489600
2017-12-06 09:30:00;32.99;33.02;32.95;32.98;70679.0;0.0;1512552600
2017-12-06 10:00:00;32.9832;33.03;32.98;33.03;20824.0;0.0;1512554400
2017-12-06 10:30:00;33.03;33.08;33.03;33.06;7801.0;0.0;1512556200
2017-12-06 11:00:00;33.06;33.11;33.03;33.03;12039.0;0.0;1512558000
2017-12-06 11:30:00;33.04;33.1;33.04;33.06;42281.0;0.0;1512559800
2017-12-06 12:00:00;33.06;33.06;33.03;33.0401;19166.0;0.0;1512561600
2017-12-06 12:30:00;33.029;33.07;33.029;33.07;10597.0;0.0;1512563400
2017-12-06 13:00:00;33.07;33.07;33.06;33.06;1956.0;0.0;1512565200
2017-12-06 13:30:00;33.07;33.0962;33.07;33.095;8538.0;0.0;1512567000
2017-12-06 14:00:00;33.09;33.1;33.08;33.0927;19701.0;0.0;1512568800
2017-12-06 14:30:00;33.09;33.1;33.08;33.0969;9236.0;0.0;1512570600
2017-12-06 15:00:00;33.0925;33.11;33.075;33.085;46432.0;0.0;1512572400
2017-12-06 15:30:00;33.09;33.09;33.02;33.02;108723.0;0.0;1512574200
2017-12-06 16:00:00;33.02;33.03;33.02;33.02;14458.0;0.0;1512576000
2017-12-07 09:30:00;33.16;33.245;33.16;33.245;45860.0;0.0;1512639000
2017-12-07 10:00:00;33.24;33.24;33.21;33.22;10935.0;0.0;1512640800
2017-12-07 10:30:00;33.225;33.33;33.225;33.3142;17426.0;0.0;1512642600
2017-12-07 11:00:00;33.32;33.39;33.27;33.39;22415.0;0.0;1512644400
2017-12-07 11:30:00;33.38;33.38;33.345;33.3568;55803.0;0.0;1512646200
2017-12-07 12:00:00;33.3432;33.35;33.33;33.33;5297.0;0.0;1512648000
2017-12-07 12:30:00;33.34;33.38;33.33;33.37;7131.0;0.0;1512649800
2017-12-07 13:00:00;33.38;33.42;33.38;33.42;6321.0;0.0;1512651600
2017-12-07 13:30:00;33.41;33.41;33.36;33.36;26956.0;0.0;1512653400
2017-12-07 14:00:00;33.36;33.36;33.315;33.32;12166.0;0.0;1512655200
2017-12-07 14:30:00;33.3;33.31;33.275;33.31;34971.0;0.0;1512657000
2017-12-07 15:00:00;33.3069;33.32;33.3;33.32;9549.0;0.0;1512658800
2017-12-07 15:30:00;33.31;33.3275;33.25;33.25;189527.0;0.0;1512660600
2017-12-07 16:00:00;33.25;33.26;33.25;33.26;27219.0;0.0;1512662400
2017-12-08 09:30:00;33.59;33.63;33.525;33.55;62899.0;0.0;1512725400
2017-12-08 10:00:00;33.54;33.55;33.48;33.49;21418.0;0.0;1512727200
2017-12-08 10:30:00;33.5;33.56;33.48;33.52;5772.0;0.0;1512729000
2017-12-08 11:00:00;33.53;33.53;33.5;33.5;28996.0;0.0;1512730800
2017-12-08 11:30:00;33.5;33.54;33.46;33.53;27010.0;0.0;1512732600
2017-12-08 12:00:00;33.53;33.565;33.525;33.5649;6734.0;0.0;1512734400
2017-12-08 12:30:00;33.56;33.57;33.505;33.505;9599.0;0.0;1512736200
2017-12-08 13:00:00;33.5;33.5351;33.5;33.5351;11353.0;0.0;1512738000
2017-12-08 13:30:00;33.5349;33.54;33.5266;33.5339;9170.0;0.0;1512739800
2017-12-08 14:00:00;33.535;33.54;33.52;33.53;8688.0;0.0;1512741600
2017-12-08 14:30:00;33.525;33.54;33.52;33.5268;34752.0;0.0;1512743400
2017-12-08 15:00:00;33.53;33.5375;33.52;33.52;17669.0;0.0;1512745200
2017-12-08 15:30:00;33.53;33.535;33.505;33.52;98864.0;0.0;1512747000
2017-12-08 16:00:00;33.52;33.52;33.51;33.52;12662.0;0.0;1512748800
2017-12-11 09:30:00;33.47;33.5;33.45;33.49;68737.0;0.0;1512984600
2017-12-11 10:00:00;33.49;33.55;33.48;33.53;30655.0;0.0;1512986400
2017-12-11 10:30:00;33.54;33.55;33.48;33.48;152266.0;0.0;1512988200
2017-12-11 11:00:00;33.5059;33.55;33.5;33.54;103655.0;0.0;1512990000
2017-12-11 11:30:00;33.53;33.55;33.5;33.505;32644.0;0.0;1512991800
2017-12-11 12:00:00;33.505;33.52;33.5;33.51;10747.0;0.0;1512993600
2017-12-11 12:30:00;33.51;33.52;33.49;33.495;6088.0;0.0;1512995400
2017-12-11 13:00:00;33.49;33.5;33.4836;33.5;12603.0;0.0;1512997200
2017-12-11 13:30:00;33.495;33.53;33.495;33.53;6403.0;0.0;1512999000
2017-12-11 14:00:00;33.52;33.53;33.51;33.515;12845.0;0.0;1513000800
2017-12-11 14:30:00;33.515;33.519;33.5;33.5;14008.0;0.0;1513002600
2017-12-11 15:00:00;33.5;33.5;33.49;33.495;44896.0;0.0;1513004400
2017-12-11 15:30:00;33.49;33.5;33.475;33.49;170744.0;0.0;1513006200
2017-12-11 16:00:00;33.49;33.49;33.49;33.49;10266.0;0.0;1513008000
2017-12-12 09:30:00;33.31;33.345;33.27;33.345;261857.0;0.0;1513071000
2017-12-12 10:00:00;33.35;33.395;33.33;33.35;36024.0;0.0;1513072800
2017-12-12 10:30:00;33.355;33.36;33.28;33.29;13006.0;0.0;1513074600
2017-12-12 11:00:00;33.29;33.33;33.22;33.33;287362.0;0.0;1513076400
2017-12-12 11:30:00;33.33;33.33;33.28;33.29;30340.0;0.0;1513078200
2017-12-12 12:00:00;33.29;33.32;33.28;33.3133;7937.0;0.0;1513080000
2017-12-12 12:30:00;33.32;33.33;33.3;33.33;8895.0;0.0;1513081800
2017-12-12 13:00:00;33.32;33.34;33.32;33.34;1327.0;0.0;1513083600
2017-12-12 13:30:00;33.335;33.35;33.3148;33.3148;5602.0;0.0;1513085400
2017-12-12 14:00:00;33.32;33.35;33.32;33.34;6909.0;0.0;1513087200
2017-12-12 14:30:00;33.35;33.3699;33.34;33.36;5685.0;0.0;1513089000
2017-12-12 15:00:00;33.3652;33.37;33.36;33.365;22210.0;0.0;1513090800
2017-12-12 15:30:00;33.37;33.39;33.35;33.38;53259.0;0.0;1513092600
2017-12-12 16:00:00;33.38;33.38;33.38;33.38;14338.0;0.0;1513094400
2017-12-13 09:30:00;33.37;33.41;33.36;33.37;77411.0;0.0;1513157400
2017-12-13 10:00:00;33.37;33.381;33.32;33.34;39044.0;0.0;1513159200
2017-12-13 10:30:00;33.34;33.3499;33.31;33.335;14291.0;0.0;1513161000
2017-12-13 11:00:00;33.33;33.375;33.31;33.351;33378.0;0.0;1513162800
2017-12-13 11:30:00;33.36;33.365;33.32;33.33;15267.0;0.0;1513164600
2017-12-13 12:00:00;33.325;33.33;33.27;33.32;17625.0;0.0;1513166400
2017-12-13 12:30:00;33.33;33.33;33.28;33.3001;25604.0;0.0;1513168200
2017-12-13 13:00:00;33.3;33.31;33.29;33.31;11208.0;0.0;1513170000
2017-12-13 13:30:00;33.31;33.355;33.31;33.35;26750.0;0.0;1513171800
2017-12-13 14:00:00;33.37;33.45;33.3401;33.38;20518.0;0.0;1513173600
2017-12-13 14:30:00;33.38;33.445;33.38;33.445;55576.0;0.0;1513175400
2017-12-13 15:00:00;33.45;33.45;33.39;33.39;41928.0;0.0;1513177200
2017-12-13 15:30:00;33.39;33.41;33.35;33.36;90109.0;0.0;1513179000
2017-12-13 16:00:00;33.36;33.36;33.35;33.35;16978.0;0.0;1513180800
2017-12-14 09:30:00;33.37;33.45;33.36;33.38;74193.0;0.0;1513243800
2017-12-14 10:00:00;33.385;33.39;33.29;33.29;30963.0;0.0;1513245600
2017-12-14 10:30:00;33.27;33.3;33.235;33.2401;6025.0;0.0;1513247400
2017-12-14 11:00:00;33.2268;33.27;33.15;33.16;567238.0;0.0;1513249200
2017-12-14 11:30:00;33.165;33.17;33.1;33.14;24899.0;0.0;1513251000
2017-12-14 12:00:00;33.13;33.13;33.09;33.095;120023.0;0.0;1513252800
2017-12-14 12:30:00;33.1;33.13;33.1;33.1;29476.0;0.0;1513254600
2017-12-14 13:00:00;33.11;33.12;33.09;33.11;23091.0;0.0;1513256400
2017-12-14 13:30:00;33.11;33.11;33.09;33.1;4439.0;0.0;1513258200
2017-12-14 14:00:00;33.1;33.11;33.06;33.06;25182.0;0.0;1513260000
2017-12-14 14:30:00;33.05;33.06;33.041;33.06;7256.0;0.0;1513261800
2017-12-14 15:00:00;33.0533;33.065;33.03;33.065;242515.0;0.0;1513263600
2017-12-14 15:30:00;33.07;33.11;33.045;33.07;91401.0;0.0;1513265400
2017-12-14 16:00:00;33.07;33.07;33.06;33.06;7431.0;0.0;1513267200
2017-12-15 09:30:00;33.19;33.2;33.06;33.08;80047.0;0.0;1513330200
2017-12-15 10:00:00;33.08;33.13;33.04;33.05;20199.0;0.0;1513332000
2017-12-15 10:30:00;33.05;33.05;32.97;32.99;81173.0;0.0;1513333800
2017-12-15 11:00:00;32.99;33.05;32.98;33.02;24445.0;0.0;1513335600
2017-12-15 11:30:00;33.03;33.105;33.02;33.1;83981.0;0.0;1513337400
2017-12-15 12:00:00;33.09;33.09;33.055;33.07;8946.0;0.0;1513339200
2017-12-15 12:30:00;33.0745;33.08;33.04;33.04;22444.0;0.0;1513341000
2017-12-15 13:00:00;33.04;33.04;33.02;33.025;28807.0;0.0;1513342800
2017-12-15 13:30:00;33.025;33.03;33.02;33.02;11603.0;0.0;1513344600
2017-12-15 14:00:00;33.03;33.05;33.02;33.045;19637.0;0.0;1513346400
2017-12-15 14:30:00;33.05;33.07;33.045;33.045;39206.0;0.0;1513348200
2017-12-15 15:00:00;33.05;33.06;33.045;33.05;22063.0;0.0;1513350000
2017-12-15 15:30:00;33.05;33.05;32.94;33.01;160651.0;0.0;1513351800
2017-12-15 16:00:00;33.01;33.01;33.01;33.01;5825.0;0.0;1513353600
2017-12-18 09:30:00;33.48;33.52;33.42;33.5;86085.0;0.0;1513589400
2017-12-18 10:00:00;33.505;33.55;33.495;33.535;69079.0;0.0;1513591200
2017-12-18 10:30:00;33.53;33.56;33.525;33.53;61150.0;0.0;1513593000
2017-12-18 11:00:00;33.515;33.53;33.48;33.48;19893.0;0.0;1513594800
2017-12-18 11:30:00;33.489000000000004;33.51;33.47;33.4941;48412.0;0.0;1513596600
2017-12-18 12:00:00;33.51;33.521;33.495;33.5145;10066.0;0.0;1513598400
2017-12-18 12:30:00;33.51;33.515;33.465;33.465;114895.0;0.0;1513600200
2017-12-18 13:00:00;33.465;33.4771;33.46;33.465;43668.0;0.0;1513602000
2017-12-18 13:30:00;33.465;33.475;33.45;33.46;36337.0;0.0;1513603800
2017-12-18 14:00:00;33.465;33.47;33.45;33.455;21311.0;0.0;1513605600
2017-12-18 14:30:00;33.45;33.4507;33.43;33.44;23808.0;0.0;1513607400
2017-12-18 15:00:00;33.44;33.44;33.41;33.41;21817.0;0.0;1513609200
2017-12-18 15:30:00;33.41;33.44;33.37;33.43;226953.0;0.0;1513611000
2017-12-18 16:00:00;33.43;33.43;33.42;33.42;10716.0;0.0;1513612800
2017-12-19 09:30:00;33.05;33.0599;32.955;32.96;79201.0;0.0;1513675800
2017-12-19 10:00:00;32.96;32.981;32.96;32.98;24841.0;0.0;1513677600
2017-12-19 10:30:00;32.985;33.035;32.93;32.94;53460.0;0.0;1513679400
2017-12-19 11:00:00;32.945;32.959;32.895;32.91;31167.0;0.0;1513681200
2017-12-19 11:30:00;32.9;32.98;32.89;32.96;154680.0;0.0;1513683000
2017-12-19 12:00:00;32.965;32.98;32.94;32.945;10478.0;0.0;1513684800
2017-12-19 12:30:00;32.945;33.0;32.945;33.0;18751.0;0.0;1513686600
2017-12-19 13:00:00;33.01;33.059;32.995;33.05;9705.0;0.0;1513688400
2017-12-19 13:30:00;33.05;33.0572;33.04;33.04;44255.0;0.0;1513690200
2017-12-19 14:00:00;33.045;33.0699;33.03;33.06;20967.0;0.0;1513692000
2017-12-19 14:30:00;33.06;33.0666;33.0375;33.0375;20621.0;0.0;1513693800
2017-12-19 15:00:00;33.03;33.04;33.02;33.0232;21319.0;0.0;1513695600
2017-12-19 15:30:00;33.0261;33.04;32.98;32.99;145452.0;0.0;1513697400
2017-12-19 16:00:00;32.99;32.99;32.99;32.99;4662.0;0.0;1513699200
2017-12-20 09:30:00;32.94;33.0199;32.9258;33.0199;38346.0;0.0;1513762200
2017-12-20 10:00:00;33.01;33.0931;32.985;33.085;55425.0;0.0;1513764000
2017-12-20 10:30:00;33.085;33.14;33.05;33.059;98037.0;0.0;1513765800
2017-12-20 11:00:00;33.075;33.095;32.97;33.03;80984.0;0.0;1513767600
2017-12-20 11:30:00;33.03;33.045;33.01;33.01;56495.0;0.0;1513769400
2017-12-20 12:00:00;33.0199;33.02;32.99;33.0;25854.0;0.0;1513771200
2017-12-20 12:30:00;33.01;33.03;32.99;33.03;32960.0;0.0;1513773000
2017-12-20 13:00:00;33.03;33.0493;33.02;33.04;22919.0;0.0;1513774800
2017-12-20 13:30:00;33.045;33.045;33.01;33.02;4185.0;0.0;1513776600
2017-12-20 14:00:00;33.014;33.0175;32.99;32.99;4106.0;0.0;1513778400
2017-12-20 14:30:00;32.99;33.0;32.98;32.99;9199.0;0.0;1513780200
2017-12-20 15:00:00;33.0;33.0169;32.9925;33.0136;8525.0;0.0;1513782000
2017-12-20 15:30:00;33.0175;33.02;32.985;33.01;64725.0;0.0;1513783800
2017-12-20 16:00:00;33.005;33.01;33.0;33.01;20270.0;0.0;1513785600
2017-12-21 09:30:00;33.03;33.16;33.01;33.15;43468.0;0.0;1513848600
2017-12-21 10:00:00;33.15;33.27;33.14;33.23;43513.0;0.0;1513850400
2017-12-21 10:30:00;33.225;33.32;33.225;33.28;36602.0;0.0;1513852200
2017-12-21 11:00:00;33.28;33.385;33.2671;33.36;25128.0;0.0;1513854000
2017-12-21 11:30:00;33.36;33.3768;33.32;33.325;34296.0;0.0;1513855800
2017-12-21 12:00:00;33.32;33.3458;33.32;33.3458;24087.0;0.0;1513857600
2017-12-21 12:30:00;33.345;33.345;33.321;33.34;4042.0;0.0;1513859400
2017-12-21 13:00:00;33.33;33.34;33.31;33.3301;6897.0;0.0;1513861200
2017-12-21 13:30:00;33.335;33.34;33.33;33.33;11850.0;0.0;1513863000
2017-12-21 14:00:00;33.32;33.32;33.21;33.2168;475841.0;0.0;1513864800
2017-12-21 14:30:00;33.22;33.25;33.19;33.2;118539.0;0.0;1513866600
2017-12-21 15:00:00;33.1993;33.21;33.19;33.19;89342.0;0.0;1513868400
2017-12-21 15:30:00;33.1943;33.2;33.08;33.12;144744.0;0.0;1513870200
2017-12-21 16:00:00;33.12;33.12;33.12;33.12;5264.0;0.0;1513872000
2017-12-22 09:30:00;32.9;32.93;32.88;32.92;352826.0;0.0;1513935000
2017-12-22 10:00:00;32.92;32.925;32.83;32.84;25257.0;0.0;1513936800
2017-12-22 10:30:00;32.84;32.88;32.83;32.84;30560.0;0.0;1513938600
2017-12-22 11:00:00;32.85;32.85;32.78;32.835;24653.0;0.0;1513940400
2017-12-22 11:30:00;32.824;32.83;32.77;32.77;26596.0;0.0;1513942200
2017-12-22 12:00:00;32.77;32.83;32.77;32.81;63150.0;0.0;1513944000
2017-12-22 12:30:00;32.81;32.89;32.81;32.86;42816.0;0.0;1513945800
2017-12-22 13:00:00;32.86;32.86;32.84;32.84;46606.0;0.0;1513947600
2017-12-22 13:30:00;32.85;32.85;32.83;32.84;8271.0;0.0;1513949400
2017-12-22 14:00:00;32.83;32.85;32.83;32.8386;25727.0;0.0;1513951200
2017-12-22 14:30:00;32.84;32.85;32.835;32.835;9966.0;0.0;1513953000
2017-12-22 15:00:00;32.83;32.86;32.83;32.86;36371.0;0.0;1513954800
2017-12-22 15:30:00;32.85;32.95;32.85;32.94;211356.0;0.0;1513956600
2017-12-22 16:00:00;32.94;32.94;32.92;32.92;26340.0;0.0;1513958400
2017-12-26 09:30:00;32.94;32.96;32.78;32.9;113137.0;0.0;1514280600
2017-12-26 10:00:00;32.9;33.0;32.89;32.99;35393.0;0.0;1514282400
2017-12-26 10:30:00;32.99;32.99;32.95;32.95;12855.0;0.0;1514284200
2017-12-26 11:00:00;32.95;32.975;32.95;32.975;6285.0;0.0;1514286000
2017-12-26 11:30:00;32.975;32.98;32.97;32.98;4516.0;0.0;1514287800
2017-12-26 12:00:00;32.98;32.98;32.95;32.95;8020.0;0.0;1514289600
2017-12-26 12:30:00;32.95;32.96;32.95;32.95;3197.0;0.0;1514291400
2017-12-26 13:00:00;32.955;32.955;32.93;32.93;10330.0;0.0;1514293200
2017-12-26 13:30:00;32.93;32.94;32.88;32.89;17251.0;0.0;1514295000
2017-12-26 14:00:00;32.895;32.9;32.88;32.885;9527.0;0.0;1514296800
2017-12-26 14:30:00;32.89;32.89;32.87;32.87;13328.0;0.0;1514298600
2017-12-26 15:00:00;32.875;32.8768;32.85;32.85;11771.0;0.0;1514300400
2017-12-26 15:30:00;32.855;32.96;32.855;32.94;185888.0;0.0;1514302200
2017-12-26 16:00:00;32.94;32.94;32.93;32.93;7400.0;0.0;1514304000
2017-12-27 09:30:00;32.85;32.885;32.82;32.87;54933.0;0.0;1514367000
2017-12-27 10:00:00;32.875;32.93;32.87;32.93;15575.0;0.0;1514368800
2017-12-27 10:30:00;32.94;32.965;32.9;32.9;29618.0;0.0;1514370600
2017-12-27 11:00:00;32.9;32.92;32.87;32.92;29214.0;0.0;1514372400
2017-12-27 11:30:00;32.91;32.92;32.865;32.87;27833.0;0.0;1514374200
2017-12-27 12:00:00;32.87;32.878;32.84;32.8465;14500.0;0.0;1514376000
2017-12-27 12:30:00;32.85;32.8664;32.83;32.83;7027.0;0.0;1514377800
2017-12-27 13:00:00;32.83;32.84;32.8152;32.84;4685.0;0.0;1514379600
2017-12-27 13:30:00;32.84;32.87;32.83;32.85;43629.0;0.0;1514381400
2017-12-27 14:00:00;32.8547;32.86;32.83;32.835;6306.0;0.0;1514383200
2017-12-27 14:30:00;32.83;32.84;32.825;32.83;3794.0;0.0;1514385000
2017-12-27 15:00:00;32.83;32.8668;32.8263;32.8464;10502.0;0.0;1514386800
2017-12-27 15:30:00;32.85;32.86;32.84;32.86;140014.0;0.0;1514388600
2017-12-27 16:00:00;32.86;32.86;32.86;32.86;6661.0;0.0;1514390400
2017-12-28 09:30:00;32.87;32.91;32.86;32.91;72463.0;0.0;1514453400
2017-12-28 10:00:00;32.91;32.91;32.87;32.88;14485.0;0.0;1514455200
2017-12-28 10:30:00;32.87;32.89;32.81;32.82;19518.0;0.0;1514457000
2017-12-28 11:00:00;32.83;32.84;32.79;32.83;38056.0;0.0;1514458800
2017-12-28 11:30:00;32.83;32.875;32.815;32.8577;15063.0;0.0;1514460600
2017-12-28 12:00:00;32.8501;32.8501;32.84;32.84;2770.0;0.0;1514462400
2017-12-28 12:30:00;32.85;32.856;32.83;32.84;32079.0;0.0;1514464200
2017-12-28 13:00:00;32.84;32.8473;32.84;32.84;6867.0;0.0;1514466000
2017-12-28 13:30:00;32.84;32.85;32.84;32.85;5108.0;0.0;1514467800
2017-12-28 14:00:00;32.84;32.84;32.81;32.811;7083.0;0.0;1514469600
2017-12-28 14:30:00;32.8185;32.82;32.81;32.815;5335.0;0.0;1514471400
2017-12-28 15:00:00;32.81;32.82;32.81;32.8125;3974.0;0.0;1514473200
2017-12-28 15:30:00;32.81;32.84;32.79;32.84;115252.0;0.0;1514475000
2017-12-28 16:00:00;32.84;32.84;32.82;32.82;5604.0;0.0;1514476800
2017-12-29 09:30:00;32.83;32.86;32.83;32.8457;24892.0;0.0;1514539800
2017-12-29 10:00:00;32.85;32.85;32.78;32.79;7116.0;0.0;1514541600
2017-12-29 10:30:00;32.78;32.83;32.78;32.83;15677.0;0.0;1514543400
2017-12-29 11:00:00;32.82;32.87;32.799;32.87;11617.0;0.0;1514545200
2017-12-29 11:30:00;32.88;32.905;32.825;32.895;28774.0;0.0;1514547000
2017-12-29 12:00:00;32.92;32.93;32.905;32.91;6744.0;0.0;1514548800
2017-12-29 12:30:00;32.915;32.935;32.9;32.91;9646.0;0.0;1514550600
2017-12-29 13:00:00;32.92;32.925;32.91;32.92;5327.0;0.0;1514552400
2017-12-29 13:30:00;32.9162;32.92;32.9;32.9;15304.0;0.0;1514554200
2017-12-29 14:00:00;32.895;32.9;32.88;32.89;16438.0;0.0;1514556000
2017-12-29 14:30:00;32.885;32.887;32.84;32.86;30401.0;0.0;1514557800
2017-12-29 15:00:00;32.86;32.86;32.84;32.85;16397.0;0.0;1514559600
2017-12-29 15:30:00;32.855;32.855;32.74;32.775;113926.0;0.0;1514561400
2017-12-29 16:00:00;32.775;32.775;32.77;32.77;19602.0;0.0;1514563200
