n_row,new_switch,cur_switch,current_model_id,new_model_id,weights,ts,ret_ts,ts_n1_pre,ts_n2_pre,ts_n1_post,ts_n2_post
0,NONE,NONE,1,-1,"(1, 0)",227.47200646944404,0.00021096428091720623,227.47136856396148,176.91882754556684,224.8675337721462,227.25552199071197
1,NONE,NONE,1,-1,"(1, 0)",227.42402306274084,0.00021096428091720623,227.42431110803574,254.76216116905428,233.5776757371296,227.93562426435457
2,NONE,NONE,1,-1,"(1, 0)",227.37604977775482,0.00021096428091720623,227.3782115657891,533.0998159815107,228.99195205413744,227.51042069728692
3,NONE,NONE,1,-1,"(1, 0)",227.3280866123509,0.00021096428091720623,227.32952464469156,400.7502014001386,249.99627594939935,229.21346553863353
4,NONE,NONE,1,-1,"(1, 0)",227.31538127642594,5.589142625221152e-05,227.31751012355534,1120.4252297055855,230.86865661339868,227.61093399050628
5,NONE,NONE,1,-1,"(1, 0)",227.30058225533926,6.510559363963413e-05,227.30335517044793,2551.579864373798,220.27511042591271,226.71618271985923
6,NONE,NONE,1,-1,"(1, 0)",227.2824850846667,7.962096251414483e-05,227.28397210156615,665.873248155039,241.1323368914567,228.43464847303767
7,NONE,NONE,1,-1,"(1, 0)",227.2641585031893,8.063674760726675e-05,227.26623795929973,1227.0667173236966,232.63111340655828,227.71066924418412
8,NONE,NONE,1,-1,"(1, 0)",227.2482691704059,6.991814446604312e-05,227.24976885111568,615.5779768991654,224.99211441466142,227.06055233884308
9,NONE,NONE,1,-1,"(1, 0)",227.23419367909938,6.194074562435635e-05,227.23493133982535,221.18075872982791,242.85811891020327,228.53421771490727
10,NONE,NONE,1,-1,"(1, 0)",227.21801004083812,7.122261982928076e-05,227.21804416108404,97.22111696331625,242.24427005216415,228.4683930426645
11,NONE,NONE,1,-1,"(1, 0)",227.19941829012612,8.182675031048578e-05,227.19791826877778,20.422573085669256,217.94906239219966,226.42960369529524
12,NONE,NONE,1,-1,"(1, 0)",227.18180970282896,7.750578686430316e-05,227.18057685911367,27.203293960323997,232.06262773156988,227.58802284969755
13,NONE,NONE,1,-1,"(1, 0)",227.1671181944811,6.467059764388112e-05,227.16714361104633,137.35531045527634,222.8906856194931,226.81118288422275
14,NONE,NONE,1,-1,"(1, 0)",227.1525466955932,6.414645906381087e-05,227.15211301174372,75.69973259076565,250.93688682313805,229.13228784557288
15,NONE,NONE,1,-1,"(1, 0)",227.13514499272577,7.661093705303894e-05,227.13378812176396,27.75860031956035,236.69832070608913,227.9312176558075
16,NONE,NONE,1,-1,"(1, 0)",227.1164593871996,8.226984938098451e-05,227.1166443486321,132.10056324152265,231.4836155301347,227.48002686247827
17,NONE,NONE,1,-1,"(1, 0)",227.1001153490303,7.196583782023416e-05,227.10051159998233,168.67011486901959,215.94552767864008,226.1714246843563
18,NONE,NONE,1,-1,"(1, 0)",227.08598934153312,6.220360929511352e-05,227.0861190321782,118.05095286580678,201.9050212388803,224.98938251099636
19,NONE,NONE,1,-1,"(1, 0)",227.07041661405734,6.857869790088603e-05,227.0705465621701,118.08104001325111,225.02182218387333,226.89983573646447
20,NONE,NONE,1,-1,"(1, 0)",227.05203605089932,8.094981016767406e-05,227.05301550078266,282.9276788037045,229.97767114522216,227.29566543638893
21,NONE,NONE,1,-1,"(1, 0)",227.03398273922716,7.951494181553638e-05,227.035034159522,305.0793290891431,227.05394210731222,227.0356449681437
22,NONE,NONE,1,-1,"(1, 0)",227.0188755738647,6.654364174311141e-05,227.02098329035417,1144.41228128491,223.5713322508145,226.7317428587231
23,NONE,NONE,1,-1,"(1, 0)",227.00462730651242,6.276444838914587e-05,227.0062972681086,640.2396422759988,234.86014308949566,227.65892427645147
24,NONE,NONE,1,-1,"(1, 0)",226.98777168157096,7.425509760406799e-05,226.98933328347147,566.9963914350708,233.62809689699296,227.54089478886465
25,NONE,NONE,1,-1,"(1, 0)",226.96900988100754,8.265897255475391e-05,226.97001447327662,323.4498463043866,228.61233440188525,227.1059061733814
26,NONE,NONE,1,-1,"(1, 0)",226.9520975960025,7.451640707731815e-05,226.95289088651364,255.39592856379647,243.21943684516552,228.3073407943712
27,NONE,NONE,1,-1,"(1, 0)",226.9378414602695,6.28175886309308e-05,226.93856471644008,232.74210122395615,224.2935179256336,226.71752721242208
28,NONE,NONE,1,-1,"(1, 0)",226.92280018350473,6.628147669199507e-05,226.92311152876096,138.67307085275309,230.94049252042728,227.25756010414707
29,NONE,NONE,1,-1,"(1, 0)",226.9047826512556,7.940254378581776e-05,226.90406186896746,46.94190144178221,225.02417795731523,226.74807551311594
30,NONE,NONE,1,-1,"(1, 0)",226.88635826636028,8.120204756828255e-05,226.88543807117108,38.24902982420292,221.6639323758153,226.4511483172158
31,NONE,NONE,1,-1,"(1, 0)",226.87075598376006,6.87693134339137e-05,226.86766210793414,2.744768335783394,230.89324895278145,227.2059927857495
32,NONE,NONE,1,-1,"(1, 0)",226.85669734916235,6.196951275019529e-05,226.853631122047,2.847847398501184,229.1043997425362,227.04403372594044
33,NONE,NONE,1,-1,"(1, 0)",226.8404317036507,7.170266010976875e-05,226.83667360078167,1.2737228595844483,233.031440210756,227.35646277144176
34,NONE,NONE,1,-1,"(1, 0)",226.82173371127115,8.243135009071447e-05,226.81915062534284,4.177858860832967,227.06302134460307,226.84184710298084
35,NONE,NONE,1,-1,"(1, 0)",226.80427285489392,7.698348918770516e-05,226.80224811052688,7.6456559129003026,233.55522592367566,227.36706596278225
36,NONE,NONE,1,-1,"(1, 0)",226.78974933665842,6.403752046950067e-05,226.78794310853002,10.159335821313647,247.62345580377155,228.52666220810247
37,NONE,NONE,1,-1,"(1, 0)",226.77516771733656,6.429782718467224e-05,226.77398815380116,22.891971467369174,227.17331811582162,226.80836377967654
38,NONE,NONE,1,-1,"(1, 0)",226.7576199664133,7.738250203079305e-05,226.75493314749144,4.510826835129492,208.97116602113584,225.27454741962705
39,NONE,NONE,1,-1,"(1, 0)",226.7389406399803,8.237913169001046e-05,226.7383597333074,38.012602833437036,227.49665424592726,226.80212562489368
40,NONE,NONE,1,-1,"(1, 0)",226.722782049379,7.126771588264478e-05,226.7230432317686,101.817444840903,214.06476505080997,225.66716735733823
41,NONE,NONE,1,-1,"(1, 0)",226.70877256033913,6.179318091964788e-05,226.70908101554892,108.52101492595858,219.0050113216488,226.06627807809073
42,NONE,NONE,1,-1,"(1, 0)",226.69310143826098,6.912685184190046e-05,226.69413980187377,261.7992386932738,247.01492643860996,228.38806090343638
43,NONE,NONE,1,-1,"(1, 0)",226.67461012709225,8.157312798105326e-05,226.67462048920788,91.50573000129295,223.8453911638634,226.4386174121976
44,NONE,NONE,1,-1,"(1, 0)",226.65665339298315,7.922124752237611e-05,226.65609457273112,50.24838743754885,235.6254501649544,227.40482396976788
45,NONE,NONE,1,-1,"(1, 0)",226.64174051904644,6.579716205652897e-05,226.64000020247502,11.232702820805814,218.39912280176537,225.95410203359802
46,NONE,NONE,1,-1,"(1, 0)",226.62751665088936,6.276123049053983e-05,226.6256045704574,8.937803051681543,216.4499140100799,225.7783992036844
47,NONE,NONE,1,-1,"(1, 0)",226.61052004473564,7.50007933385097e-05,226.60915584905567,16.43751123974889,224.84359950739557,226.463094797487
48,NONE,NONE,1,-1,"(1, 0)",226.59172058803776,8.296277036232505e-05,226.59084515119986,26.86866522974401,226.0960694047535,226.55036187429494
49,NONE,NONE,1,-1,"(1, 0)",226.57497829622295,7.389021242584159e-05,226.57622446718696,294.9751061173422,242.5694755304684,227.9097087194283
50,NONE,NONE,1,-1,"(1, 0)",226.56087177713823,6.226176581263052e-05,226.56210392307415,289.49380795206156,235.31335029052426,227.29130591058865
51,NONE,NONE,1,-1,"(1, 0)",226.54576390348944,6.66857311929982e-05,226.5472443200309,395.00156548366846,221.24376962105757,226.103258862248
52,NONE,NONE,1,-1,"(1, 0)",226.52761323384885,8.012242857860975e-05,226.527851747354,108.33161728637842,227.76683840596337,226.63104739364746
53,NONE,NONE,1,-1,"(1, 0)",226.50924578659448,8.108588472991396e-05,226.5083997012597,35.4668357962871,229.1025026909831,226.72571419422675
54,NONE,NONE,1,-1,"(1, 0)",226.49384347238512,6.800092352775801e-05,226.49226436261733,14.41947440187272,227.48508468491076,226.57659154031072
55,NONE,NONE,1,-1,"(1, 0)",226.47985175202172,6.177718713197589e-05,226.47890207436114,33.75039924977959,222.97145126581705,226.18695503488487
56,NONE,NONE,1,-1,"(1, 0)",226.46345615033468,7.239582264776928e-05,226.462668086908,40.659105732921404,211.27537340925113,225.1953963437934
57,NONE,NONE,1,-1,"(1, 0)",226.44468249931458,8.29026878909306e-05,226.4439280724098,42.05389595562939,218.80451560737725,225.80674867143978
58,NONE,NONE,1,-1,"(1, 0)",226.4273651470116,7.647790320205286e-05,226.42515004853325,8.533008148811279,236.75484188623054,227.28974822532592
59,NONE,NONE,1,-1,"(1, 0)",226.41301876035357,6.336178120441395e-05,226.4108862717546,9.512171209828237,207.45763055553016,224.83007238932004
60,NONE,NONE,1,-1,"(1, 0)",226.39840806901225,6.453322721428471e-05,226.39623643502938,9.040096135170506,217.3931704665206,225.64634074295296
61,NONE,NONE,1,-1,"(1, 0)",226.38071468212397,7.815460567075193e-05,226.37882981191845,12.278711173368519,231.3227783707281,226.79348059471909
62,NONE,NONE,1,-1,"(1, 0)",226.36204960177295,8.245335689056135e-05,226.35956445836223,6.682722971216019,233.82436740754005,226.98536095423205
63,NONE,NONE,1,-1,"(1, 0)",226.34608634287505,7.052340188774753e-05,226.34175878823248,0.7534524334234524,217.02853290282602,225.56775626054593
64,NONE,NONE,1,-1,"(1, 0)",226.33218466469822,6.141968400762772e-05,226.3289744293492,3.442557222305305,217.92542542320905,225.62989349456055
65,NONE,NONE,1,-1,"(1, 0)",226.31640464479545,6.972304910185986e-05,226.3138785238191,7.811662331659219,213.78318379349278,225.26932052997776
66,NONE,NONE,1,-1,"(1, 0)",226.297805104189,8.218717051440582e-05,226.2942980129607,2.8807650151667064,223.32228649867216,226.04919587783598
67,NONE,NONE,1,-1,"(1, 0)",226.27995765228388,7.887021141143826e-05,226.27542883570132,0.9755141739757828,234.82248697819708,226.99375561349274
68,NONE,NONE,1,-1,"(1, 0)",226.26524078054058,6.50404503216428e-05,226.26117255758794,1.7621684940157576,225.3367771117661,226.18765502642057
69,NONE,NONE,1,-1,"(1, 0)",226.25102970332622,6.280913260357242e-05,226.24834413208822,11.087476243143529,217.1929676905741,225.49405801134185
70,NONE,NONE,1,-1,"(1, 0)",226.23388533353975,7.577874631799494e-05,226.23112982447503,10.261322663606052,235.67910140144403,227.0232708553524
71,NONE,NONE,1,-1,"(1, 0)",226.2150572735314,8.322733571098682e-05,226.21277276870498,16.462508092159844,211.99473718310753,225.02649271279128
72,NONE,NONE,1,-1,"(1, 0)",226.19849520134025,7.32165166492096e-05,226.1952650631866,5.591335070862529,209.21711933605232,224.77905181085504
73,NONE,NONE,1,-1,"(1, 0)",226.18453334871876,6.172580200753065e-05,226.18158318220338,8.166567862955905,221.48186745004938,225.7914214994022
74,NONE,NONE,1,-1,"(1, 0)",226.1693465074227,6.714584301393215e-05,226.16612347153506,5.812425933992925,231.65269084552986,226.6277487035192
75,NONE,NONE,1,-1,"(1, 0)",226.15106265707584,8.084468437123241e-05,226.14835117173214,9.861874037011473,224.99344362810228,226.05427902016012
76,NONE,NONE,1,-1,"(1, 0)",226.13276443513513,8.091477454926468e-05,226.1301477700488,10.873747427131493,221.7569595618356,225.7668922709992
77,NONE,NONE,1,-1,"(1, 0)",226.11756701265514,6.72080103824392e-05,226.11576997760645,30.139423981682615,227.1512673555154,226.2040031339019
78,NONE,NONE,1,-1,"(1, 0)",226.1036317840518,6.163014314603286e-05,226.10125824576716,13.782260582880038,230.6363558640254,226.48267319363038
79,NONE,NONE,1,-1,"(1, 0)",226.0870970366661,7.313173994597107e-05,226.08362977393645,3.94469439414422,230.0108804085606,226.415240802977
80,NONE,NONE,1,-1,"(1, 0)",226.06825440688598,8.334582231918381e-05,226.0661063307646,14.817374374142556,232.02445336134255,226.56640944702946
81,NONE,NONE,1,-1,"(1, 0)",226.05109238472264,7.591810566558247e-05,226.04802491629795,5.379486767486564,204.3897936533112,224.23928178855317
82,NONE,NONE,1,-1,"(1, 0)",226.03692111087997,6.269254403679031e-05,226.03377962894376,4.872071773211457,220.1950407139397,225.54825953437248
83,NONE,NONE,1,-1,"(1, 0)",226.02226860917085,6.482558942493963e-05,226.0193117601279,6.180827720067273,219.64771189573773,225.48901515997815
84,NONE,NONE,1,-1,"(1, 0)",226.0044264190699,7.89430814881342e-05,226.00336599620059,46.10325516173165,211.86641200408397,224.82163983840215
85,NONE,NONE,1,-1,"(1, 0)",225.9857870101659,8.247704645248558e-05,225.9844121803224,33.50745001678683,222.18460296202167,225.6677536440906
86,NONE,NONE,1,-1,"(1, 0)",225.97002677586002,6.974236786671209e-05,225.9674743251414,8.155814186325685,240.9050163907715,227.2196785251471
87,NONE,NONE,1,-1,"(1, 0)",225.95622447355072,6.108210034465127e-05,225.954041257654,13.521561352614356,223.03636727313133,225.7118970494467
88,NONE,NONE,1,-1,"(1, 0)",225.94032438183137,7.037049415923113e-05,225.938650242525,24.764854438578926,213.96807238797263,224.9384413645997
89,NONE,NONE,1,-1,"(1, 0)",225.92162050621764,8.278579701622331e-05,225.91918026872577,11.412663243776153,220.8644509727743,225.49838252718592
90,NONE,NONE,1,-1,"(1, 0)",225.90389503017056,7.846159832348012e-05,225.90005067808804,2.5513189630469815,244.16050747707956,227.43192330625553
91,NONE,NONE,1,-1,"(1, 0)",225.889375284556,6.427605975374284e-05,225.88534508090132,2.0021017286876486,220.97831702293252,225.4783067870841
92,NONE,NONE,1,-1,"(1, 0)",225.87516465193045,6.291167798277082e-05,225.87215194541292,7.749757123134813,206.88268466007645,224.2853440923428
93,NONE,NONE,1,-1,"(1, 0)",225.85786635884077,7.658635481865539e-05,225.8547926375586,7.247367945878442,228.97819047779072,226.11908213370202
94,NONE,NONE,1,-1,"(1, 0)",225.83901952537457,8.344902994065463e-05,225.8371235819444,23.616157203165717,235.7712880863876,226.6705619049555
95,NONE,NONE,1,-1,"(1, 0)",225.82264772467582,7.249586091990611e-05,225.8208000791313,24.96514928367806,234.17740181894138,226.5221692618511
96,NONE,NONE,1,-1,"(1, 0)",225.80882465081254,6.121395302636754e-05,225.8071532828216,31.76581999392059,229.20860491929906,226.09349671623886
97,NONE,NONE,1,-1,"(1, 0)",225.79354632657848,6.766272819518275e-05,225.79185906177852,31.140508818834054,226.9892233880993,225.89367011792456
98,NONE,NONE,1,-1,"(1, 0)",225.77513009738644,8.156557424709384e-05,225.7735495196724,34.737686906588856,238.16484961807197,226.8127069805903
99,NONE,NONE,1,-1,"(1, 0)",225.75691389666244,8.068619260220234e-05,225.7551834201768,29.72584968356557,248.9616752492387,227.70035310503644
100,NONE,NONE,1,-1,"(1, 0)",225.74192563107917,6.63933736993224e-05,225.7398096745903,18.274498321602074,214.74931716973384,224.82121438560893
101,NONE,NONE,1,-1,"(1, 0)",225.72803570772885,6.15319934620221e-05,225.72568412725718,13.25684055716588,240.40390622861253,226.95732269031757
102,NONE,NONE,1,-1,"(1, 0)",225.7113529717732,7.390908450425461e-05,225.70946943605148,22.527353365075513,235.62418658780294,226.54173764816474
103,NONE,NONE,1,-1,"(1, 0)",225.69244895251282,8.375657976671986e-05,225.6909250206759,32.27126714090889,210.70099261029839,224.43652972620862
104,NONE,NONE,1,-1,"(1, 0)",225.6754541019112,7.530376216212517e-05,225.67377273817934,27.080567317029193,236.24525862199144,226.56101318927244
105,NONE,NONE,1,-1,"(1, 0)",225.66145501846876,6.203385171510274e-05,225.6594121287049,16.615028643224928,234.70809191390273,226.41944713523444
106,NONE,NONE,1,-1,"(1, 0)",225.64674758855858,6.517687837454065e-05,225.64470900086081,16.703230463653238,222.07652411925727,225.3475891649807
107,NONE,NONE,1,-1,"(1, 0)",225.62875418230632,7.974466236793269e-05,225.62728181194697,30.276235816554316,227.27395724072983,225.7666210714963
108,NONE,NONE,1,-1,"(1, 0)",225.61015255332455,8.244691986716371e-05,225.60894548649713,39.639911260050916,230.21896971149508,225.99640011735144
109,NONE,NONE,1,-1,"(1, 0)",225.59460255524158,6.892657009076554e-05,225.59290277347287,21.77016626181146,234.1701824902333,226.3133390682026
110,NONE,NONE,1,-1,"(1, 0)",225.58089031552515,6.078450597305846e-05,225.57946378536778,31.72587338403033,239.2352672203752,226.72536052847812
111,NONE,NONE,1,-1,"(1, 0)",225.56485910783155,7.106886287114619e-05,225.5619992936331,5.849880219359214,213.9852022556445,224.5942169236721
112,NONE,NONE,1,-1,"(1, 0)",225.54605572431967,8.336479080658783e-05,225.54206372399773,1.8730648837101203,229.4546823651277,225.87371605459984
113,NONE,NONE,1,-1,"(1, 0)",225.5284651625082,7.799403870463842e-05,225.52421215791514,1.414253950823005,250.13636933288547,227.5915076687663
114,NONE,NONE,1,-1,"(1, 0)",225.51414283041737,6.350766797580032e-05,225.51033960666157,2.5599476789064077,214.50555695355214,224.5911620344736
115,NONE,NONE,1,-1,"(1, 0)",225.4999197146686,6.307171742377347e-05,225.49590869323106,1.9412944445485458,221.8286646006388,225.192095282876
116,NONE,NONE,1,-1,"(1, 0)",225.48246194381042,7.742107708364917e-05,225.47910562965725,3.943454463067945,213.6307122014539,224.48864907059055
117,NONE,NONE,1,-1,"(1, 0)",225.4636069927869,8.362397338989959e-05,225.45855086583845,0.7167957122728509,228.99542182297748,225.75978744290694
118,NONE,NONE,1,-1,"(1, 0)",225.44743524078126,7.172923480643722e-05,225.44207596272122,0.5026222459220855,228.61922335824622,225.713442679987
119,NONE,NONE,1,-1,"(1, 0)",225.43374411962037,6.0730506358728686e-05,225.42936845649908,1.954282550399237,231.50314030100634,225.94279533256244
120,NONE,NONE,1,-1,"(1, 0)",225.41836169559983,6.823711735219069e-05,225.414059529982,2.1381335217211523,225.1150554207869,225.39292111493333
121,NONE,NONE,1,-1,"(1, 0)",225.39981478946018,8.228109298839564e-05,225.39496291336218,1.2202509489161895,236.29539813657544,226.31378458996522
122,NONE,NONE,1,-1,"(1, 0)",225.3816938693591,8.039779699371927e-05,225.37656723703515,0.915640063017614,231.34103722766412,225.8816301833547
123,NONE,NONE,1,-1,"(1, 0)",225.36691830997145,6.556008823411369e-05,225.3611353678229,0.3951373307604972,213.51880154451,224.37290071232627
124,NONE,NONE,1,-1,"(1, 0)",225.35306175314602,6.148632163083405e-05,225.3470114363851,0.2741918818994307,224.98279015565967,225.32199528729063
125,NONE,NONE,1,-1,"(1, 0)",225.33622260133558,7.472621339295202e-05,225.3297193276337,0.16478113574214467,229.89760351276996,225.71895942167984
126,NONE,NONE,1,-1,"(1, 0)",225.31726570303528,8.413070708856342e-05,225.30824416772333,0.01335768639159029,215.08479653840675,224.45860638759325
127,NONE,NONE,1,-1,"(1, 0)",225.30044981903453,7.463481096852313e-05,225.29083364026008,0.006838710468724081,239.25297779377578,226.47136586286058
128,NONE,NONE,1,-1,"(1, 0)",225.28661906162398,6.138994378713837e-05,225.2765729187528,0.0037958124094630346,232.86707190163756,225.92282052879244
129,NONE,NONE,1,-1,"(1, 0)",225.27184325379642,6.558885946531428e-05,225.26208221175565,0.005462139881264059,226.5475357720632,225.37891478400763
130,NONE,NONE,1,-1,"(1, 0)",225.25369702957926,8.055580696072078e-05,225.24159186803942,0.000474382454395747,217.76036538419783,224.6247154305653
131,NONE,NONE,1,-1,"(1, 0)",225.23514594766348,8.235978411214086e-05,225.2223685537826,0.00023881762319359517,230.2504564625108,225.65615998978114
132,NONE,NONE,1,-1,"(1, 0)",225.21981284911195,6.807827623176894e-05,225.20689131475493,0.00019969692526809304,216.11230733219114,224.45522434610157
133,NONE,NONE,1,-1,"(1, 0)",225.20618047817186,6.05310135125365e-05,225.19415440839128,0.0006907197550590421,227.95713121799986,225.43714082462336
134,NONE,NONE,1,-1,"(1, 0)",225.19000730638984,7.18175341071306e-05,225.1774823252775,0.00038503670452429535,210.93754518553177,223.99333375070813
135,NONE,NONE,1,-1,"(1, 0)",225.1711102037084,8.391977885219087e-05,225.15748423047694,0.00012780336617866325,222.86058854284525,224.97709655253425
136,NONE,NONE,1,-1,"(1, 0)",225.15366768444264,7.746639816836439e-05,225.14001775924436,0.000124375452862799,229.03234116063908,225.47938369589926
137,NONE,NONE,1,-1,"(1, 0)",225.13954216573254,6.273920372649616e-05,225.12613728991641,0.00017245450893852167,221.4016748453005,224.82563081723612
138,NONE,NONE,1,-1,"(1, 0)",225.12529309220582,6.329196693009491e-05,225.1115536938778,0.00011049997379511678,230.46053533451612,225.57338259018948
139,NONE,NONE,1,-1,"(1, 0)",225.10767095928873,7.828006535775397e-05,225.093465320869,6.691903969981183e-05,229.87789009717076,225.5083373827991
140,NONE,NONE,1,-1,"(1, 0)",225.0888193642433,8.374829862795255e-05,225.07353059830595,2.255029674205662e-05,226.8039109614577,225.23288762377558
141,NONE,NONE,1,-1,"(1, 0)",225.07285709496574,7.091793957148847e-05,225.05751016773675,2.102038967815158e-05,217.44803812575762,224.4323243644407
142,NONE,NONE,1,-1,"(1, 0)",225.05929014300074,6.027986249087276e-05,225.04485200180656,7.44994482147966e-05,209.68978113584228,223.7680769267396
143,NONE,NONE,1,-1,"(1, 0)",225.04379096179093,6.88694739786908e-05,225.02902018457348,4.9584831353898624e-05,215.30243636107872,224.22535023734363
144,NONE,NONE,1,-1,"(1, 0)",225.02511602428902,8.29870147559476e-05,225.0109302827165,8.954540745343427e-05,230.14015186022118,225.45490235628793
145,NONE,NONE,1,-1,"(1, 0)",225.00710406410593,8.00474250007805e-05,224.9922632449568,4.495909508364139e-05,228.1198388152306,225.26866976700342
146,NONE,NONE,1,-1,"(1, 0)",224.99254398306178,6.471152194193711e-05,224.97685653027875,1.4952871866767403e-05,253.54252022303334,227.39177760286685
147,NONE,NONE,1,-1,"(1, 0)",224.97870812090756,6.14966493697462e-05,224.9623054129013,5.618049418431034e-06,208.7768946274569,223.61708435366344
148,NONE,NONE,1,-1,"(1, 0)",224.9617046106584,7.558116486604666e-05,224.9456259063492,8.0434251375976e-06,223.02227214968045,224.7986995905432
149,NONE,NONE,1,-1,"(1, 0)",224.9427042735364,8.446388503010066e-05,224.92713602772636,1.3349000287902967e-05,212.8907924827785,223.92968211288496
150,NONE,NONE,1,-1,"(1, 0)",224.92607903897675,7.391148345439555e-05,224.91077774226522,1.8059766110351618e-05,236.34901531214143,225.88630369856173
151,NONE,NONE,1,-1,"(1, 0)",224.91241176618675,6.0765243853432325e-05,224.89600020351048,3.881508589182944e-06,234.84586739011394,225.74747977624938
152,NONE,NONE,1,-1,"(1, 0)",224.89755385072752,6.606307819010346e-05,224.88141391207856,5.476528119347228e-06,224.8003812026946,224.88938437438273
153,NONE,NONE,1,-1,"(1, 0)",224.87925407387996,8.137270101632338e-05,224.86242674373437,2.687822343374059e-06,214.24105260020409,223.98480888462308
154,NONE,NONE,1,-1,"(1, 0)",224.86076693533462,8.221255699793029e-05,224.84577572695122,1.755465701631291e-05,210.9704101259125,223.69278902852608
155,NONE,NONE,1,-1,"(1, 0)",224.84565678328798,6.720007211558906e-05,224.82979179163885,5.873806931613995e-06,232.9907083455461,225.5305837233932
156,NONE,NONE,1,-1,"(1, 0)",224.8320932090123,6.032575229713718e-05,224.8168581494893,1.411611346727567e-05,234.59752857894279,225.65332966444538
157,NONE,NONE,1,-1,"(1, 0)",224.81576749016463,7.26155744606793e-05,224.80026061942982,1.0289597940614078e-05,217.88047933399,224.23249343787035
158,NONE,NONE,1,-1,"(1, 0)",224.79678344416155,8.444624588394586e-05,224.78020032065652,3.517349664788544e-06,219.93622473608602,224.38796449841163
159,NONE,NONE,1,-1,"(1, 0)",224.77950222667073,7.687779827418081e-05,224.76184992789044,1.0901416270670828e-06,216.8496989714844,224.11247951638717
160,NONE,NONE,1,-1,"(1, 0)",224.76557198438238,6.197484119811798e-05,224.74881007596056,3.6452266863140556e-06,216.06263573436314,224.03347110915627
161,NONE,NONE,1,-1,"(1, 0)",224.75128297084134,6.357498451205087e-05,224.73473099829675,4.805523380542383e-06,244.85141807960713,226.44223664887747
162,NONE,NONE,1,-1,"(1, 0)",224.73349232696833,7.916016230141689e-05,224.71685495354984,4.382071570039154e-06,225.82594541205071,224.82540383849184
163,NONE,NONE,1,-1,"(1, 0)",224.71465636580987,8.38181722376043e-05,224.6978023432146,3.5202784970164966e-06,238.37886072207274,225.86436518604253
164,NONE,NONE,1,-1,"(1, 0)",224.6989125994286,7.006360054477969e-05,224.68211976711012,3.7831104930011266e-06,221.5949272993626,224.43772437158998
165,NONE,NONE,1,-1,"(1, 0)",224.68546106058056,5.986651802110529e-05,224.669449706814,1.1332059564291209e-05,214.57001898263604,223.83423519806746
166,NONE,NONE,1,-1,"(1, 0)",224.66983248903415,6.955997526703631e-05,224.65345970098943,7.30754067613207e-06,221.35576448908688,224.39093052836085
167,NONE,NONE,1,-1,"(1, 0)",224.6510331506354,8.36789023049523e-05,224.6345619132626,6.608903423092232e-06,218.9707358237001,224.172956468071
168,NONE,NONE,1,-1,"(1, 0)",224.63314420113664,7.963311600983902e-05,224.61510712887255,1.2608247748217606e-06,224.74330105080784,224.6424161832426
169,NONE,NONE,1,-1,"(1, 0)",224.6188015326846,6.385133595117478e-05,224.60136242963185,2.769196578411696e-06,244.9479069130062,226.33002636956076
170,NONE,NONE,1,-1,"(1, 0)",224.6049729843485,6.156641355574657e-05,224.5886537160258,1.2785611377061967e-05,220.10092241146404,224.22581622378732
171,NONE,NONE,1,-1,"(1, 0)",224.58779772837738,7.647164914181617e-05,224.5718071947015,1.833479079052399e-05,236.4682610900368,225.5879868722213
172,NONE,NONE,1,-1,"(1, 0)",224.56876432660079,8.475174759061561e-05,224.55220432061867,1.0397837829934225e-05,227.59227961332323,224.82332876415626
173,NONE,NONE,1,-1,"(1, 0)",224.55234124303303,7.313432110587874e-05,224.53610932640854,1.5148382906767706e-05,205.41644188880636,222.94107909685187
174,NONE,NONE,1,-1,"(1, 0)",224.5388316044597,6.0164346993434225e-05,224.52191930343432,5.836490976796496e-06,226.43249947785637,224.69828995465573
175,NONE,NONE,1,-1,"(1, 0)",224.52387762808797,6.660083801122279e-05,224.50763968563874,1.3672368718014299e-05,239.0400543263785,225.74630939016302
176,NONE,NONE,1,-1,"(1, 0)",224.50542448579205,8.219126110227756e-05,224.48804793072966,4.25094742054814e-06,236.59286494492744,225.52341193251485
177,NONE,NONE,1,-1,"(1, 0)",224.48701528148663,8.200229084148455e-05,224.46831788653128,1.0929025786848407e-06,203.6494092392229,222.73195712993106
178,NONE,NONE,1,-1,"(1, 0)",224.47213343785205,6.62948675062662e-05,224.45156035880132,1.006438164511771e-07,242.66131307205276,226.0042280713755
179,NONE,NONE,1,-1,"(1, 0)",224.45862671689213,6.017284696357914e-05,224.43821571767407,1.260541093535558e-07,209.20199229875215,223.1734662672851
180,NONE,NONE,1,-1,"(1, 0)",224.442138204886,7.34617238463182e-05,224.42082234763944,4.45750489060744e-08,240.62358903389367,225.8053017835133
181,NONE,NONE,1,-1,"(1, 0)",224.42307500026985,8.49395500777494e-05,224.40159918883464,3.796343668720059e-08,211.9386920237025,223.3712718004482
182,NONE,NONE,1,-1,"(1, 0)",224.40596841151958,7.622763726934577e-05,224.3839178256338,2.0072813935010835e-08,212.65725448661746,223.41606951707342
183,NONE,NONE,1,-1,"(1, 0)",224.3922309246909,6.121899264881109e-05,224.37011638742152,1.8346089022250718e-08,222.6595477951288,224.24623314738375
184,NONE,NONE,1,-1,"(1, 0)",224.3778875257,6.392314642194624e-05,224.3553295962,1.0205535732888617e-08,212.2651848194416,223.35719269166128
185,NONE,NONE,1,-1,"(1, 0)",224.35992502250627,8.005789884888875e-05,224.33723201516278,8.83520743207459e-09,202.15127394314968,222.4883303154472
186,NONE,NONE,1,-1,"(1, 0)",224.34111775918979,8.382981778198621e-05,224.31826619917777,7.51820343955119e-09,224.56533426241432,224.3600147916657
187,NONE,NONE,1,-1,"(1, 0)",224.32560102935014,6.916817849898378e-05,224.30214782996683,3.604264532746102e-09,240.06051394814364,225.65183582273735
188,NONE,NONE,1,-1,"(1, 0)",224.31225516413832,5.9495047203520944e-05,224.2888795431562,4.014865568648488e-09,208.40570773790765,222.9714741962261
189,NONE,NONE,1,-1,"(1, 0)",224.29648466185867,7.030849328629936e-05,224.27402733785124,1.2050144689175462e-08,205.02915692768698,222.67230551109049
190,NONE,NONE,1,-1,"(1, 0)",224.2775655762776,8.435211792694753e-05,224.25579968170663,2.4003593361582275e-08,229.86558725586156,224.7486591310768
191,NONE,NONE,1,-1,"(1, 0)",224.25981400645574,7.915313478496028e-05,224.2377903177154,1.820452201629515e-08,217.80456795926395,223.71556674006456
192,NONE,NONE,1,-1,"(1, 0)",224.24568978708658,6.29834829421976e-05,224.2246076880915,6.409586501164772e-08,238.69753851208637,225.46421414850536
193,NONE,NONE,1,-1,"(1, 0)",224.23185449203973,6.169894224466365e-05,224.21076257171143,6.312498839614974e-08,219.47001249554145,223.8303294966824
194,NONE,NONE,1,-1,"(1, 0)",224.21450073016024,7.739504039248382e-05,224.19302574564992,4.1506202552692267e-08,223.8728241149018,224.18568786324352
195,NONE,NONE,1,-1,"(1, 0)",224.19544557128543,8.498990284864832e-05,224.17580245694725,2.551544324853319e-07,223.77692771650095,224.16014984537136
196,NONE,NONE,1,-1,"(1, 0)",224.17923588678127,7.23041919250313e-05,224.15989654433747,3.630401745511992e-07,208.72355894156223,222.8756862871675
197,NONE,NONE,1,-1,"(1, 0)",224.1658769945745,5.959200547482851e-05,224.14740292507324,1.2335213154220382e-06,226.7448436282204,224.3834029740348
198,NONE,NONE,1,-1,"(1, 0)",224.1508128413871,6.72031781756343e-05,224.13229601579584,1.1671635279016263e-06,212.1344682351252,223.13721198204016
199,NONE,NONE,1,-1,"(1, 0)",224.13220749567938,8.300714001794795e-05,224.11422772008112,2.0112797884789553e-06,208.0415942138585,222.77482188116008
200,NONE,NONE,1,-1,"(1, 0)",224.11389077124963,8.17261968849365e-05,224.09531726864765,1.0878678902782488e-06,194.01011647274578,221.57416347016684
201,NONE,NONE,1,-1,"(1, 0)",224.0992418437426,6.536590048946934e-05,224.07991384284648,4.1009501676845134e-07,217.10167439336823,223.50884827269996
202,NONE,NONE,1,-1,"(1, 0)",224.08577917362936,6.0076394729522816e-05,224.06605558166655,2.3487376491697413e-07,231.68567478270407,224.72703045225737
203,NONE,NONE,1,-1,"(1, 0)",224.06911803343166,7.435438197465739e-05,224.05040267787598,7.362910064828192e-07,254.67558668880986,226.65177147171994
204,NONE,NONE,1,-1,"(1, 0)",224.04998448141728,8.539494040152556e-05,224.03027244417694,2.7449300417727374e-07,216.8341850117408,223.44104455435385
205,NONE,NONE,1,-1,"(1, 0)",224.03306584884828,7.551561061974162e-05,224.01161697002848,3.9327168647399616e-08,234.1235122097954,224.8846609795401
206,NONE,NONE,1,-1,"(1, 0)",224.0195175677931,6.0476299259470396e-05,223.99851287357959,7.296731413928006e-08,226.1742729475127,224.20138168952408
207,NONE,NONE,1,-1,"(1, 0)",224.00510492418093,6.433862289525883e-05,223.98509860493937,2.6990655988994954e-07,233.51408469783473,224.8077266688344
208,NONE,NONE,1,-1,"(1, 0)",223.98696807854066,8.096949362784516e-05,223.96614781899808,1.1531496249544507e-07,227.3000665907502,224.2666384839189
209,NONE,NONE,1,-1,"(1, 0)",223.96820333947434,8.377953989408504e-05,223.94896420308896,5.66337441845079e-07,245.10088695919106,225.7522376343488
210,NONE,NONE,1,-1,"(1, 0)",223.95292161895918,6.82339799111788e-05,223.93356248873368,4.873660397049551e-07,222.3280230197558,223.81573730827927
211,NONE,NONE,1,-1,"(1, 0)",223.93967069827406,5.917008191824289e-05,223.92006215919983,3.408363784312655e-07,223.5545237007748,223.90715220647485
212,NONE,NONE,1,-1,"(1, 0)",223.92374588964793,7.111457664551631e-05,223.90359738515338,1.791985929808789e-07,235.38195935296784,224.89124744480773
213,NONE,NONE,1,-1,"(1, 0)",223.90471276902306,8.500183616433505e-05,223.8854168155967,4.172745713088498e-07,212.12103412174523,222.90964520659756
214,NONE,NONE,1,-1,"(1, 0)",223.88711320802378,7.86059949617774e-05,223.86640814473057,9.165289539287447e-08,232.6133436983421,224.62405383078087
215,NONE,NONE,1,-1,"(1, 0)",223.87320751787217,6.211220383958215e-05,223.85333154517082,2.824912123177738e-07,213.98416142152803,223.03801384951498
216,NONE,NONE,1,-1,"(1, 0)",223.85935077058176,6.189742978620322e-05,223.83928983024657,2.1909117831745757e-07,213.04071038523026,222.9455903164914
217,NONE,NONE,1,-1,"(1, 0)",223.8418124423845,7.834837006154731e-05,223.821217738069,1.230026146594244e-07,224.48701354323921,223.8963114757853
218,NONE,NONE,1,-1,"(1, 0)",223.82274776179221,8.517395522730903e-05,223.8012387786629,4.957635758134159e-08,207.0964730012905,222.4097876000571
219,NONE,NONE,1,-1,"(1, 0)",223.80676239585728,7.142230607666084e-05,223.78508426086466,4.0509060776852636e-08,228.7161308095319,224.221513291854
220,NONE,NONE,1,-1,"(1, 0)",223.7935463001204,5.905311271670794e-05,223.77173218889445,3.328399604894604e-08,233.05865076493365,224.57632261372723
221,NONE,NONE,1,-1,"(1, 0)",223.77835775698972,6.787085158305524e-05,223.7569286804534,5.365316940040055e-08,217.399760351918,223.23941576520048
222,NONE,NONE,1,-1,"(1, 0)",223.75960239569352,8.381573398065728e-05,223.73683549399058,1.3898437068361091e-08,231.99364790091425,224.4553736704155
223,NONE,NONE,1,-1,"(1, 0)",223.74139320644568,8.138167037329202e-05,223.71886560296207,1.778369146937154e-08,242.94612265184693,225.36431192272403
224,NONE,NONE,1,-1,"(1, 0)",223.72698097941458,6.441674034404486e-05,223.7058724944561,1.142409494920946e-07,248.7795986934048,225.8442188951539
225,NONE,NONE,1,-1,"(1, 0)",223.71354871596623,6.0040441403649994e-05,223.69160233664633,3.505362693063475e-08,227.6720122633313,224.04810506535983
226,NONE,NONE,1,-1,"(1, 0)",223.69670559995427,7.529159583375208e-05,223.67291019098914,4.388544792559875e-09,221.88481145457266,223.54355872224718
227,NONE,NONE,1,-1,"(1, 0)",223.67751155147766,8.580757563815649e-05,223.65360803062643,3.936871279263449e-09,222.47198488116368,223.57560797795867
228,NONE,NONE,1,-1,"(1, 0)",223.66079413178485,7.47417312052023e-05,223.63512287756535,5.318859685715994e-10,230.29106098078256,224.22129470213002
229,NONE,NONE,1,-1,"(1, 0)",223.64743043622096,5.975162017549735e-05,223.62191487262209,6.614990297798513e-10,213.24136972439268,222.76768432422293
230,NONE,NONE,1,-1,"(1, 0)",223.63293332965927,6.482335349891892e-05,223.60757483603294,8.10111002416557e-10,215.55134077244952,222.94965742722027
231,NONE,NONE,1,-1,"(1, 0)",223.61462058759048,8.189085404104926e-05,223.5899721544747,1.682742460608259e-09,227.8922870223473,223.97631486200473
232,NONE,NONE,1,-1,"(1, 0)",223.59591293259237,8.36637494280309e-05,223.57172680390465,2.6793419495090093e-09,216.29453577620592,222.97849983900355
233,NONE,NONE,1,-1,"(1, 0)",223.5808735575968,6.726366598451714e-05,223.55798645233642,1.369211909222337e-08,219.1962041605802,223.21007578371103
234,NONE,NONE,1,-1,"(1, 0)",223.5677058613797,5.889629007892814e-05,223.5455860472561,4.1129466460983745e-08,211.21821534628168,222.52328657211083
235,NONE,NONE,1,-1,"(1, 0)",223.55161461097146,7.197743277205096e-05,223.52982587711816,6.057364470978946e-08,237.47260233607423,224.7290230741473
236,NONE,NONE,1,-1,"(1, 0)",223.53247425747134,8.562305833892437e-05,223.5113889746218,1.2113697949265653e-07,214.52580640609804,222.7706436177531
237,NONE,NONE,1,-1,"(1, 0)",223.51504153171743,7.799048265360722e-05,223.49238890241188,2.208466709546904e-08,227.3687827565993,223.8410363582342
238,NONE,NONE,1,-1,"(1, 0)",223.50135343761087,6.124202273060221e-05,223.477149276859,2.584328768482637e-09,231.32108582158563,224.16287902421092
239,NONE,NONE,1,-1,"(1, 0)",223.48745992768949,6.216491111381837e-05,223.4640081379455,7.180656042596162e-09,220.16601997002934,223.2064587370441
240,NONE,NONE,1,-1,"(1, 0)",223.46973174577127,7.932832162794046e-05,223.4450110334388,1.8511199691431515e-09,220.9249378796012,223.25441945814748
241,NONE,NONE,1,-1,"(1, 0)",223.45067069583087,8.529952916829345e-05,223.42519889277594,8.76741238713656e-10,218.03024561081727,222.99201520454085
242,NONE,NONE,1,-1,"(1, 0)",223.4349201616504,7.049023065054464e-05,223.40808809933736,1.7085761641412266e-10,224.10927940558577,223.49198586568244
243,NONE,NONE,1,-1,"(1, 0)",223.42183783005038,5.85526854848864e-05,223.39612309095426,8.571173844163651e-10,244.17560308855005,225.17816813036362
244,NONE,NONE,1,-1,"(1, 0)",223.40651065638997,6.860430283064796e-05,223.38019466147617,4.0728426842562043e-10,204.14763377360364,221.77657655939365
245,NONE,NONE,1,-1,"(1, 0)",223.38760854157923,8.461219165528829e-05,223.3621918577849,9.991555360966578e-10,222.0014516531514,223.27028417390432
246,NONE,NONE,1,-1,"(1, 0)",223.36952240202575,8.09663161958113e-05,223.3429105067687,2.8571330672009016e-10,222.53488462767112,223.29887291152065
247,NONE,NONE,1,-1,"(1, 0)",223.35534976759325,6.3451288791737e-05,223.32956080192707,8.546535881308782e-10,213.68118131147583,222.53640954916858
248,NONE,NONE,1,-1,"(1, 0)",223.34193344783193,6.0068956178894094e-05,223.315406067276,3.0116435095149755e-10,200.10685663157116,221.3749135428022
249,NONE,NONE,1,-1,"(1, 0)",223.32489957404078,7.627104830761576e-05,223.2990501739168,6.377883131960919e-10,206.71628076200608,221.9187507634519
250,NONE,NONE,1,-1,"(1, 0)",223.30565592821245,8.617254508539358e-05,223.27940697227936,4.297018275324588e-10,254.35352786675912,225.93451332862145
251,NONE,NONE,1,-1,"(1, 0)",223.28915283231018,7.390634904853046e-05,223.26296771533595,4.612527296791877e-10,231.66805276739302,223.9986559227505
252,NONE,NONE,1,-1,"(1, 0)",223.27596799272752,5.905001967978805e-05,223.24953551061776,3.2275278421414895e-10,247.12461816041858,225.29552787821945
253,NONE,NONE,1,-1,"(1, 0)",223.26137090543708,6.537902219622686e-05,223.23531825044526,5.267071407382847e-10,215.82792671130457,222.63184818106512
254,NONE,NONE,1,-1,"(1, 0)",223.2428817048164,8.281757910784645e-05,223.21628566368912,3.0144449500698907e-10,209.76222248627542,222.1011385307781
255,NONE,NONE,1,-1,"(1, 0)",223.22424639245523,8.347898960162222e-05,223.19719029547937,1.8855648725420466e-10,211.99569745434496,222.27316609646576
256,NONE,NONE,1,-1,"(1, 0)",223.2094559857967,6.626026030372118e-05,223.183142926812,4.864129508842951e-10,218.62221018738816,222.82088145063574
257,NONE,NONE,1,-1,"(1, 0)",223.1963588069218,5.867835249747466e-05,223.16930818973086,1.6730981205846736e-10,209.27295584656642,222.01687169274155
258,NONE,NONE,1,-1,"(1, 0)",223.18008929802565,7.289591093980933e-05,223.15301358320252,1.6211578027898744e-10,228.15891437030888,223.60188906401413
259,NONE,NONE,1,-1,"(1, 0)",223.1608496315067,8.621062892864052e-05,223.13223926418402,3.5784582034080475e-11,221.7210472836834,223.03886088049603
260,NONE,NONE,1,-1,"(1, 0)",223.14359869707195,7.730568004836107e-05,223.11425384951818,1.5956521530386503e-11,241.8964754004718,224.73257850722817
261,NONE,NONE,1,-1,"(1, 0)",223.13012619762708,6.037773992698887e-05,223.09999514031566,5.279122179752087e-12,239.15983254294397,224.48844674059765
262,NONE,NONE,1,-1,"(1, 0)",223.11618005556824,6.250423529774514e-05,223.0861919822356,6.391870291395044e-12,226.21187373955652,223.37851843346235
263,NONE,NONE,1,-1,"(1, 0)",223.09825757895206,8.033122693574582e-05,223.06837611944363,7.134185050913647e-12,242.9308224977959,224.77906369512036
264,NONE,NONE,1,-1,"(1, 0)",223.07921421266323,8.53622941737359e-05,223.04796174858348,1.8235945024287304e-12,215.75347505828054,222.45830620858587
265,NONE,NONE,1,-1,"(1, 0)",223.0637085369372,6.95099034035942e-05,223.0313155396766,4.5252335495043917e-13,223.58843260709267,223.1081856901244
266,NONE,NONE,1,-1,"(1, 0)",223.05074983888267,5.809584430589618e-05,223.01799278609218,2.6527385731890546e-13,212.61890378114595,222.1664645591515
267,NONE,NONE,1,-1,"(1, 0)",223.03526984066522,6.940364656469265e-05,223.0031851627734,6.014324237873786e-13,219.06691077304,222.69885718217486
268,NONE,NONE,1,-1,"(1, 0)",223.01622535425696,8.5391425093244e-05,222.9815629025249,4.6375870300304446e-14,226.4399504022093,223.3064921326424
269,NONE,NONE,1,-1,"(1, 0)",222.998278182237,8.047797498680872e-05,222.96296075224083,2.3187119947681607e-14,216.81711095204315,222.4741905666061
270,NONE,NONE,1,-1,"(1, 0)",222.98434707214219,6.247377951712162e-05,222.9492641182112,3.177991335634783e-14,218.07159436326594,222.56777951870842
271,NONE,NONE,1,-1,"(1, 0)",222.97093144292313,6.016580526998614e-05,222.93648463091188,7.767416112973175e-14,209.83568666931146,221.85708624787387
272,NONE,NONE,1,-1,"(1, 0)",222.95369867488418,7.729004806470402e-05,222.9188185599532,4.813540596590406e-14,226.17571155798709,223.22694070585928
273,NONE,NONE,1,-1,"(1, 0)",222.93441738235526,8.648489092479117e-05,222.90035803763115,1.0733901760235771e-13,228.74409148344083,223.4271480151657
274,NONE,NONE,1,-1,"(1, 0)",222.91814149670464,7.301017044183738e-05,222.8849800985578,3.037974022796748e-13,232.19842554758728,223.70527929786775
275,NONE,NONE,1,-1,"(1, 0)",222.90512863936974,5.837675245013708e-05,222.87269505338045,8.723396214111715e-13,219.90544983805535,222.65068616715388
276,NONE,NONE,1,-1,"(1, 0)",222.89041581893588,6.600703224632354e-05,222.85875881988463,2.360276958533247e-12,225.07351129495552,223.07560527190014
277,NONE,NONE,1,-1,"(1, 0)",222.87175065061942,8.374496415981072e-05,222.83906206564464,8.27648798438039e-13,215.72237513561674,222.2652266404452
278,NONE,NONE,1,-1,"(1, 0)",222.85320359779368,8.322196304976017e-05,222.82154947184426,2.369639258127281e-12,244.12842745464022,224.6582574796804
279,NONE,NONE,1,-1,"(1, 0)",222.8386679914042,6.522715499756123e-05,222.80661259655975,1.402048966533573e-12,221.76262925478443,222.74736767856066
280,NONE,NONE,1,-1,"(1, 0)",222.82562764504857,5.85209382355016e-05,222.79381764913407,1.9957651826397894e-12,182.869127992605,219.43517868882861
281,NONE,NONE,1,-1,"(1, 0)",222.80916846116588,7.386848618636735e-05,222.77707740823587,1.4409904557680255e-12,227.04012724587238,223.16820665499367
282,NONE,NONE,1,-1,"(1, 0)",222.78983854250305,8.675925381862443e-05,222.75722529917405,8.621241221536805e-13,234.6891897505858,223.79970237299648
283,NONE,NONE,1,-1,"(1, 0)",222.77278441281658,7.655098886736117e-05,222.73824352285607,1.0139374343509321e-13,219.2420078387119,222.47311458592338
284,NONE,NONE,1,-1,"(1, 0)",222.7595243859955,5.952442309187184e-05,222.72447596394858,4.901825137422716e-14,233.08282580601863,223.63575261333682
285,NONE,NONE,1,-1,"(1, 0)",222.7455092345806,6.2918038459056e-05,222.7103861975256,4.4188910192882404e-14,211.38628078620118,221.7812922207943
286,NONE,NONE,1,-1,"(1, 0)",222.72738894194663,8.135306420706983e-05,222.6933168158908,1.3191973837511782e-13,224.17591557154978,222.8503557136331
287,NONE,NONE,1,-1,"(1, 0)",222.7083781908204,8.53579911650491e-05,222.67459759626703,1.7577778012985227e-13,228.6961436086036,223.2167285514126
288,NONE,NONE,1,-1,"(1, 0)",222.69312683147365,6.848364534360913e-05,222.658821461778,9.143090448781854e-14,236.67377592300917,223.88013972287337
289,NONE,NONE,1,-1,"(1, 0)",222.68028052721303,5.7687792095061774e-05,222.6460403686286,1.0034454025314047e-13,217.18824841736097,222.2139581872581
290,NONE,NONE,1,-1,"(1, 0)",222.6646336350974,7.026864627611011e-05,222.63014026577147,7.367005825509481e-14,218.84679643324367,222.34044254360435
291,NONE,NONE,1,-1,"(1, 0)",222.6454523211603,8.614812264038198e-05,222.61035700351536,4.0573122253444636e-14,228.74970519875987,223.1638387237723
292,NONE,NONE,1,-1,"(1, 0)",222.62766037652344,7.991474957259777e-05,222.59341139327148,9.944674205389099e-14,221.22861725465424,222.50884110319527
293,NONE,NONE,1,-1,"(1, 0)",222.61397169507043,6.148877585246572e-05,222.58024219740815,2.0322713750149144e-13,217.4042702537534,222.17148997784855
294,NONE,NONE,1,-1,"(1, 0)",222.60054074760612,6.0334724466582416e-05,222.56782865020986,8.488732050739052e-13,204.15040076544483,221.03339869681247
295,NONE,NONE,1,-1,"(1, 0)",222.58310167544516,7.834552085057092e-05,222.55087179043178,1.4279090136487438e-12,226.4541305159295,222.91192993255268
296,NONE,NONE,1,-1,"(1, 0)",222.56379573636966,8.673963224213367e-05,222.532156914387,2.5404974828714754e-12,207.06408795693267,221.24704398547286
297,NONE,NONE,1,-1,"(1, 0)",222.54775964087247,7.205427632860781e-05,222.5151161870636,7.748107792772753e-13,213.57696355899407,221.78560574906547
298,NONE,NONE,1,-1,"(1, 0)",222.5349107168699,5.7737246861735934e-05,222.50276195121003,1.6001634941188076e-12,214.7610647939385,221.8744109166549
299,NONE,NONE,1,-1,"(1, 0)",222.5200662461237,6.670848106438533e-05,222.48798829446434,1.7463354559738869e-12,222.88079280091318,222.5507171895838
300,PREDEFINED,PREDEFINED_2,1,2,"(0.8411308951190849, 0.1588691048809151)",222.50600668682992,6.318532847208455e-05,222.4738742582774,1.618428953043123e-12,228.22874921109963,222.99229897318097
301,NONE,PREDEFINED_2,1,2,"(0.15886910488091516, 0.8411308951190848)",222.51240189948675,-2.874133983611111e-05,222.48013850158776,2.3774226525820476e-12,217.6216366107285,222.09681914900418
302,NONE,NONE,2,-1,"(1, 0)",222.52281444668404,-4.6794261742572406e-05,222.4902449824518,4.133637776376614e-12,229.8278200680899,223.1435132725119
303,NONE,NONE,2,-1,"(1, 0)",222.53344024622766,-4.7750366087865163e-05,222.50160198815388,1.1220678079555725e-12,228.0801620039767,223.0047169936431
304,NONE,NONE,2,-1,"(1, 0)",222.54377294214441,-4.64310264036495e-05,222.51197652248024,1.036599879494299e-12,245.12428000371816,224.46223474636412
305,NONE,NONE,2,-1,"(1, 0)",222.55381826383643,-4.5137614276945545e-05,222.52236887236114,5.379588900540242e-13,237.99549132853232,223.86569858383314
306,NONE,NONE,2,-1,"(1, 0)",222.5637291849704,-4.4531702658917526e-05,222.532639480773,2.7012393212675466e-13,213.54878539834934,221.79787948420775
307,NONE,NONE,2,-1,"(1, 0)",222.57354374680006,-4.409678734192272e-05,222.54262068572552,1.954318165560799e-13,212.94891586125578,221.75593539232858
308,NONE,NONE,2,-1,"(1, 0)",222.58329485118995,-4.380974769335809e-05,222.55219772959205,2.7319168907057737e-13,220.92930932469844,222.4427955864341
309,NONE,NONE,2,-1,"(1, 0)",222.5930023928117,-4.361212258322823e-05,222.56168853533228,4.156175060787607e-13,221.51820658620747,222.5017068932228
310,NONE,NONE,2,-1,"(1, 0)",222.60268071439847,-4.347895523487455e-05,222.5719314027786,1.375687896114989e-13,218.08064533585338,222.2185858686795
311,NONE,NONE,2,-1,"(1, 0)",222.61233926227098,-4.338823912344347e-05,222.58192404416945,7.134016881891906e-14,239.0578937665987,224.00913918285053
312,NONE,NONE,2,-1,"(1, 0)",222.62198454759704,-4.33267823784558e-05,222.59166358045906,5.915369455309938e-14,229.25259817957487,223.18513000576385
313,NONE,NONE,2,-1,"(1, 0)",222.63162095562598,-4.328503087384035e-05,222.60209250336857,1.2458997430493673e-14,221.90094380717488,222.56956641136472
314,NONE,NONE,2,-1,"(1, 0)",222.64125147464856,-4.325670670886983e-05,222.6118248969514,1.0175129240996308e-14,207.14818836897882,221.32552210563057
315,NONE,NONE,2,-1,"(1, 0)",222.6508781289248,-4.323747777137416e-05,222.62056109195834,5.835948808916903e-14,227.0658764284306,223.025800229777
316,NONE,NONE,2,-1,"(1, 0)",222.6605022938291,-4.322442824914827e-05,222.63010130693567,6.865105096170113e-14,228.60881052849416,223.16561139548728
317,NONE,NONE,2,-1,"(1, 0)",222.67012490242564,-4.32155706811292e-05,222.63959419301594,8.83600480482991e-14,235.10481181754534,223.72598849651882
318,NONE,NONE,2,-1,"(1, 0)",222.67974658820552,-4.320955903342584e-05,222.649134264625,1.034686441632947e-13,226.88952967379947,223.03719544630536
319,NONE,NONE,2,-1,"(1, 0)",222.68936778110125,-4.320547872238891e-05,222.65899724438816,6.41676206350378e-14,213.58117342353248,221.91603268410398
320,NONE,NONE,2,-1,"(1, 0)",222.69898877295617,-4.320270934266321e-05,222.66940875639798,1.3534304039098901e-14,219.5430638359719,222.43104520656584
321,NONE,NONE,2,-1,"(1, 0)",222.70860976185864,-4.320082969228234e-05,222.67838659252598,4.7791598311168425e-14,223.6412690966796,222.78779075561854
322,NONE,NONE,2,-1,"(1, 0)",222.71823088226984,-4.319955393239665e-05,222.6879721261304,5.112483857564274e-14,217.0132788540882,222.2339122889361
323,NONE,NONE,2,-1,"(1, 0)",222.7278522254605,-4.319868804348421e-05,222.69792610563803,2.652227176492062e-14,231.20110647273557,223.44715315643126
324,NONE,NONE,2,-1,"(1, 0)",222.73747385338706,-4.319810034479839e-05,222.7078555164865,1.444853330961447e-14,239.28397265268205,224.14205791453253
325,NONE,NONE,2,-1,"(1, 0)",222.74709580810818,-4.319770145988277e-05,222.71796903393692,5.4853132104837755e-15,245.2317305200915,224.65566847347233
326,NONE,NONE,2,-1,"(1, 0)",222.7567181181771,-4.3197430727423726e-05,222.72872499472254,5.896768584781201e-16,228.04051337902746,223.20520535037005
327,NONE,NONE,2,-1,"(1, 0)",222.76634080298027,-4.31972469749758e-05,222.7382272234548,7.454212091080993e-16,220.9157488546664,222.60926980224374
328,NONE,NONE,2,-1,"(1, 0)",222.77596387568187,-4.319712225790766e-05,222.74776198085283,8.846104954069586e-16,229.10737287067417,223.31332587492932
329,NONE,NONE,2,-1,"(1, 0)",222.7855873452231,-4.319703760952286e-05,222.75773494451812,4.44105918397359e-16,225.21412217884242,222.99169406861603
330,NONE,NONE,2,-1,"(1, 0)",222.79521121767849,-4.3196980156690116e-05,222.7672497974979,5.489182332911266e-16,232.9446470206958,223.65654397202306
331,NONE,NONE,2,-1,"(1, 0)",222.80483549717687,-4.3196941162112225e-05,222.77697694082008,4.474280498992211e-16,228.74563953572084,223.30898057188654
332,NONE,NONE,2,-1,"(1, 0)",222.81446018652656,-4.319691469558269e-05,222.78646497307395,5.838726663883808e-16,225.5272303086997,223.0446597707803
333,NONE,NONE,2,-1,"(1, 0)",222.8240852876394,-4.319689673213172e-05,222.79668506794357,1.8098701869655312e-16,220.6263356042865,222.63759723783426
334,NONE,NONE,2,-1,"(1, 0)",222.8337108018189,-4.3196884539918536e-05,222.80573478435514,5.596475190013764e-16,219.9776839979696,222.59137571422036
335,NONE,NONE,2,-1,"(1, 0)",222.84333672995555,-4.319687626477906e-05,222.81501799962462,1.0946759440795662e-15,223.79547702978917,222.92412274910384
336,NONE,NONE,2,-1,"(1, 0)",222.85296307265952,-4.319687064824887e-05,222.82529652266513,3.033064565464654e-16,205.9235004422505,221.41661507337298
337,NONE,NONE,2,-1,"(1, 0)",222.86258983035083,-4.3196866836178816e-05,222.83490495599423,3.1369876928160875e-16,224.69749824666695,223.01826241396472
338,NONE,NONE,2,-1,"(1, 0)",222.8722170033202,-4.319686424883795e-05,222.84491268500557,1.4821270533762833e-16,231.98594824577978,223.64538736522175
339,NONE,NONE,2,-1,"(1, 0)",222.88184459177089,-4.319686249274936e-05,222.85420145864106,2.8767692709891583e-16,221.02745261997802,222.72453262577568
340,NONE,NONE,2,-1,"(1, 0)",222.89147259584647,-4.3196861300851066e-05,222.86443452240115,8.7461253718284e-17,238.93022109706135,224.25201454712635
341,NONE,NONE,2,-1,"(1, 0)",222.90110101565026,-4.319686049188189e-05,222.8745372398386,3.4379652988218204e-17,240.57916482388669,224.40063874386811
342,NONE,NONE,2,-1,"(1, 0)",222.91072985125817,-4.3196859942815644e-05,222.88391392678835,5.628519716667814e-17,214.09615750248526,222.1630680606887
343,NONE,NONE,2,-1,"(1, 0)",222.92035910272747,-4.319685957015157e-05,222.89453756307407,7.968413540903031e-18,232.50262377768144,223.73310229806836
344,NONE,NONE,2,-1,"(1, 0)",222.92998877010277,-4.319685931721578e-05,222.90392545754386,1.2782747775744813e-17,224.8918814117528,223.09638430101626
345,NONE,NONE,2,-1,"(1, 0)",222.93961885342017,-4.319685914554235e-05,222.91387693278767,6.785947840551993e-18,254.20722955073168,225.59142855623725
346,NONE,NONE,2,-1,"(1, 0)",222.94924935270993,-4.319685902902359e-05,222.92406835358935,2.250958240866873e-18,222.23027199741523,222.88827543345644
347,NONE,NONE,2,-1,"(1, 0)",222.95888026799835,-4.3196858949939595e-05,222.93446618222998,4.983336387929674e-19,224.4918514912429,223.08888050419205
348,NONE,NONE,2,-1,"(1, 0)",222.96851159930907,-4.319685889626344e-05,222.9442955437713,3.371236488218072e-19,215.60290188834446,222.34391432952393
349,NONE,NONE,2,-1,"(1, 0)",222.97814334666396,-4.319685885983218e-05,222.95386013335408,3.8386248732996546e-19,222.0815268965347,222.9021143391538
350,NONE,NONE,2,-1,"(1, 0)",222.9877755100835,-4.319685883510544e-05,222.96320822971958,6.690970470174593e-19,213.58052745334166,222.19011800747847
351,NONE,NONE,2,-1,"(1, 0)",222.9974080895875,-4.319685881832282e-05,222.9725829749778,1.107687902733841e-18,227.0570883555653,223.3416208204807
352,NONE,NONE,2,-1,"(1, 0)",223.00704108519514,-4.319685880693206e-05,222.98228441228918,9.66440415565984e-19,245.0063946584717,224.87224474063697
353,NONE,NONE,2,-1,"(1, 0)",223.01667449692522,-4.319685879920089e-05,222.9920524581887,7.404759183900233e-19,236.70561510244636,224.1772340135731
354,NONE,NONE,2,-1,"(1, 0)",223.0263083247962,-4.3196858793953565e-05,223.00138903720304,1.3243633664148349e-18,221.88448716883582,222.9295079802039
355,NONE,NONE,2,-1,"(1, 0)",223.0359425688265,-4.319685879039208e-05,223.01091132231454,1.6464235220342134e-18,225.43913656201042,223.23966970838728
356,NONE,NONE,2,-1,"(1, 0)",223.0455772290343,-4.319685878797482e-05,223.02053039737496,1.6940366493362008e-18,223.14676222078748,223.05415466329407
357,NONE,NONE,2,-1,"(1, 0)",223.0552123054378,-4.319685878633417e-05,223.02946064829231,6.741526610005022e-18,225.29600645131083,223.24515583269167
358,NONE,NONE,2,-1,"(1, 0)",223.0648477980551,-4.319685878522062e-05,223.03906577138423,7.140234603552633e-18,243.74897244565705,224.8180859935995
359,NONE,NONE,2,-1,"(1, 0)",223.07448370690418,-4.319685878446483e-05,223.04921444387443,2.6048301237190897e-18,203.831668326893,221.44348494928033
360,NONE,NONE,2,-1,"(1, 0)",223.08412003200317,-4.319685878395186e-05,223.0581334150396,1.062200394809415e-17,230.05185336131967,223.6746715331693
361,NONE,NONE,2,-1,"(1, 0)",223.09375677337005,-4.319685878360369e-05,223.06822938072833,4.3045544943093886e-18,231.095078338361,223.77188093931292
362,NONE,NONE,2,-1,"(1, 0)",223.1033939310228,-4.319685878336738e-05,223.07856846740356,1.0835949068222348e-18,225.07697022055237,223.27065029661165
363,NONE,NONE,2,-1,"(1, 0)",223.11303150497946,-4.3196858783206993e-05,223.08839197070344,7.508300309745478e-19,226.78741642329314,223.42441430978894
364,NONE,NONE,2,-1,"(1, 0)",223.122669495258,-4.319685878309813e-05,223.09828007249052,4.587150910878543e-19,234.7842838111257,224.11088096488575
365,NONE,NONE,2,-1,"(1, 0)",223.13230790187643,-4.319685878302425e-05,223.10778266245447,5.975624116904555e-19,230.49702956691544,223.75637141891215
366,NONE,NONE,2,-1,"(1, 0)",223.1419467248527,-4.31968587829741e-05,223.11664908267105,2.7138046014525756e-18,230.1741402141092,223.7378071027626
367,NONE,NONE,2,-1,"(1, 0)",223.15158596420488,-4.319685878294006e-05,223.12633870303597,2.4532623828282215e-18,233.3234280156694,224.01344163522418
368,NONE,NONE,2,-1,"(1, 0)",223.16122561995087,-4.319685878291696e-05,223.13517885617676,1.1747487396977899e-17,218.12929244940943,222.73489056822837
369,NONE,NONE,2,-1,"(1, 0)",223.17086569210872,-4.319685878290128e-05,223.14496670804328,8.77231410473975e-18,236.09300617204238,224.2656583433308
370,NONE,NONE,2,-1,"(1, 0)",223.1805061806964,-4.3196858782890644e-05,223.15385939743155,3.7948175030717203e-17,224.24429031598746,223.27062845948146
371,NONE,NONE,2,-1,"(1, 0)",223.19014708573187,-4.319685878288342e-05,223.16374740860155,2.3320680952931598e-17,205.93128869768003,221.72806431133424
372,NONE,NONE,2,-1,"(1, 0)",223.19978840723314,-4.3196858782878514e-05,223.1740575223197,6.268004415097489e-18,223.80966269891437,223.2514516261515
373,NONE,NONE,2,-1,"(1, 0)",223.20943014521825,-4.319685878287519e-05,223.18393802083705,3.915982108220121e-18,224.950599381484,223.35692041163892
374,NONE,NONE,2,-1,"(1, 0)",223.21907229970515,-4.319685878287293e-05,223.19276362955935,1.9380849303585058e-17,234.3761454715284,224.16412036214487
375,NONE,NONE,2,-1,"(1, 0)",223.2287148707118,-4.31968587828714e-05,223.2023748163098,2.0566126637009597e-17,239.15422924852902,224.57761042417764
376,NONE,NONE,2,-1,"(1, 0)",223.23835785825625,-4.3196858782870355e-05,223.21206409313692,1.8740494767161446e-17,226.5888385826273,223.52213226089705
377,NONE,NONE,2,-1,"(1, 0)",223.24800126235647,-4.319685878286965e-05,223.22103632147852,6.972685497041412e-17,208.58860700882295,222.00645370658196
378,NONE,NONE,2,-1,"(1, 0)",223.2576450830304,-4.319685878286917e-05,223.23067038709542,7.091431291362584e-17,224.28285144196323,223.34446909809384
379,NONE,NONE,2,-1,"(1, 0)",223.26728932029613,-4.3196858782868844e-05,223.24051797118995,4.749050459076438e-17,214.54566523678778,222.52869293504537
380,NONE,NONE,2,-1,"(1, 0)",223.27693397417164,-4.319685878286863e-05,223.24931846413568,2.4798745194215645e-16,210.15883883692973,222.16606757674197
381,NONE,NONE,2,-1,"(1, 0)",223.28657904467485,-4.319685878286848e-05,223.25900122161713,2.2979694355314204e-16,231.16732282605233,223.95390728137215
382,NONE,NONE,2,-1,"(1, 0)",223.29622453182384,-4.319685878286838e-05,223.26839260598527,3.773069262171317e-16,235.22252461547032,224.30608010384233
383,NONE,NONE,2,-1,"(1, 0)",223.30587043563654,-4.319685878286831e-05,223.27772897187197,6.9059444031074e-16,228.42138280288066,223.73900606734875
384,NONE,NONE,2,-1,"(1, 0)",223.31551675613102,-4.319685878286826e-05,223.28761575901908,4.3001955773367067e-16,207.24273488344775,221.9546767633412
385,NONE,NONE,2,-1,"(1, 0)",223.32516349332522,-4.319685878286823e-05,223.29721464416826,4.712132277974345e-16,195.5012292657406,220.9694862256075
386,NONE,NONE,2,-1,"(1, 0)",223.33481064723716,-4.319685878286821e-05,223.3069504869684,3.951033465149556e-16,229.08651143889486,223.82174989266124
387,NONE,NONE,2,-1,"(1, 0)",223.3444582178849,-4.3196858782868194e-05,223.3167806156379,2.7561733290528283e-16,217.1219897271903,222.81768651344862
388,NONE,NONE,2,-1,"(1, 0)",223.3541062052863,-4.319685878286818e-05,223.32625558861608,3.8598989975356804e-16,215.58119779061076,222.69610828173754
389,NONE,NONE,2,-1,"(1, 0)",223.36375460945953,-4.3196858782868174e-05,223.3363286585068,1.6753856962291095e-16,217.48802842667726,222.86637982815512
390,NONE,NONE,2,-1,"(1, 0)",223.37340343042248,-4.319685878286817e-05,223.34574447525563,2.638997667981953e-16,240.60937108536461,224.83234911118166
391,NONE,NONE,2,-1,"(1, 0)",223.3830526681932,-4.319685878286817e-05,223.3546569843579,1.1154684478073537e-15,232.86196217327605,224.18536426403082
392,NONE,NONE,2,-1,"(1, 0)",223.39270232278966,-4.319685878286817e-05,223.3637687905358,3.1927630536004133e-15,210.95987726257763,222.34041156823267
393,NONE,NONE,2,-1,"(1, 0)",223.40235239422992,-4.319685878286817e-05,223.37305972382296,6.438027699580104e-15,209.6453865591312,222.2380391693163
394,NONE,NONE,2,-1,"(1, 0)",223.41200288253194,-4.319685878286817e-05,223.3824680070956,1.0322993715889539e-14,205.7726994909516,221.91917464413999
395,NONE,NONE,2,-1,"(1, 0)",223.42165378771375,-4.319685878286817e-05,223.39178025007678,1.9994952177249422e-14,232.01455140311626,224.14884611611126
396,NONE,NONE,2,-1,"(1, 0)",223.43130510979336,-4.319685878286817e-05,223.401630670609,1.3502906374325821e-14,234.28926596659755,224.35014356487386
397,NONE,NONE,2,-1,"(1, 0)",223.44095684878874,-4.319685878286817e-05,223.41109448872538,1.946485434804481e-14,225.12282490467834,223.5832762320531
398,NONE,NONE,2,-1,"(1, 0)",223.45060900471796,-4.319685878286817e-05,223.42041171733794,3.7423058655818975e-14,241.38146803907765,224.9678496456655
399,NONE,NONE,2,-1,"(1, 0)",223.460261577599,-4.319685878286817e-05,223.43055461237412,1.428514114462862e-14,237.0965914142775,224.61406575818899
400,NONE,NONE,2,-1,"(1, 0)",223.46991456744988,-4.319685878286817e-05,223.4399113142242,2.5461319954631317e-14,199.65437646128944,221.45490900501912
401,NONE,NONE,2,-1,"(1, 0)",223.47956797428856,-4.319685878286817e-05,223.4496735648678,2.052113155217235e-14,224.58893866070713,223.5734265104387
402,NONE,NONE,2,-1,"(1, 0)",223.48922179813314,-4.319685878286817e-05,223.45992201086364,6.386843576929894e-15,243.64989917258504,225.19484639391862
403,NONE,NONE,2,-1,"(1, 0)",223.4988760390016,-4.319685878286817e-05,223.4698369964081,3.823201706319042e-15,216.2299839454298,222.883943050119
404,NONE,NONE,2,-1,"(1, 0)",223.50853069691192,-4.319685878286817e-05,223.47926273296858,5.971746249668793e-15,238.49779144478146,224.77653586749972
405,NONE,NONE,2,-1,"(1, 0)",223.51818577188217,-4.319685878286817e-05,223.48910807894916,4.103983433561609e-15,218.47403115293184,223.09149776078527
406,NONE,NONE,2,-1,"(1, 0)",223.52784126393033,-4.319685878286817e-05,223.49967850130065,6.823038411575763e-16,229.34457742377342,224.019861148583
407,NONE,NONE,2,-1,"(1, 0)",223.5374971730744,-4.319685878286817e-05,223.5097115735139,3.252274036156996e-16,228.05520513265876,223.91961973667242
408,NONE,NONE,2,-1,"(1, 0)",223.54715349933244,-4.319685878286817e-05,223.5190090597996,6.551835668654547e-16,217.27826577672423,223.01693330940978
409,NONE,NONE,2,-1,"(1, 0)",223.55681024272246,-4.319685878286817e-05,223.52830457656108,1.3259974562965068e-15,214.57245051292105,222.79694926560904
410,NONE,NONE,2,-1,"(1, 0)",223.56646740326244,-4.319685878286817e-05,223.53881750802944,2.4761709917790345e-16,208.72250705484046,222.31107922514104
411,NONE,NONE,2,-1,"(1, 0)",223.57612498097046,-4.319685878286817e-05,223.54893436987075,1.0051572194148184e-16,228.25753759939457,223.97202580919358
412,NONE,NONE,2,-1,"(1, 0)",223.5857829758645,-4.319685878286817e-05,223.55932284539472,2.399508645185925e-17,209.55088982107878,222.39892202983765
413,NONE,NONE,2,-1,"(1, 0)",223.5954413879626,-4.319685878286817e-05,223.56845457106732,6.714195984982871e-17,221.78599110935312,223.4424318082188
414,NONE,NONE,2,-1,"(1, 0)",223.60510021728277,-4.319685878286817e-05,223.578245811693,5.1694128465722064e-17,201.42678131497385,221.72975237843252
415,NONE,NONE,2,-1,"(1, 0)",223.61475946384303,-4.319685878286817e-05,223.5873344053382,1.5763070249318792e-16,219.18685111164902,223.2403618504708
416,NONE,NONE,2,-1,"(1, 0)",223.6244191276614,-4.319685878286817e-05,223.5979069931038,2.6334299908913945e-17,221.0046094195076,223.4029131579205
417,NONE,NONE,2,-1,"(1, 0)",223.63407920875596,-4.319685878286817e-05,223.60752663076212,2.844125305779273e-17,224.20167451597402,223.68206754841069
418,NONE,NONE,2,-1,"(1, 0)",223.64373970714468,-4.319685878286817e-05,223.61736142844808,2.017545933436833e-17,210.7601112271736,222.5545178176458
419,NONE,NONE,2,-1,"(1, 0)",223.6534006228456,-4.319685878286817e-05,223.6273634006641,1.032665905960594e-17,227.08757935058705,223.94372419672013
420,NONE,NONE,2,-1,"(1, 0)",223.6630619558767,-4.319685878286817e-05,223.63661531939502,2.2962997164002364e-17,224.93062551786704,223.77021645083707
421,NONE,NONE,2,-1,"(1, 0)",223.6727237062561,-4.319685878286817e-05,223.64625720845467,2.3820884750038534e-17,215.80006122553996,223.0072306629817
422,NONE,NONE,2,-1,"(1, 0)",223.68238587400177,-4.319685878286817e-05,223.65503103743345,1.3521917346269945e-16,220.08934275144262,223.3786713529774
423,NONE,NONE,2,-1,"(1, 0)",223.69204845913174,-4.319685878286817e-05,223.66489036993266,9.179869900673399e-17,234.6813248608787,224.62091530934094
424,NONE,NONE,2,-1,"(1, 0)",223.70171146166402,-4.319685878286817e-05,223.67463429218702,7.817850076168762e-17,217.21757706282844,223.15366470129783
425,NONE,NONE,2,-1,"(1, 0)",223.71137488161673,-4.319685878286817e-05,223.68413516659777,1.0721314714822482e-16,225.96287759393712,223.90166635166537
426,NONE,NONE,2,-1,"(1, 0)",223.72103871900782,-4.319685878286817e-05,223.6941825617014,5.0503619540496235e-17,210.05601263583748,222.56615422191715
427,NONE,NONE,2,-1,"(1, 0)",223.73070297385536,-4.319685878286817e-05,223.70412797696764,2.906954188989442e-17,222.25691235000338,223.60615257701625
428,NONE,NONE,2,-1,"(1, 0)",223.74036764617733,-4.319685878286817e-05,223.7138373446891,2.6576822302448418e-17,208.5724377648275,222.4585776477497
429,NONE,NONE,2,-1,"(1, 0)",223.75003273599185,-4.319685878286817e-05,223.72325017906843,4.3439476372148324e-17,221.36408682813496,223.54841329813203
430,NONE,NONE,2,-1,"(1, 0)",223.75969824331685,-4.319685878286817e-05,223.73208801803912,2.1884941647056662e-16,238.79417156110597,225.03010052342
431,NONE,NONE,2,-1,"(1, 0)",223.76936416817045,-4.319685878286817e-05,223.74125943972822,5.744953407867364e-16,196.3463646952423,221.45224035204183
432,NONE,NONE,2,-1,"(1, 0)",223.7790305105707,-4.319685878286817e-05,223.7507252798947,8.484295534382161e-16,210.45554536400897,222.6533027715
433,NONE,NONE,2,-1,"(1, 0)",223.78869727053555,-4.319685878286817e-05,223.76038903871196,8.514230249310583e-16,233.88703661970536,224.6418891755373
434,NONE,NONE,2,-1,"(1, 0)",223.7983644480831,-4.319685878286817e-05,223.76921615221056,4.39302709781105e-15,232.99754544987962,224.57555438610956
435,NONE,NONE,2,-1,"(1, 0)",223.80803204323135,-4.319685878286817e-05,223.77826109447113,1.4812849587452975e-14,245.15107331959717,225.611114340126
436,NONE,NONE,2,-1,"(1, 0)",223.8177000559984,-4.319685878286817e-05,223.78857810930512,4.152220211056617e-15,247.8175719718702,225.84514658386135
437,NONE,NONE,2,-1,"(1, 0)",223.8273684864022,-4.319685878286817e-05,223.79811937863082,5.311788542454065e-15,211.00022903234114,222.74381203777602
438,NONE,NONE,2,-1,"(1, 0)",223.8370373344609,-4.319685878286817e-05,223.80838817734275,1.6391281227532575e-15,223.28786046221887,223.79064831381146
439,NONE,NONE,2,-1,"(1, 0)",223.84670660019245,-4.319685878286817e-05,223.81842239586126,8.009745051168656e-16,213.1173714760283,222.94043782930103
440,NONE,NONE,2,-1,"(1, 0)",223.85637628361494,-4.319685878286817e-05,223.82813861673688,7.295857100543007e-16,237.5732965084011,225.01494569269548
441,NONE,NONE,2,-1,"(1, 0)",223.8660463847464,-4.319685878286817e-05,223.83819009616948,3.45283135905472e-16,229.58535497907437,224.34909430252702
442,NONE,NONE,2,-1,"(1, 0)",223.87571690360488,-4.319685878286817e-05,223.84791308783588,3.108937013117418e-16,218.3016644097894,223.40495752774444
443,NONE,NONE,2,-1,"(1, 0)",223.8853878402084,-4.319685878286817e-05,223.85707410920693,8.406526522705651e-16,232.83450481863494,224.64115731827792
444,NONE,NONE,2,-1,"(1, 0)",223.89505919457505,-4.319685878286817e-05,223.86695967714195,5.516966153312074e-16,227.29203039302772,224.18192730209756
445,NONE,NONE,2,-1,"(1, 0)",223.90473096672284,-4.319685878286817e-05,223.87646527164404,7.617101202441082e-16,214.76590913205314,223.13300723769203
446,NONE,NONE,2,-1,"(1, 0)",223.91440315666986,-4.319685878286817e-05,223.88611893926117,7.879495108300386e-16,221.94743219435134,223.7483103469196
447,NONE,NONE,2,-1,"(1, 0)",223.92407576443406,-4.319685878286817e-05,223.89533103396195,1.9340508445183793e-15,237.64422705064723,225.08256772252892
448,NONE,NONE,2,-1,"(1, 0)",223.9337487900336,-4.319685878286817e-05,223.90434579442223,6.987063158239807e-15,224.47996163420794,223.97986751281798
449,NONE,NONE,2,-1,"(1, 0)",223.9434222334865,-4.319685878286817e-05,223.91417213098404,5.16934450888787e-15,213.3357425126391,223.0478162189892
450,NONE,NONE,2,-1,"(1, 0)",223.9530960948108,-4.319685878286817e-05,223.92335742788293,1.3400904351402164e-14,222.7006971011025,223.84736066068578
451,NONE,NONE,2,-1,"(1, 0)",223.96277037402453,-4.319685878286817e-05,223.93315067665128,1.0594266641811579e-14,232.88957041640117,224.71639466695274
452,NONE,NONE,2,-1,"(1, 0)",223.97244507114576,-4.319685878286817e-05,223.94222989988722,3.384316829852457e-14,222.2526833411465,223.82726446584917
453,NONE,NONE,2,-1,"(1, 0)",223.98212018619253,-4.319685878286817e-05,223.95174173806816,4.644869775829384e-14,223.54853639783636,223.94551904741436
454,NONE,NONE,2,-1,"(1, 0)",223.9917957191829,-4.319685878286817e-05,223.96204649702278,1.3545853858846835e-14,215.0653994003325,223.23830316153473
455,NONE,NONE,2,-1,"(1, 0)",224.00147167013495,-4.319685878286817e-05,223.97216394615126,5.701883383863279e-15,231.28214547082237,224.61601939550536
456,NONE,NONE,2,-1,"(1, 0)",224.01114803906668,-4.319685878286817e-05,223.9816135783931,8.859192921360513e-15,231.0095103507438,224.60184087594692
457,NONE,NONE,2,-1,"(1, 0)",224.02082482599621,-4.319685878286817e-05,223.9916779224647,4.144045857269664e-15,216.1703837829795,223.3582413849236
458,NONE,NONE,2,-1,"(1, 0)",224.03050203094156,-4.319685878286817e-05,224.0019387934099,1.3214819491589597e-15,211.71463844014266,222.9910782913203
459,NONE,NONE,2,-1,"(1, 0)",224.0401796539208,-4.319685878286817e-05,224.01108139876283,3.750098243056143e-15,218.50291293200172,223.572870331767
460,NONE,NONE,2,-1,"(1, 0)",224.04985769495198,-4.319685878286817e-05,224.0209895775218,2.3862223737780106e-15,239.10548991076715,225.32040031603503
461,NONE,NONE,2,-1,"(1, 0)",224.05953615405318,-4.319685878286817e-05,224.03146081208078,5.058139138169494e-16,219.94277418570874,223.7121382149005
462,NONE,NONE,2,-1,"(1, 0)",224.0692150312424,-4.319685878286817e-05,224.04149935154715,2.499287036123071e-16,211.90621966066772,223.04287028794505
463,NONE,NONE,2,-1,"(1, 0)",224.07889432653778,-4.319685878286817e-05,224.05108474073634,2.9956603608822265e-16,228.1368491657776,224.4213001719644
464,NONE,NONE,2,-1,"(1, 0)",224.08857403995734,-4.319685878286817e-05,224.06005157175704,1.2031044743013108e-15,214.64576678877484,223.2918345827847
465,NONE,NONE,2,-1,"(1, 0)",224.0982541715191,-4.319685878286817e-05,224.06986345234822,9.279088169877872e-16,214.49198667885167,223.28775772320097
466,NONE,NONE,2,-1,"(1, 0)",224.1079347212412,-4.319685878286817e-05,224.0795666320331,8.856986432752913e-16,238.55666702845102,225.3269451615008
467,NONE,NONE,2,-1,"(1, 0)",224.11761568914167,-4.319685878286817e-05,224.08964802439718,4.0419237797773568e-16,210.24985455767234,222.94767115573262
468,NONE,NONE,2,-1,"(1, 0)",224.1272970752386,-4.319685878286817e-05,224.09881469444198,1.1020292132557023e-15,251.42853072180066,226.4304481779525
469,NONE,NONE,2,-1,"(1, 0)",224.13697887954999,-4.319685878286817e-05,224.1076972977057,5.236825640736173e-15,223.51494162693123,224.08450565001087
470,NONE,NONE,2,-1,"(1, 0)",224.146661102094,-4.319685878286817e-05,224.1172857018914,6.2746501370675834e-15,230.4517923865226,224.6785204214052
471,NONE,NONE,2,-1,"(1, 0)",224.15634374288857,-4.319685878286817e-05,224.1270694904701,5.137401223519339e-15,223.36645460030695,224.08971677895744
472,NONE,NONE,2,-1,"(1, 0)",224.1660268019519,-4.319685878286817e-05,224.13705599192363,2.8335854746012024e-15,227.70687189603402,224.46468335393146
473,NONE,NONE,2,-1,"(1, 0)",224.17571027930197,-4.319685878286817e-05,224.1471403594738,1.2921376737130126e-15,213.63371565295836,223.28657232414122
474,NONE,NONE,2,-1,"(1, 0)",224.18539417495685,-4.319685878286817e-05,224.1571664788303,6.607886921151597e-16,216.98060106563076,223.57775031588127
475,NONE,NONE,2,-1,"(1, 0)",224.1950784889347,-4.319685878286817e-05,224.16738914121518,2.304244857211621e-16,219.73565809351902,223.81899241297225
476,NONE,NONE,2,-1,"(1, 0)",224.2047632212535,-4.319685878286817e-05,224.17723338833835,1.6837237783504745e-16,223.6496948354509,224.15795344435477
477,NONE,NONE,2,-1,"(1, 0)",224.21444837193133,-4.319685878286817e-05,224.18655238811428,3.4335986025259203e-16,232.84389067791102,224.94215117535964
478,NONE,NONE,2,-1,"(1, 0)",224.22413394098632,-4.319685878286817e-05,224.19583493309466,7.524303749174185e-16,228.94846449724676,224.62250963718702
479,NONE,NONE,2,-1,"(1, 0)",224.2338199284365,-4.319685878286817e-05,224.2047542785772,3.3531247524158765e-15,252.03354235474336,226.57790979693908
480,NONE,NONE,2,-1,"(1, 0)",224.24350633429992,-4.319685878286817e-05,224.21415276537,5.868236058385271e-15,204.67583569152592,222.59361945868696
481,NONE,NONE,2,-1,"(1, 0)",224.2531931585947,-4.319685878286817e-05,224.22321081471944,1.9976412319910385e-14,217.79628759184178,223.70878990422366
482,NONE,NONE,2,-1,"(1, 0)",224.26288040133892,-4.319685878286817e-05,224.23265442362776,3.2061138165996095e-14,248.5258083626637,226.30848045527944
483,NONE,NONE,2,-1,"(1, 0)",224.27256806255062,-4.319685878286817e-05,224.24291025693287,1.054979257114302e-14,217.39658436731068,223.69288101622806
484,NONE,NONE,2,-1,"(1, 0)",224.2822561422479,-4.319685878286817e-05,224.25324569001774,2.9746230379575694e-15,226.1175654160782,224.4369771396827
485,NONE,NONE,2,-1,"(1, 0)",224.2919446404488,-4.319685878286817e-05,224.2630959949147,2.1638904334250334e-15,232.04740877442916,224.94572072672779
486,NONE,NONE,2,-1,"(1, 0)",224.30163355717144,-4.319685878286817e-05,224.2731553092074,1.0477299689893126e-15,232.61618676011042,225.00250988790256
487,NONE,NONE,2,-1,"(1, 0)",224.3113228924339,-4.319685878286817e-05,224.28290841856457,9.229390608676051e-16,203.23028714366626,222.53437103529907
488,NONE,NONE,2,-1,"(1, 0)",224.32101264625425,-4.319685878286817e-05,224.29231673060244,1.5947050721093578e-15,219.0680902871227,223.8782551340668
489,NONE,NONE,2,-1,"(1, 0)",224.33070281865054,-4.319685878286817e-05,224.30210267592645,1.3197210235162038e-15,207.25146663891923,222.89119296905483
490,NONE,NONE,2,-1,"(1, 0)",224.3403934096409,-4.319685878286817e-05,224.31211544721913,7.021369913779304e-16,239.1331158665277,225.58713241068597
491,NONE,NONE,2,-1,"(1, 0)",224.3500844192434,-4.319685878286817e-05,224.32152584735846,1.2111500669689656e-15,230.7145636588672,224.88646315274235
492,NONE,NONE,2,-1,"(1, 0)",224.3597758474761,-4.319685878286817e-05,224.3317763020266,4.059429905570972e-16,231.91525010460046,224.99650047251174
493,NONE,NONE,2,-1,"(1, 0)",224.3694676943571,-4.319685878286817e-05,224.34100091796805,1.0077727736435317e-15,228.34337006918688,224.7043470302643
494,NONE,NONE,2,-1,"(1, 0)",224.37915995990446,-4.319685878286817e-05,224.35106060689247,4.909306311122326e-16,232.51699283216232,225.06490261127192
495,NONE,NONE,2,-1,"(1, 0)",224.38885264413634,-4.319685878286817e-05,224.36038003607243,1.014512294268041e-15,223.5901042650698,224.32154821802217
496,NONE,NONE,2,-1,"(1, 0)",224.39854574707076,-4.319685878286817e-05,224.36879239375756,1.2311895483749435e-14,226.97277404267416,224.61544693731813
497,NONE,NONE,2,-1,"(1, 0)",224.4082392687258,-4.319685878286817e-05,224.37847965012108,1.2432622463752496e-14,225.6714501021511,224.51467120346757
498,NONE,NONE,2,-1,"(1, 0)",224.41793320911958,-4.319685878286817e-05,224.38790494333676,2.0945010444979433e-14,210.49388961632735,223.24481242433973
499,NONE,NONE,2,-1,"(1, 0)",224.4276275682702,-4.319685878286817e-05,224.3978933111663,1.1774372485506273e-14,239.82942742708047,225.72519540088925
