datetime;open;high;low;close;volume;datetime;gap;timestamp
2015-08-03 09:30:00;176.84;176.87099999999998;176.58;176.59;96219.0;2015-08-03 09:30:00;0.0;1438594200
2015-08-03 09:35:00;176.57;176.58;176.38;176.55;68597.0;2015-08-03 09:35:00;0.0;1438594500
2015-08-03 09:40:00;176.53;176.53;176.03;176.0596;77457.0;2015-08-03 09:40:00;0.0;1438594800
2015-08-03 09:45:00;176.07;176.15;175.95;176.06;152122.0;2015-08-03 09:45:00;0.0;1438595100
2015-08-03 09:50:00;176.09;176.16;176.04;176.08;123057.0;2015-08-03 09:50:00;0.0;1438595400
2015-08-03 09:55:00;176.1;176.32;176.1;176.26;41234.0;2015-08-03 09:55:00;0.0;1438595700
2015-08-03 10:00:00;176.27;176.297;176.09;176.12;57070.0;2015-08-03 10:00:00;0.0;1438596000
2015-08-03 10:05:00;176.11;176.27;175.9901;176.01;66314.0;2015-08-03 10:05:00;0.0;1438596300
2015-08-03 10:10:00;175.99;176.36;175.985;176.26;105623.0;2015-08-03 10:10:00;0.0;1438596600
2015-08-03 10:15:00;176.26;176.27;176.01;176.04;72665.0;2015-08-03 10:15:00;0.0;1438596900
2015-08-03 10:20:00;176.02;176.11;175.91;175.915;44170.0;2015-08-03 10:20:00;0.0;1438597200
2015-08-03 10:25:00;175.9;175.9;175.69;175.8;96210.0;2015-08-03 10:25:00;0.0;1438597500
2015-08-03 10:30:00;175.79;175.79;175.58;175.685;80223.0;2015-08-03 10:30:00;0.0;1438597800
2015-08-03 10:35:00;175.67;175.76;175.61;175.7555;56079.0;2015-08-03 10:35:00;0.0;1438598100
2015-08-03 10:40:00;175.75;175.8;175.68;175.77;29717.0;2015-08-03 10:40:00;0.0;1438598400
2015-08-03 10:45:00;175.75;175.85;175.65;175.83;70457.0;2015-08-03 10:45:00;0.0;1438598700
2015-08-03 10:50:00;175.83;175.84;175.77;175.79;22801.0;2015-08-03 10:50:00;0.0;1438599000
2015-08-03 10:55:00;175.805;175.96;175.77;175.91;136039.0;2015-08-03 10:55:00;0.0;1438599300
2015-08-03 11:00:00;175.91;175.98;175.86;175.87;20147.0;2015-08-03 11:00:00;0.0;1438599600
2015-08-03 11:05:00;175.86;175.94;175.82;175.93;29642.0;2015-08-03 11:05:00;0.0;1438599900
2015-08-03 11:10:00;175.91;176.04;175.88;175.9499;34455.0;2015-08-03 11:10:00;0.0;1438600200
2015-08-03 11:15:00;175.95;176.01;175.9;175.98;20507.0;2015-08-03 11:15:00;0.0;1438600500
2015-08-03 11:20:00;175.97;176.08;175.97;176.04;22360.0;2015-08-03 11:20:00;0.0;1438600800
2015-08-03 11:25:00;176.06;176.12;175.99;176.041;36204.0;2015-08-03 11:25:00;0.0;1438601100
2015-08-03 11:30:00;176.03;176.21;176.03;176.18;42996.0;2015-08-03 11:30:00;0.0;1438601400
2015-08-03 11:35:00;176.18;176.18;176.07;176.07;16479.0;2015-08-03 11:35:00;0.0;1438601700
2015-08-03 11:40:00;176.08;176.13;176.08;176.13;12696.0;2015-08-03 11:40:00;0.0;1438602000
2015-08-03 11:45:00;176.1362;176.1825;176.06;176.07;70523.0;2015-08-03 11:45:00;0.0;1438602300
2015-08-03 11:50:00;176.07;176.07;175.97;176.0;19016.0;2015-08-03 11:50:00;0.0;1438602600
2015-08-03 11:55:00;176.0;176.0;175.92;175.96;20513.0;2015-08-03 11:55:00;0.0;1438602900
2015-08-03 12:00:00;175.98;176.02;175.89;175.9;18883.0;2015-08-03 12:00:00;0.0;1438603200
2015-08-03 12:05:00;175.9;175.9368;175.87;175.91;37612.0;2015-08-03 12:05:00;0.0;1438603500
2015-08-03 12:10:00;175.9;175.955;175.87;175.93;90512.0;2015-08-03 12:10:00;0.0;1438603800
2015-08-03 12:15:00;175.93;175.935;175.75;175.755;112674.0;2015-08-03 12:15:00;0.0;1438604100
2015-08-03 12:20:00;175.77;175.8;175.72299999999998;175.77;19813.0;2015-08-03 12:20:00;0.0;1438604400
2015-08-03 12:25:00;175.78;175.815;175.75;175.81;17551.0;2015-08-03 12:25:00;0.0;1438604700
2015-08-03 12:30:00;175.8;175.8;175.54;175.58;62350.0;2015-08-03 12:30:00;0.0;1438605000
2015-08-03 12:35:00;175.58;175.6;175.45;175.4901;24508.0;2015-08-03 12:35:00;0.0;1438605300
2015-08-03 12:40:00;175.46;175.465;175.37;175.42;47489.0;2015-08-03 12:40:00;0.0;1438605600
2015-08-03 12:45:00;175.4;175.4;175.16;175.19;73291.0;2015-08-03 12:45:00;0.0;1438605900
2015-08-03 12:50:00;175.19;175.195;175.0;175.01;75752.0;2015-08-03 12:50:00;0.0;1438606200
2015-08-03 12:55:00;175.0;175.03;174.88;174.9866;68043.0;2015-08-03 12:55:00;0.0;1438606500
2015-08-03 13:00:00;175.0;175.05;174.915;175.05;38750.0;2015-08-03 13:00:00;0.0;1438606800
2015-08-03 13:05:00;175.03;175.03;174.81;174.81;43823.0;2015-08-03 13:05:00;0.0;1438607100
2015-08-03 13:10:00;174.8;174.86;174.75;174.83;41771.0;2015-08-03 13:10:00;0.0;1438607400
2015-08-03 13:15:00;174.82;174.84;174.73;174.74;37434.0;2015-08-03 13:15:00;0.0;1438607700
2015-08-03 13:20:00;174.735;174.91;174.735;174.87;81570.0;2015-08-03 13:20:00;0.0;1438608000
2015-08-03 13:25:00;174.88;174.985;174.82;174.97;62121.0;2015-08-03 13:25:00;0.0;1438608300
2015-08-03 13:30:00;174.95;174.99;174.88;174.9801;30496.0;2015-08-03 13:30:00;0.0;1438608600
2015-08-03 13:35:00;174.99;175.03;174.9;174.92;45354.0;2015-08-03 13:35:00;0.0;1438608900
2015-08-03 13:40:00;174.9299;175.049;174.9253;175.0099;45664.0;2015-08-03 13:40:00;0.0;1438609200
2015-08-03 13:45:00;175.01;175.09;174.88400000000001;175.0829;27550.0;2015-08-03 13:45:00;0.0;1438609500
2015-08-03 13:50:00;175.08;175.13;175.0499;175.08;32100.0;2015-08-03 13:50:00;0.0;1438609800
2015-08-03 13:55:00;175.05;175.07;174.95;175.01;24486.0;2015-08-03 13:55:00;0.0;1438610100
2015-08-03 14:00:00;175.0;175.02;174.9;175.0065;62538.0;2015-08-03 14:00:00;0.0;1438610400
2015-08-03 14:05:00;175.0;175.01;174.85;174.895;67668.0;2015-08-03 14:05:00;0.0;1438610700
2015-08-03 14:10:00;174.89;174.905;174.79;174.82;29877.0;2015-08-03 14:10:00;0.0;1438611000
2015-08-03 14:15:00;174.825;174.98;174.81;174.89;25457.0;2015-08-03 14:15:00;0.0;1438611300
2015-08-03 14:20:00;174.9;174.9;174.8199;174.89;13792.0;2015-08-03 14:20:00;0.0;1438611600
2015-08-03 14:25:00;174.89;174.94;174.79;174.92;43771.0;2015-08-03 14:25:00;0.0;1438611900
2015-08-03 14:30:00;174.92;174.95;174.838;174.94;26942.0;2015-08-03 14:30:00;0.0;1438612200
2015-08-03 14:35:00;174.94099999999997;175.1291;174.93;175.12;46837.0;2015-08-03 14:35:00;0.0;1438612500
2015-08-03 14:40:00;175.11;175.17;175.1;175.14;40496.0;2015-08-03 14:40:00;0.0;1438612800
2015-08-03 14:45:00;175.14;175.16;174.99;175.03;43411.0;2015-08-03 14:45:00;0.0;1438613100
2015-08-03 14:50:00;175.04;175.06;174.94;174.96;29977.0;2015-08-03 14:50:00;0.0;1438613400
2015-08-03 14:55:00;174.97;175.01;174.86;174.97;49618.0;2015-08-03 14:55:00;0.0;1438613700
2015-08-03 15:00:00;174.98;175.08;174.96;175.08;42509.0;2015-08-03 15:00:00;0.0;1438614000
2015-08-03 15:05:00;175.08;175.11;174.985;175.08;47751.0;2015-08-03 15:05:00;0.0;1438614300
2015-08-03 15:10:00;175.06;175.08;174.97;175.075;43916.0;2015-08-03 15:10:00;0.0;1438614600
2015-08-03 15:15:00;175.075;175.12;174.98;175.1151;33799.0;2015-08-03 15:15:00;0.0;1438614900
2015-08-03 15:20:00;175.12;175.18;175.08;175.15;47886.0;2015-08-03 15:20:00;0.0;1438615200
2015-08-03 15:25:00;175.15;175.21;175.09;175.18;58417.0;2015-08-03 15:25:00;0.0;1438615500
2015-08-03 15:30:00;175.19;175.25;175.1;175.23;75457.0;2015-08-03 15:30:00;0.0;1438615800
2015-08-03 15:35:00;175.22;175.49;175.21;175.48;180639.0;2015-08-03 15:35:00;0.0;1438616100
2015-08-03 15:40:00;175.49;175.69;175.42;175.64;126326.0;2015-08-03 15:40:00;0.0;1438616400
2015-08-03 15:45:00;175.65;175.65;175.5;175.53;47700.0;2015-08-03 15:45:00;0.0;1438616700
2015-08-03 15:50:00;175.53;175.58;175.48;175.55;53244.0;2015-08-03 15:50:00;0.0;1438617000
2015-08-03 15:55:00;175.56;175.78;175.54;175.72;199477.0;2015-08-03 15:55:00;0.0;1438617300
2015-08-03 16:00:00;175.72;175.79;175.66;175.66;245204.0;2015-08-03 16:00:00;0.0;1438617600
2015-08-04 09:30:00;175.79;176.04;175.67;175.85;103326.0;2015-08-04 09:30:00;0.0;1438680600
2015-08-04 09:35:00;175.86;176.02;175.5;175.51;93748.0;2015-08-04 09:35:00;0.0;1438680900
2015-08-04 09:40:00;175.51;175.74;175.51;175.74;39326.0;2015-08-04 09:40:00;0.0;1438681200
2015-08-04 09:45:00;175.73;175.91;175.68;175.91;90195.0;2015-08-04 09:45:00;0.0;1438681500
2015-08-04 09:50:00;175.89;175.98;175.86;175.87;55430.0;2015-08-04 09:50:00;0.0;1438681800
2015-08-04 09:55:00;175.86;175.9;175.78;175.83;49757.0;2015-08-04 09:55:00;0.0;1438682100
2015-08-04 10:00:00;175.86;175.87;175.7;175.76;66604.0;2015-08-04 10:00:00;0.0;1438682400
2015-08-04 10:05:00;175.8;175.98;175.73;175.94;34759.0;2015-08-04 10:05:00;0.0;1438682700
2015-08-04 10:10:00;175.93;176.0;175.71;175.96;141173.0;2015-08-04 10:10:00;0.0;1438683000
2015-08-04 10:15:00;175.96;175.9799;175.79;175.87;47161.0;2015-08-04 10:15:00;0.0;1438683300
2015-08-04 10:20:00;175.8675;176.0;175.51;175.92;44786.0;2015-08-04 10:20:00;0.0;1438683600
2015-08-04 10:25:00;175.92;176.13;175.92;176.01;99145.0;2015-08-04 10:25:00;0.0;1438683900
2015-08-04 10:30:00;176.05;176.1;175.75;176.02;46002.0;2015-08-04 10:30:00;0.0;1438684200
2015-08-04 10:35:00;176.02;176.04;175.6701;175.82;32946.0;2015-08-04 10:35:00;0.0;1438684500
2015-08-04 10:40:00;175.83;175.86;175.68;175.75;29748.0;2015-08-04 10:40:00;0.0;1438684800
2015-08-04 10:45:00;175.74;175.89;175.72;175.75;83643.0;2015-08-04 10:45:00;0.0;1438685100
2015-08-04 10:50:00;175.76;175.77;175.57;175.67;49481.0;2015-08-04 10:50:00;0.0;1438685400
2015-08-04 10:55:00;175.6875;175.7039;175.42;175.5;85936.0;2015-08-04 10:55:00;0.0;1438685700
2015-08-04 11:00:00;175.5;175.62;175.48;175.5941;46882.0;2015-08-04 11:00:00;0.0;1438686000
2015-08-04 11:05:00;175.58;175.71;175.56;175.57;39233.0;2015-08-04 11:05:00;0.0;1438686300
2015-08-04 11:10:00;175.56;175.77;175.55;175.76;33512.0;2015-08-04 11:10:00;0.0;1438686600
2015-08-04 11:15:00;175.75;175.77;175.6;175.62;32302.0;2015-08-04 11:15:00;0.0;1438686900
2015-08-04 11:20:00;175.5999;175.67;175.57;175.62;16074.0;2015-08-04 11:20:00;0.0;1438687200
2015-08-04 11:25:00;175.63;175.64;175.521;175.63;12325.0;2015-08-04 11:25:00;0.0;1438687500
2015-08-04 11:30:00;175.63;175.65;175.55;175.58;30727.0;2015-08-04 11:30:00;0.0;1438687800
2015-08-04 11:35:00;175.5923;175.68;175.5923;175.6699;9570.0;2015-08-04 11:35:00;0.0;1438688100
2015-08-04 11:40:00;175.66;175.76;175.655;175.7;58079.0;2015-08-04 11:40:00;0.0;1438688400
2015-08-04 11:45:00;175.66;175.66099999999997;175.5925;175.62;11421.0;2015-08-04 11:45:00;0.0;1438688700
2015-08-04 11:50:00;175.62;175.62;175.5;175.55;25946.0;2015-08-04 11:50:00;0.0;1438689000
2015-08-04 11:55:00;175.55;175.63;175.52;175.6;17046.0;2015-08-04 11:55:00;0.0;1438689300
2015-08-04 12:00:00;175.58;175.68;175.58;175.65;28489.0;2015-08-04 12:00:00;0.0;1438689600
2015-08-04 12:05:00;175.66;175.79;175.66;175.74;42365.0;2015-08-04 12:05:00;0.0;1438689900
2015-08-04 12:10:00;175.75;175.76;175.7;175.73;16205.0;2015-08-04 12:10:00;0.0;1438690200
2015-08-04 12:15:00;175.72;175.73;175.63;175.67;11095.0;2015-08-04 12:15:00;0.0;1438690500
2015-08-04 12:20:00;175.66;175.67;175.58;175.58;13254.0;2015-08-04 12:20:00;0.0;1438690800
2015-08-04 12:25:00;175.57;175.61;175.5;175.50799999999998;69047.0;2015-08-04 12:25:00;0.0;1438691100
2015-08-04 12:30:00;175.5;175.52;175.47;175.51;14830.0;2015-08-04 12:30:00;0.0;1438691400
2015-08-04 12:35:00;175.51;175.55;175.49;175.54;22676.0;2015-08-04 12:35:00;0.0;1438691700
2015-08-04 12:40:00;175.54;175.56;175.35;175.35;55686.0;2015-08-04 12:40:00;0.0;1438692000
2015-08-04 12:45:00;175.35;175.44;175.3401;175.41;32434.0;2015-08-04 12:45:00;0.0;1438692300
2015-08-04 12:50:00;175.4;175.4;175.32;175.33;38985.0;2015-08-04 12:50:00;0.0;1438692600
2015-08-04 12:55:00;175.34;175.39;175.29;175.3575;14215.0;2015-08-04 12:55:00;0.0;1438692900
2015-08-04 13:00:00;175.35;175.35;175.27;175.3;31815.0;2015-08-04 13:00:00;0.0;1438693200
2015-08-04 13:05:00;175.3;175.34;175.28;175.33;11291.0;2015-08-04 13:05:00;0.0;1438693500
2015-08-04 13:10:00;175.33;175.35;175.29;175.33;16362.0;2015-08-04 13:10:00;0.0;1438693800
2015-08-04 13:15:00;175.34;175.49;175.34;175.4561;19282.0;2015-08-04 13:15:00;0.0;1438694100
2015-08-04 13:20:00;175.43;175.489;175.43;175.43;7327.0;2015-08-04 13:20:00;0.0;1438694400
2015-08-04 13:25:00;175.43;175.48;175.31;175.48;8387.0;2015-08-04 13:25:00;0.0;1438694700
2015-08-04 13:30:00;175.5;175.64;175.5;175.58;44227.0;2015-08-04 13:30:00;0.0;1438695000
2015-08-04 13:35:00;175.6;175.61;175.55;175.61;28711.0;2015-08-04 13:35:00;0.0;1438695300
2015-08-04 13:40:00;175.6;175.6;175.38;175.42;80167.0;2015-08-04 13:40:00;0.0;1438695600
2015-08-04 13:45:00;175.41;175.521;175.25;175.26;121810.0;2015-08-04 13:45:00;0.0;1438695900
2015-08-04 13:50:00;175.28;175.28;175.04;175.09;117899.0;2015-08-04 13:50:00;0.0;1438696200
2015-08-04 13:55:00;175.1;175.4599;175.0;175.08;41341.0;2015-08-04 13:55:00;0.0;1438696500
2015-08-04 14:00:00;175.06;175.12;175.0299;175.07;35577.0;2015-08-04 14:00:00;0.0;1438696800
2015-08-04 14:05:00;175.06;175.11;174.91;174.91;74261.0;2015-08-04 14:05:00;0.0;1438697100
2015-08-04 14:10:00;174.9;174.92;174.8277;174.9;113254.0;2015-08-04 14:10:00;0.0;1438697400
2015-08-04 14:15:00;174.9;175.02;174.84;175.02;72911.0;2015-08-04 14:15:00;0.0;1438697700
2015-08-04 14:20:00;175.03;175.05;174.95;175.01;33714.0;2015-08-04 14:20:00;0.0;1438698000
2015-08-04 14:25:00;175.0;175.09;174.97099999999998;175.07;27689.0;2015-08-04 14:25:00;0.0;1438698300
2015-08-04 14:30:00;175.08;175.08;175.0161;175.06;12493.0;2015-08-04 14:30:00;0.0;1438698600
2015-08-04 14:35:00;175.07;175.23;175.03;175.21;97133.0;2015-08-04 14:35:00;0.0;1438698900
2015-08-04 14:40:00;175.3499;175.4025;175.14;175.23;46999.0;2015-08-04 14:40:00;0.0;1438699200
2015-08-04 14:45:00;175.22;175.45;175.2;175.45;40827.0;2015-08-04 14:45:00;0.0;1438699500
2015-08-04 14:50:00;175.45;175.45;175.36;175.36;32876.0;2015-08-04 14:50:00;0.0;1438699800
2015-08-04 14:55:00;175.3468;175.4;175.25;175.4;33236.0;2015-08-04 14:55:00;0.0;1438700100
2015-08-04 15:00:00;175.39;175.51;175.35;175.38;85902.0;2015-08-04 15:00:00;0.0;1438700400
2015-08-04 15:05:00;175.37;175.47;175.33;175.38;50714.0;2015-08-04 15:05:00;0.0;1438700700
2015-08-04 15:10:00;175.39;175.39;175.3;175.34;35539.0;2015-08-04 15:10:00;0.0;1438701000
2015-08-04 15:15:00;175.35;175.43;175.24;175.27;27710.0;2015-08-04 15:15:00;0.0;1438701300
2015-08-04 15:20:00;175.27;175.33;175.2;175.33;43389.0;2015-08-04 15:20:00;0.0;1438701600
2015-08-04 15:25:00;175.3;175.35;175.29;175.35;28652.0;2015-08-04 15:25:00;0.0;1438701900
2015-08-04 15:30:00;175.34;175.46;174.93;175.38;110369.0;2015-08-04 15:30:00;0.0;1438702200
2015-08-04 15:35:00;175.38;175.395;175.29;175.29;49027.0;2015-08-04 15:35:00;0.0;1438702500
2015-08-04 15:40:00;175.29;175.6;175.18;175.23;115797.0;2015-08-04 15:40:00;0.0;1438702800
2015-08-04 15:45:00;175.22;175.245;175.12;175.1451;112071.0;2015-08-04 15:45:00;0.0;1438703100
2015-08-04 15:50:00;175.14;175.225;175.11;175.1945;55344.0;2015-08-04 15:50:00;0.0;1438703400
2015-08-04 15:55:00;175.18;175.36;175.08;175.3;209926.0;2015-08-04 15:55:00;0.0;1438703700
2015-08-04 16:00:00;175.29;175.38;175.27;175.38;34751.0;2015-08-04 16:00:00;0.0;1438704000
2015-08-05 09:30:00;175.84;175.89;175.74;175.81;169258.0;2015-08-05 09:30:00;0.0;1438767000
2015-08-05 09:35:00;175.81;176.05;175.81;175.85;107656.0;2015-08-05 09:35:00;0.0;1438767300
2015-08-05 09:40:00;175.87;175.99;175.77;175.87;128760.0;2015-08-05 09:40:00;0.0;1438767600
2015-08-05 09:45:00;175.88;176.19;175.88;176.17;126501.0;2015-08-05 09:45:00;0.0;1438767900
2015-08-05 09:50:00;176.2;176.24;176.06;176.23;126487.0;2015-08-05 09:50:00;0.0;1438768200
2015-08-05 09:55:00;176.24;176.26;175.96;176.04;162426.0;2015-08-05 09:55:00;0.0;1438768500
2015-08-05 10:00:00;176.07;176.13;175.8999;176.05;188177.0;2015-08-05 10:00:00;0.0;1438768800
2015-08-05 10:05:00;176.06;176.18;176.055;176.18;59573.0;2015-08-05 10:05:00;0.0;1438769100
2015-08-05 10:10:00;176.19;176.36;176.1751;176.24;122780.0;2015-08-05 10:10:00;0.0;1438769400
2015-08-05 10:15:00;176.27;176.36;176.21;176.34;56286.0;2015-08-05 10:15:00;0.0;1438769700
2015-08-05 10:20:00;176.34;176.44;176.34;176.3635;65372.0;2015-08-05 10:20:00;0.0;1438770000
2015-08-05 10:25:00;176.38;176.4765;176.36;176.46;66386.0;2015-08-05 10:25:00;0.0;1438770300
2015-08-05 10:30:00;176.49;176.53;176.38;176.42;66541.0;2015-08-05 10:30:00;0.0;1438770600
2015-08-05 10:35:00;176.42;176.47;176.3649;176.39;36177.0;2015-08-05 10:35:00;0.0;1438770900
2015-08-05 10:40:00;176.38;176.42;176.24;176.27;52162.0;2015-08-05 10:40:00;0.0;1438771200
2015-08-05 10:45:00;176.27;176.28900000000002;176.22;176.2302;29191.0;2015-08-05 10:45:00;0.0;1438771500
2015-08-05 10:50:00;176.24;176.35;176.2215;176.33;24215.0;2015-08-05 10:50:00;0.0;1438771800
2015-08-05 10:55:00;176.33;176.37599999999998;176.24;176.25;19725.0;2015-08-05 10:55:00;0.0;1438772100
2015-08-05 11:00:00;176.26;176.34799999999998;176.23;176.25;20287.0;2015-08-05 11:00:00;0.0;1438772400
2015-08-05 11:05:00;176.26;176.31;176.2;176.24;20081.0;2015-08-05 11:05:00;0.0;1438772700
2015-08-05 11:10:00;176.23;176.29;176.23;176.29;11786.0;2015-08-05 11:10:00;0.0;1438773000
2015-08-05 11:15:00;176.29;176.32;176.26;176.27;15524.0;2015-08-05 11:15:00;0.0;1438773300
2015-08-05 11:20:00;176.27;176.38;176.23;176.38;19830.0;2015-08-05 11:20:00;0.0;1438773600
2015-08-05 11:25:00;176.375;176.38;176.28;176.33;24855.0;2015-08-05 11:25:00;0.0;1438773900
2015-08-05 11:30:00;176.352;176.37;176.27599999999998;176.28;25780.0;2015-08-05 11:30:00;0.0;1438774200
2015-08-05 11:35:00;176.26;176.27;176.16;176.16;9082.0;2015-08-05 11:35:00;0.0;1438774500
2015-08-05 11:40:00;176.17;176.18;176.1;176.12;20629.0;2015-08-05 11:40:00;0.0;1438774800
2015-08-05 11:45:00;176.11;176.14;176.07;176.09;28867.0;2015-08-05 11:45:00;0.0;1438775100
2015-08-05 11:50:00;176.09;176.1;175.95;175.95;26235.0;2015-08-05 11:50:00;0.0;1438775400
2015-08-05 11:55:00;175.95;175.97;175.73;175.804;125215.0;2015-08-05 11:55:00;0.0;1438775700
2015-08-05 12:00:00;175.8;175.8;175.66;175.73;101293.0;2015-08-05 12:00:00;0.0;1438776000
2015-08-05 12:05:00;175.75;175.83;175.75;175.7749;16935.0;2015-08-05 12:05:00;0.0;1438776300
2015-08-05 12:10:00;175.75;175.84;175.75;175.81;11017.0;2015-08-05 12:10:00;0.0;1438776600
2015-08-05 12:15:00;175.81;175.81;175.59;175.6;38561.0;2015-08-05 12:15:00;0.0;1438776900
2015-08-05 12:20:00;175.59;175.6499;175.52;175.52;29158.0;2015-08-05 12:20:00;0.0;1438777200
2015-08-05 12:25:00;175.51;175.51;175.44;175.47;54900.0;2015-08-05 12:25:00;0.0;1438777500
2015-08-05 12:30:00;175.47;175.48;175.26;175.31;76028.0;2015-08-05 12:30:00;0.0;1438777800
2015-08-05 12:35:00;175.31;175.37;175.22;175.24;89035.0;2015-08-05 12:35:00;0.0;1438778100
2015-08-05 12:40:00;175.23;175.29;175.13;175.29;115456.0;2015-08-05 12:40:00;0.0;1438778400
2015-08-05 12:45:00;175.29;175.37;175.25;175.37;27028.0;2015-08-05 12:45:00;0.0;1438778700
2015-08-05 12:50:00;175.375;175.4;175.27;175.29;29476.0;2015-08-05 12:50:00;0.0;1438779000
2015-08-05 12:55:00;175.3089;175.51;175.3089;175.5;97680.0;2015-08-05 12:55:00;0.0;1438779300
2015-08-05 13:00:00;175.5;175.51;175.39;175.4;32613.0;2015-08-05 13:00:00;0.0;1438779600
2015-08-05 13:05:00;175.4;175.47;175.39;175.44;8877.0;2015-08-05 13:05:00;0.0;1438779900
2015-08-05 13:10:00;175.44;175.46;175.19;175.21;42586.0;2015-08-05 13:10:00;0.0;1438780200
2015-08-05 13:15:00;175.21;175.25;175.032;175.093;144988.0;2015-08-05 13:15:00;0.0;1438780500
2015-08-05 13:20:00;175.11;175.205;175.07;175.1911;22857.0;2015-08-05 13:20:00;0.0;1438780800
2015-08-05 13:25:00;175.21;175.25;175.11;175.25;20714.0;2015-08-05 13:25:00;0.0;1438781100
2015-08-05 13:30:00;175.24;175.24;175.11;175.125;22761.0;2015-08-05 13:30:00;0.0;1438781400
2015-08-05 13:35:00;175.15;175.24;175.14;175.2305;14128.0;2015-08-05 13:35:00;0.0;1438781700
2015-08-05 13:40:00;175.22;175.34;175.22;175.34;28052.0;2015-08-05 13:40:00;0.0;1438782000
2015-08-05 13:45:00;175.31;175.3499;175.26;175.285;17562.0;2015-08-05 13:45:00;0.0;1438782300
2015-08-05 13:50:00;175.26;175.2965;175.08;175.13;471597.0;2015-08-05 13:50:00;0.0;1438782600
2015-08-05 13:55:00;175.14;175.34;175.14;175.28;19236.0;2015-08-05 13:55:00;0.0;1438782900
2015-08-05 14:00:00;175.28;175.39;175.239;175.36700000000002;21360.0;2015-08-05 14:00:00;0.0;1438783200
2015-08-05 14:05:00;175.3751;175.43;175.29;175.29;33392.0;2015-08-05 14:05:00;0.0;1438783500
2015-08-05 14:10:00;175.29;175.3831;175.24;175.37;30623.0;2015-08-05 14:10:00;0.0;1438783800
2015-08-05 14:15:00;175.38;175.44;175.34;175.41;13061.0;2015-08-05 14:15:00;0.0;1438784100
2015-08-05 14:20:00;175.4239;175.49;175.4239;175.455;24752.0;2015-08-05 14:20:00;0.0;1438784400
2015-08-05 14:25:00;175.45;175.53;175.42;175.5;41604.0;2015-08-05 14:25:00;0.0;1438784700
2015-08-05 14:30:00;175.54;175.57;175.512;175.55;51422.0;2015-08-05 14:30:00;0.0;1438785000
2015-08-05 14:35:00;175.56;175.57;175.51;175.53;20289.0;2015-08-05 14:35:00;0.0;1438785300
2015-08-05 14:40:00;175.52;175.52;175.36;175.51;57282.0;2015-08-05 14:40:00;0.0;1438785600
2015-08-05 14:45:00;175.5;175.59;175.47;175.5765;55387.0;2015-08-05 14:45:00;0.0;1438785900
2015-08-05 14:50:00;175.57;175.58;175.45;175.5;46174.0;2015-08-05 14:50:00;0.0;1438786200
2015-08-05 14:55:00;175.5;175.5;175.4;175.45;16154.0;2015-08-05 14:55:00;0.0;1438786500
2015-08-05 15:00:00;175.45;175.5;175.42;175.49;18314.0;2015-08-05 15:00:00;0.0;1438786800
2015-08-05 15:05:00;175.49;175.58;175.49;175.55;21873.0;2015-08-05 15:05:00;0.0;1438787100
2015-08-05 15:10:00;175.56;175.67;175.56;175.6;52036.0;2015-08-05 15:10:00;0.0;1438787400
2015-08-05 15:15:00;175.58;175.5899;175.44;175.46;112520.0;2015-08-05 15:15:00;0.0;1438787700
2015-08-05 15:20:00;175.44;175.55;175.41;175.53;31956.0;2015-08-05 15:20:00;0.0;1438788000
2015-08-05 15:25:00;175.54;175.58;175.479;175.48;59639.0;2015-08-05 15:25:00;0.0;1438788300
2015-08-05 15:30:00;175.47;175.47;175.389;175.42;41308.0;2015-08-05 15:30:00;0.0;1438788600
2015-08-05 15:35:00;175.43;175.49;175.37;175.4;28530.0;2015-08-05 15:35:00;0.0;1438788900
2015-08-05 15:40:00;175.38;175.45;175.34;175.36;34737.0;2015-08-05 15:40:00;0.0;1438789200
2015-08-05 15:45:00;175.34;175.42;175.33;175.41;46614.0;2015-08-05 15:45:00;0.0;1438789500
2015-08-05 15:50:00;175.4;175.421;175.32;175.35;91298.0;2015-08-05 15:50:00;0.0;1438789800
2015-08-05 15:55:00;175.35;175.388;175.28;175.35;92941.0;2015-08-05 15:55:00;0.0;1438790100
2015-08-05 16:00:00;175.36;175.46;175.35;175.35;38631.0;2015-08-05 16:00:00;0.0;1438790400
2015-08-06 09:30:00;175.48;175.65;175.36;175.37;124465.0;2015-08-06 09:30:00;0.0;1438853400
2015-08-06 09:35:00;175.38;175.4;174.8;174.9;139550.0;2015-08-06 09:35:00;0.0;1438853700
2015-08-06 09:40:00;174.86;174.88;174.67;174.74;88516.0;2015-08-06 09:40:00;0.0;1438854000
2015-08-06 09:45:00;174.71;174.83;174.64;174.76;62869.0;2015-08-06 09:45:00;0.0;1438854300
2015-08-06 09:50:00;174.76;174.8;174.47;174.49;122067.0;2015-08-06 09:50:00;0.0;1438854600
2015-08-06 09:55:00;174.49;174.54;174.4;174.5;75676.0;2015-08-06 09:55:00;0.0;1438854900
2015-08-06 10:00:00;174.51;174.51;174.27;174.45;113382.0;2015-08-06 10:00:00;0.0;1438855200
2015-08-06 10:05:00;174.45;174.58;174.44;174.58;73037.0;2015-08-06 10:05:00;0.0;1438855500
2015-08-06 10:10:00;174.55;174.74099999999999;174.53;174.67;107493.0;2015-08-06 10:10:00;0.0;1438855800
2015-08-06 10:15:00;174.65;174.69;174.51;174.56;44859.0;2015-08-06 10:15:00;0.0;1438856100
2015-08-06 10:20:00;174.55;174.55;174.31;174.4;79676.0;2015-08-06 10:20:00;0.0;1438856400
2015-08-06 10:25:00;174.41;174.45;174.33;174.36;82560.0;2015-08-06 10:25:00;0.0;1438856700
2015-08-06 10:30:00;174.36;174.56;174.31;174.54;82586.0;2015-08-06 10:30:00;0.0;1438857000
2015-08-06 10:35:00;174.5349;174.79;174.53;174.79;63679.0;2015-08-06 10:35:00;0.0;1438857300
2015-08-06 10:40:00;174.79;174.81;174.7;174.75;48234.0;2015-08-06 10:40:00;0.0;1438857600
2015-08-06 10:45:00;174.78;174.89;174.7;174.81;53502.0;2015-08-06 10:45:00;0.0;1438857900
2015-08-06 10:50:00;174.83;174.83;174.73;174.77;53214.0;2015-08-06 10:50:00;0.0;1438858200
2015-08-06 10:55:00;174.76;174.78;174.64;174.67;39749.0;2015-08-06 10:55:00;0.0;1438858500
2015-08-06 11:00:00;174.67;174.69;174.6;174.61;35778.0;2015-08-06 11:00:00;0.0;1438858800
2015-08-06 11:05:00;174.61;174.6301;174.5;174.53;33612.0;2015-08-06 11:05:00;0.0;1438859100
2015-08-06 11:10:00;174.52;174.52;174.39;174.4;62628.0;2015-08-06 11:10:00;0.0;1438859400
2015-08-06 11:15:00;174.4;174.51;174.4;174.5;63058.0;2015-08-06 11:15:00;0.0;1438859700
2015-08-06 11:20:00;174.5;174.57;174.48;174.54;37665.0;2015-08-06 11:20:00;0.0;1438860000
2015-08-06 11:25:00;174.53;174.53;174.29;174.33;98241.0;2015-08-06 11:25:00;0.0;1438860300
2015-08-06 11:30:00;174.34;174.36;174.19;174.22;111755.0;2015-08-06 11:30:00;0.0;1438860600
2015-08-06 11:35:00;174.22;174.22;174.06;174.14;124012.0;2015-08-06 11:35:00;0.0;1438860900
2015-08-06 11:40:00;174.13;174.29;174.08;174.25;93050.0;2015-08-06 11:40:00;0.0;1438861200
2015-08-06 11:45:00;174.23;174.3;174.15;174.24;33585.0;2015-08-06 11:45:00;0.0;1438861500
2015-08-06 11:50:00;174.24;174.26;174.16;174.16;47979.0;2015-08-06 11:50:00;0.0;1438861800
2015-08-06 11:55:00;174.143;174.2072;173.93;173.96;118979.0;2015-08-06 11:55:00;0.0;1438862100
2015-08-06 12:00:00;173.95;174.06;173.93;174.0335;76251.0;2015-08-06 12:00:00;0.0;1438862400
2015-08-06 12:05:00;174.025;174.18;174.02;174.12;75545.0;2015-08-06 12:05:00;0.0;1438862700
2015-08-06 12:10:00;174.14;174.14;173.99099999999999;174.03;40819.0;2015-08-06 12:10:00;0.0;1438863000
2015-08-06 12:15:00;174.04;174.08;173.94;173.96;65743.0;2015-08-06 12:15:00;0.0;1438863300
2015-08-06 12:20:00;173.97;173.98;173.8;173.8501;126189.0;2015-08-06 12:20:00;0.0;1438863600
2015-08-06 12:25:00;173.86;173.93;173.85;173.91;103757.0;2015-08-06 12:25:00;0.0;1438863900
2015-08-06 12:30:00;173.91;173.91;173.79;173.79;11874.0;2015-08-06 12:30:00;0.0;1438864200
2015-08-06 12:35:00;173.79;173.791;173.66;173.7199;72595.0;2015-08-06 12:35:00;0.0;1438864500
2015-08-06 12:40:00;173.72;173.85;173.65;173.78;122038.0;2015-08-06 12:40:00;0.0;1438864800
2015-08-06 12:45:00;173.77;173.93;173.72;173.89;67799.0;2015-08-06 12:45:00;0.0;1438865100
2015-08-06 12:50:00;173.88;173.92;173.87;173.89;50462.0;2015-08-06 12:50:00;0.0;1438865400
2015-08-06 12:55:00;173.89;173.94;173.8;173.91;53713.0;2015-08-06 12:55:00;0.0;1438865700
2015-08-06 13:00:00;173.88;173.93;173.84;173.91;97663.0;2015-08-06 13:00:00;0.0;1438866000
2015-08-06 13:05:00;173.92;173.99900000000002;173.91;173.9539;58632.0;2015-08-06 13:05:00;0.0;1438866300
2015-08-06 13:10:00;173.965;174.05;173.8999;174.0299;56185.0;2015-08-06 13:10:00;0.0;1438866600
2015-08-06 13:15:00;174.05;174.08;173.97;174.06;60512.0;2015-08-06 13:15:00;0.0;1438866900
2015-08-06 13:20:00;174.06;174.21;174.01;174.2;176717.0;2015-08-06 13:20:00;0.0;1438867200
2015-08-06 13:25:00;174.1977;174.23;174.11;174.16;60982.0;2015-08-06 13:25:00;0.0;1438867500
2015-08-06 13:30:00;174.16;174.22;174.13;174.13;36568.0;2015-08-06 13:30:00;0.0;1438867800
2015-08-06 13:35:00;174.14;174.18;174.07;174.1;43333.0;2015-08-06 13:35:00;0.0;1438868100
2015-08-06 13:40:00;174.1;174.18;174.06;174.18;17996.0;2015-08-06 13:40:00;0.0;1438868400
2015-08-06 13:45:00;174.179;174.25;174.13;174.2;27726.0;2015-08-06 13:45:00;0.0;1438868700
2015-08-06 13:50:00;174.195;174.195;174.08;174.09;62138.0;2015-08-06 13:50:00;0.0;1438869000
2015-08-06 13:55:00;174.11;174.13;173.9835;173.9835;45078.0;2015-08-06 13:55:00;0.0;1438869300
2015-08-06 14:00:00;173.98;174.02;173.9277;173.96;35917.0;2015-08-06 14:00:00;0.0;1438869600
2015-08-06 14:05:00;173.95;174.0575;173.9499;174.0575;31772.0;2015-08-06 14:05:00;0.0;1438869900
2015-08-06 14:10:00;174.04;174.139;174.02;174.0925;10950.0;2015-08-06 14:10:00;0.0;1438870200
2015-08-06 14:15:00;174.09;174.1;173.9999;174.08;21033.0;2015-08-06 14:15:00;0.0;1438870500
2015-08-06 14:20:00;174.08;174.2;174.07;174.15;29473.0;2015-08-06 14:20:00;0.0;1438870800
2015-08-06 14:25:00;174.16;174.28;174.14;174.25;107363.0;2015-08-06 14:25:00;0.0;1438871100
2015-08-06 14:30:00;174.25;174.29;174.18;174.2;41921.0;2015-08-06 14:30:00;0.0;1438871400
2015-08-06 14:35:00;174.2;174.23;174.11;174.16;20109.0;2015-08-06 14:35:00;0.0;1438871700
2015-08-06 14:40:00;174.18;174.24;174.16;174.21;42031.0;2015-08-06 14:40:00;0.0;1438872000
2015-08-06 14:45:00;174.21;174.25;174.2;174.22;12165.0;2015-08-06 14:45:00;0.0;1438872300
2015-08-06 14:50:00;174.22;174.24;174.13;174.14;34155.0;2015-08-06 14:50:00;0.0;1438872600
2015-08-06 14:55:00;174.14;174.15;174.0601;174.14;26594.0;2015-08-06 14:55:00;0.0;1438872900
2015-08-06 15:00:00;174.14;174.22;174.12;174.19;40667.0;2015-08-06 15:00:00;0.0;1438873200
2015-08-06 15:05:00;174.21;174.23;174.12;174.15;18370.0;2015-08-06 15:05:00;0.0;1438873500
2015-08-06 15:10:00;174.145;174.21;174.12;174.16;16123.0;2015-08-06 15:10:00;0.0;1438873800
2015-08-06 15:15:00;174.1401;174.2466;174.08;174.23;29794.0;2015-08-06 15:15:00;0.0;1438874100
2015-08-06 15:20:00;174.23;174.24;174.07;174.08;65992.0;2015-08-06 15:20:00;0.0;1438874400
2015-08-06 15:25:00;174.08;174.09;173.97;174.0;39971.0;2015-08-06 15:25:00;0.0;1438874700
2015-08-06 15:30:00;174.0;174.08;173.95;174.08;36681.0;2015-08-06 15:30:00;0.0;1438875000
2015-08-06 15:35:00;174.05;174.16;173.99;174.15;69288.0;2015-08-06 15:35:00;0.0;1438875300
2015-08-06 15:40:00;174.17;174.26;174.135;174.2;118204.0;2015-08-06 15:40:00;0.0;1438875600
2015-08-06 15:45:00;174.19;174.39;174.19;174.34;115631.0;2015-08-06 15:45:00;0.0;1438875900
2015-08-06 15:50:00;174.32;174.38;174.28;174.31;115097.0;2015-08-06 15:50:00;0.0;1438876200
2015-08-06 15:55:00;174.3;174.38;174.17;174.25;258483.0;2015-08-06 15:55:00;0.0;1438876500
2015-08-06 16:00:00;174.23;174.3;174.13;174.19;148733.0;2015-08-06 16:00:00;0.0;1438876800
2015-08-07 09:30:00;173.89;173.9902;173.62;173.71;174328.0;2015-08-07 09:30:00;0.0;1438939800
2015-08-07 09:35:00;173.69;174.01;173.64;173.91;159170.0;2015-08-07 09:35:00;0.0;1438940100
2015-08-07 09:40:00;173.9;174.12;173.85;174.03;122986.0;2015-08-07 09:40:00;0.0;1438940400
2015-08-07 09:45:00;174.03;174.04;173.58;173.69;153245.0;2015-08-07 09:45:00;0.0;1438940700
2015-08-07 09:50:00;173.69;173.99;173.63;173.96;134316.0;2015-08-07 09:50:00;0.0;1438941000
2015-08-07 09:55:00;173.95;174.04;173.85;173.98;91323.0;2015-08-07 09:55:00;0.0;1438941300
2015-08-07 10:00:00;173.97;173.97;173.66;173.72;87898.0;2015-08-07 10:00:00;0.0;1438941600
2015-08-07 10:05:00;173.74;173.92;173.67;173.83;60792.0;2015-08-07 10:05:00;0.0;1438941900
2015-08-07 10:10:00;173.84;173.95;173.77;173.8;65279.0;2015-08-07 10:10:00;0.0;1438942200
2015-08-07 10:15:00;173.78;173.86;173.65;173.7;71644.0;2015-08-07 10:15:00;0.0;1438942500
2015-08-07 10:20:00;173.68;173.68;173.37;173.41;204245.0;2015-08-07 10:20:00;0.0;1438942800
2015-08-07 10:25:00;173.4;173.49;173.22;173.33599999999998;194831.0;2015-08-07 10:25:00;0.0;1438943100
2015-08-07 10:30:00;173.35;173.4797;173.25;173.47;74362.0;2015-08-07 10:30:00;0.0;1438943400
2015-08-07 10:35:00;173.47;173.57;173.44;173.51;53075.0;2015-08-07 10:35:00;0.0;1438943700
2015-08-07 10:40:00;173.51;173.6665;173.48;173.58;79811.0;2015-08-07 10:40:00;0.0;1438944000
2015-08-07 10:45:00;173.585;173.7;173.44;173.64;59346.0;2015-08-07 10:45:00;0.0;1438944300
2015-08-07 10:50:00;173.67;173.76;173.43;173.45;111419.0;2015-08-07 10:50:00;0.0;1438944600
2015-08-07 10:55:00;173.44;173.5;173.36;173.39;53416.0;2015-08-07 10:55:00;0.0;1438944900
2015-08-07 11:00:00;173.39;173.51;173.29;173.29;73955.0;2015-08-07 11:00:00;0.0;1438945200
2015-08-07 11:05:00;173.3;173.37;173.24;173.25;64237.0;2015-08-07 11:05:00;0.0;1438945500
2015-08-07 11:10:00;173.2499;173.32;173.11;173.12;114071.0;2015-08-07 11:10:00;0.0;1438945800
2015-08-07 11:15:00;173.1;173.2;172.93900000000002;172.96;129290.0;2015-08-07 11:15:00;0.0;1438946100
2015-08-07 11:20:00;172.96;173.05;172.94;173.03;82813.0;2015-08-07 11:20:00;0.0;1438946400
2015-08-07 11:25:00;173.02;173.09900000000002;172.975;173.05;54729.0;2015-08-07 11:25:00;0.0;1438946700
2015-08-07 11:30:00;173.04;173.05;172.9203;173.0088;45235.0;2015-08-07 11:30:00;0.0;1438947000
2015-08-07 11:35:00;173.01;173.0139;172.89;172.9;51763.0;2015-08-07 11:35:00;0.0;1438947300
2015-08-07 11:40:00;172.92;173.1188;172.92;173.1149;67883.0;2015-08-07 11:40:00;0.0;1438947600
2015-08-07 11:45:00;173.1;173.14;173.04;173.09;61012.0;2015-08-07 11:45:00;0.0;1438947900
2015-08-07 11:50:00;173.1;173.1699;173.02;173.03;55117.0;2015-08-07 11:50:00;0.0;1438948200
2015-08-07 11:55:00;173.04;173.13;172.97;173.13;43691.0;2015-08-07 11:55:00;0.0;1438948500
2015-08-07 12:00:00;173.13;173.2019;173.12;173.12;35878.0;2015-08-07 12:00:00;0.0;1438948800
2015-08-07 12:05:00;173.12;173.248;173.11;173.21;32964.0;2015-08-07 12:05:00;0.0;1438949100
2015-08-07 12:10:00;173.22;173.27;173.15;173.18;26986.0;2015-08-07 12:10:00;0.0;1438949400
2015-08-07 12:15:00;173.19;173.2;173.12;173.1399;24091.0;2015-08-07 12:15:00;0.0;1438949700
2015-08-07 12:20:00;173.13;173.13;172.9999;173.04;36752.0;2015-08-07 12:20:00;0.0;1438950000
2015-08-07 12:25:00;173.09;173.15;173.06;173.06;32526.0;2015-08-07 12:25:00;0.0;1438950300
2015-08-07 12:30:00;173.05;173.06;172.95;172.97;56586.0;2015-08-07 12:30:00;0.0;1438950600
2015-08-07 12:35:00;172.97;173.04;172.84;173.03;129745.0;2015-08-07 12:35:00;0.0;1438950900
2015-08-07 12:40:00;173.03;173.09;172.99;173.07;55653.0;2015-08-07 12:40:00;0.0;1438951200
2015-08-07 12:45:00;173.06;173.11;172.96900000000002;172.98;65995.0;2015-08-07 12:45:00;0.0;1438951500
2015-08-07 12:50:00;172.97;173.06;172.95;172.96;38643.0;2015-08-07 12:50:00;0.0;1438951800
2015-08-07 12:55:00;172.95;172.97;172.8775;172.95;35761.0;2015-08-07 12:55:00;0.0;1438952100
2015-08-07 13:00:00;172.95;172.96;172.89;172.9425;24819.0;2015-08-07 13:00:00;0.0;1438952400
2015-08-07 13:05:00;172.96;173.0;172.92;172.96;33291.0;2015-08-07 13:05:00;0.0;1438952700
2015-08-07 13:10:00;172.94;172.94;172.859;172.87;98180.0;2015-08-07 13:10:00;0.0;1438953000
2015-08-07 13:15:00;172.89;172.95;172.8777;172.9125;10128.0;2015-08-07 13:15:00;0.0;1438953300
2015-08-07 13:20:00;172.905;172.94099999999997;172.89;172.9099;10678.0;2015-08-07 13:20:00;0.0;1438953600
2015-08-07 13:25:00;172.8899;173.02;172.8;173.0;130751.0;2015-08-07 13:25:00;0.0;1438953900
2015-08-07 13:30:00;173.0;173.2;173.0;173.12;123490.0;2015-08-07 13:30:00;0.0;1438954200
2015-08-07 13:35:00;173.13;173.22;173.12;173.14;80920.0;2015-08-07 13:35:00;0.0;1438954500
2015-08-07 13:40:00;173.16;173.25;173.15;173.24;64111.0;2015-08-07 13:40:00;0.0;1438954800
2015-08-07 13:45:00;173.2533;173.34;173.23;173.27;54400.0;2015-08-07 13:45:00;0.0;1438955100
2015-08-07 13:50:00;173.27;173.3041;173.17;173.21;66015.0;2015-08-07 13:50:00;0.0;1438955400
2015-08-07 13:55:00;173.22;173.24;173.16;173.2299;18967.0;2015-08-07 13:55:00;0.0;1438955700
2015-08-07 14:00:00;173.21;173.21;173.1;173.105;32301.0;2015-08-07 14:00:00;0.0;1438956000
2015-08-07 14:05:00;173.1;173.2;173.07;173.2;22632.0;2015-08-07 14:05:00;0.0;1438956300
2015-08-07 14:10:00;173.2001;173.25;173.15;173.23;16700.0;2015-08-07 14:10:00;0.0;1438956600
2015-08-07 14:15:00;173.23;173.24;173.1;173.11;43837.0;2015-08-07 14:15:00;0.0;1438956900
2015-08-07 14:20:00;173.12;173.18;173.06;173.18;22992.0;2015-08-07 14:20:00;0.0;1438957200
2015-08-07 14:25:00;173.18;173.27;173.15;173.24;19811.0;2015-08-07 14:25:00;0.0;1438957500
2015-08-07 14:30:00;173.26;173.37;173.26;173.32;49570.0;2015-08-07 14:30:00;0.0;1438957800
2015-08-07 14:35:00;173.32;173.4551;173.32;173.4;67421.0;2015-08-07 14:35:00;0.0;1438958100
2015-08-07 14:40:00;173.36;173.378;173.29;173.32;28622.0;2015-08-07 14:40:00;0.0;1438958400
2015-08-07 14:45:00;173.34;173.36;173.26;173.36;34222.0;2015-08-07 14:45:00;0.0;1438958700
2015-08-07 14:50:00;173.38;173.42;173.34;173.35;34916.0;2015-08-07 14:50:00;0.0;1438959000
2015-08-07 14:55:00;173.35;173.38;173.28;173.3773;25517.0;2015-08-07 14:55:00;0.0;1438959300
2015-08-07 15:00:00;173.3792;173.435;173.35;173.37;39146.0;2015-08-07 15:00:00;0.0;1438959600
2015-08-07 15:05:00;173.37;173.4;173.25;173.39;45538.0;2015-08-07 15:05:00;0.0;1438959900
2015-08-07 15:10:00;173.38;173.3899;173.21;173.2461;90573.0;2015-08-07 15:10:00;0.0;1438960200
2015-08-07 15:15:00;173.25;173.39;173.24;173.36;33378.0;2015-08-07 15:15:00;0.0;1438960500
2015-08-07 15:20:00;173.37;173.63;173.37;173.59;90383.0;2015-08-07 15:20:00;0.0;1438960800
2015-08-07 15:25:00;173.602;173.79;173.56900000000002;173.71;205460.0;2015-08-07 15:25:00;0.0;1438961100
2015-08-07 15:30:00;173.71;173.84;173.7;173.75;90040.0;2015-08-07 15:30:00;0.0;1438961400
2015-08-07 15:35:00;173.77;173.78;173.66;173.67;79257.0;2015-08-07 15:35:00;0.0;1438961700
2015-08-07 15:40:00;173.68;173.74;173.53;173.59;127553.0;2015-08-07 15:40:00;0.0;1438962000
2015-08-07 15:45:00;173.6;173.72;173.56;173.69;88221.0;2015-08-07 15:45:00;0.0;1438962300
2015-08-07 15:50:00;173.68;173.78;173.64;173.77;168662.0;2015-08-07 15:50:00;0.0;1438962600
2015-08-07 15:55:00;173.76;173.8;173.68;173.8;451612.0;2015-08-07 15:55:00;0.0;1438962900
2015-08-07 16:00:00;173.81;173.88;173.75;173.77;140916.0;2015-08-07 16:00:00;0.0;1438963200
2015-08-10 09:30:00;174.8;175.4;174.8;175.4;197781.0;2015-08-10 09:30:00;0.0;1439199000
2015-08-10 09:35:00;175.39;175.53;175.29;175.29;103714.0;2015-08-10 09:35:00;0.0;1439199300
2015-08-10 09:40:00;175.29;175.49;175.27;175.44;126824.0;2015-08-10 09:40:00;0.0;1439199600
2015-08-10 09:45:00;175.47;175.54;175.41;175.45;136870.0;2015-08-10 09:45:00;0.0;1439199900
2015-08-10 09:50:00;175.49;175.59;175.4345;175.52;153167.0;2015-08-10 09:50:00;0.0;1439200200
2015-08-10 09:55:00;175.53;175.58;175.46;175.47;64007.0;2015-08-10 09:55:00;0.0;1439200500
2015-08-10 10:00:00;175.48;175.565;175.43;175.46;90387.0;2015-08-10 10:00:00;0.0;1439200800
2015-08-10 10:05:00;175.5;175.575;175.46;175.51;75935.0;2015-08-10 10:05:00;0.0;1439201100
2015-08-10 10:10:00;175.53;175.57;175.47;175.51;62795.0;2015-08-10 10:10:00;0.0;1439201400
2015-08-10 10:15:00;175.51;175.66;175.51;175.63;61881.0;2015-08-10 10:15:00;0.0;1439201700
2015-08-10 10:20:00;175.64;175.71;175.61;175.63;95852.0;2015-08-10 10:20:00;0.0;1439202000
2015-08-10 10:25:00;175.63;175.645;175.53;175.57;54763.0;2015-08-10 10:25:00;0.0;1439202300
2015-08-10 10:30:00;175.58;175.59;175.49;175.59;62233.0;2015-08-10 10:30:00;0.0;1439202600
2015-08-10 10:35:00;175.59;175.59;175.45;175.52;64444.0;2015-08-10 10:35:00;0.0;1439202900
2015-08-10 10:40:00;175.505;175.62;175.4899;175.58;32353.0;2015-08-10 10:40:00;0.0;1439203200
2015-08-10 10:45:00;175.59;175.685;175.585;175.685;38433.0;2015-08-10 10:45:00;0.0;1439203500
2015-08-10 10:50:00;175.69;175.7;175.59;175.62;32627.0;2015-08-10 10:50:00;0.0;1439203800
2015-08-10 10:55:00;175.62;175.68;175.57;175.68;79502.0;2015-08-10 10:55:00;0.0;1439204100
2015-08-10 11:00:00;175.68;175.91;175.67;175.905;202261.0;2015-08-10 11:00:00;0.0;1439204400
2015-08-10 11:05:00;175.92;176.05;175.92;175.99;133253.0;2015-08-10 11:05:00;0.0;1439204700
2015-08-10 11:10:00;175.99;176.03;175.94;175.95;52333.0;2015-08-10 11:10:00;0.0;1439205000
2015-08-10 11:15:00;175.98;175.98;175.91;175.91;19110.0;2015-08-10 11:15:00;0.0;1439205300
2015-08-10 11:20:00;175.91;175.96;175.9;175.94;67078.0;2015-08-10 11:20:00;0.0;1439205600
2015-08-10 11:25:00;175.96;176.0001;175.84;175.85;65867.0;2015-08-10 11:25:00;0.0;1439205900
2015-08-10 11:30:00;175.86;175.925;175.86;175.92;20760.0;2015-08-10 11:30:00;0.0;1439206200
2015-08-10 11:35:00;175.915;175.97;175.88;175.92;25352.0;2015-08-10 11:35:00;0.0;1439206500
2015-08-10 11:40:00;175.95;175.96;175.89;175.9;23341.0;2015-08-10 11:40:00;0.0;1439206800
2015-08-10 11:45:00;175.91;175.96;175.8899;175.9;18978.0;2015-08-10 11:45:00;0.0;1439207100
2015-08-10 11:50:00;175.91;175.99;175.91;175.96;32564.0;2015-08-10 11:50:00;0.0;1439207400
2015-08-10 11:55:00;175.97;175.97;175.86700000000002;175.88;47797.0;2015-08-10 11:55:00;0.0;1439207700
2015-08-10 12:00:00;175.89;175.9201;175.8701;175.9027;16808.0;2015-08-10 12:00:00;0.0;1439208000
2015-08-10 12:05:00;175.90599999999998;175.9261;175.86;175.9261;18471.0;2015-08-10 12:05:00;0.0;1439208300
2015-08-10 12:10:00;175.92;175.96;175.91;175.96;10593.0;2015-08-10 12:10:00;0.0;1439208600
2015-08-10 12:15:00;175.94;175.9739;175.9341;175.95;7429.0;2015-08-10 12:15:00;0.0;1439208900
2015-08-10 12:20:00;175.95;176.0;175.921;175.93;25370.0;2015-08-10 12:20:00;0.0;1439209200
2015-08-10 12:25:00;175.93;175.9601;175.92;175.95;25955.0;2015-08-10 12:25:00;0.0;1439209500
2015-08-10 12:30:00;175.96;175.97;175.912;175.94;13671.0;2015-08-10 12:30:00;0.0;1439209800
2015-08-10 12:35:00;175.94299999999998;175.98;175.94299999999998;175.97;7621.0;2015-08-10 12:35:00;0.0;1439210100
2015-08-10 12:40:00;175.9701;175.99;175.93;175.95;9588.0;2015-08-10 12:40:00;0.0;1439210400
2015-08-10 12:45:00;175.9503;176.01;175.93;176.0;25511.0;2015-08-10 12:45:00;0.0;1439210700
2015-08-10 12:50:00;176.0;176.0;175.93;175.94;16959.0;2015-08-10 12:50:00;0.0;1439211000
2015-08-10 12:55:00;175.96;176.01;175.955;175.995;12013.0;2015-08-10 12:55:00;0.0;1439211300
2015-08-10 13:00:00;176.01;176.04;175.95;176.03;32402.0;2015-08-10 13:00:00;0.0;1439211600
2015-08-10 13:05:00;176.03;176.07;176.0;176.04;43257.0;2015-08-10 13:05:00;0.0;1439211900
2015-08-10 13:10:00;176.07;176.1;176.06;176.07;27298.0;2015-08-10 13:10:00;0.0;1439212200
2015-08-10 13:15:00;176.09;176.09;176.02;176.02;29362.0;2015-08-10 13:15:00;0.0;1439212500
2015-08-10 13:20:00;176.03;176.04;176.0;176.02;21718.0;2015-08-10 13:20:00;0.0;1439212800
2015-08-10 13:25:00;176.02;176.04;175.99;175.99;11194.0;2015-08-10 13:25:00;0.0;1439213100
2015-08-10 13:30:00;175.99;176.06;175.98;176.04;34698.0;2015-08-10 13:30:00;0.0;1439213400
2015-08-10 13:35:00;176.05;176.08;176.02;176.08;29562.0;2015-08-10 13:35:00;0.0;1439213700
2015-08-10 13:40:00;176.08;176.09;176.04;176.0401;15760.0;2015-08-10 13:40:00;0.0;1439214000
2015-08-10 13:45:00;176.0425;176.085;176.02;176.05;32164.0;2015-08-10 13:45:00;0.0;1439214300
2015-08-10 13:50:00;176.0481;176.1;176.0481;176.08;22902.0;2015-08-10 13:50:00;0.0;1439214600
2015-08-10 13:55:00;176.09;176.18;176.08;176.17;27937.0;2015-08-10 13:55:00;0.0;1439214900
2015-08-10 14:00:00;176.17;176.19;176.1;176.13;28850.0;2015-08-10 14:00:00;0.0;1439215200
2015-08-10 14:05:00;176.1401;176.17;176.13;176.14;23682.0;2015-08-10 14:05:00;0.0;1439215500
2015-08-10 14:10:00;176.1439;176.1652;176.14;176.1601;16736.0;2015-08-10 14:10:00;0.0;1439215800
2015-08-10 14:15:00;176.18;176.32;176.18;176.26;122094.0;2015-08-10 14:15:00;0.0;1439216100
2015-08-10 14:20:00;176.27;176.27;176.22;176.239;55962.0;2015-08-10 14:20:00;0.0;1439216400
2015-08-10 14:25:00;176.24;176.2452;176.2;176.2;23179.0;2015-08-10 14:25:00;0.0;1439216700
2015-08-10 14:30:00;176.195;176.215;176.15;176.16;30516.0;2015-08-10 14:30:00;0.0;1439217000
2015-08-10 14:35:00;176.18;176.18099999999998;176.13;176.14;22401.0;2015-08-10 14:35:00;0.0;1439217300
2015-08-10 14:40:00;176.14;176.14;176.06;176.0799;45721.0;2015-08-10 14:40:00;0.0;1439217600
2015-08-10 14:45:00;176.07;176.0803;176.0572;176.06;8234.0;2015-08-10 14:45:00;0.0;1439217900
2015-08-10 14:50:00;176.09;176.13;176.05;176.1;72642.0;2015-08-10 14:50:00;0.0;1439218200
2015-08-10 14:55:00;176.09;176.15;176.07;176.12;35515.0;2015-08-10 14:55:00;0.0;1439218500
2015-08-10 15:00:00;176.12;176.17;176.12;176.14;19818.0;2015-08-10 15:00:00;0.0;1439218800
2015-08-10 15:05:00;176.15;176.18;176.14;176.15;18736.0;2015-08-10 15:05:00;0.0;1439219100
2015-08-10 15:10:00;176.1649;176.18;176.13;176.14;25734.0;2015-08-10 15:10:00;0.0;1439219400
2015-08-10 15:15:00;176.17;176.17;176.12;176.12;24768.0;2015-08-10 15:15:00;0.0;1439219700
2015-08-10 15:20:00;176.12;176.17;176.1;176.14;26866.0;2015-08-10 15:20:00;0.0;1439220000
2015-08-10 15:25:00;176.14;176.15;176.04;176.07;85513.0;2015-08-10 15:25:00;0.0;1439220300
2015-08-10 15:30:00;176.08;176.11;176.05;176.07;29854.0;2015-08-10 15:30:00;0.0;1439220600
2015-08-10 15:35:00;176.06;176.08;175.97;176.01;51769.0;2015-08-10 15:35:00;0.0;1439220900
2015-08-10 15:40:00;176.01;176.1;176.0;176.08;82433.0;2015-08-10 15:40:00;0.0;1439221200
2015-08-10 15:45:00;176.09;176.1;176.0;176.025;105589.0;2015-08-10 15:45:00;0.0;1439221500
2015-08-10 15:50:00;176.03;176.09;176.0;176.05;153153.0;2015-08-10 15:50:00;0.0;1439221800
2015-08-10 15:55:00;176.05;176.17;176.03;176.17;270788.0;2015-08-10 15:55:00;0.0;1439222100
2015-08-10 16:00:00;176.19;176.22;176.12;176.18;103801.0;2015-08-10 16:00:00;0.0;1439222400
2015-08-11 09:30:00;174.63;174.74;174.35;174.72;302278.0;2015-08-11 09:30:00;0.0;1439285400
2015-08-11 09:35:00;174.73;174.77;174.45;174.59;195573.0;2015-08-11 09:35:00;0.0;1439285700
2015-08-11 09:40:00;174.58;174.77;174.42;174.74;173999.0;2015-08-11 09:40:00;0.0;1439286000
2015-08-11 09:45:00;174.76;174.77;174.51;174.6;114336.0;2015-08-11 09:45:00;0.0;1439286300
2015-08-11 09:50:00;174.6;174.6801;174.32;174.32;165345.0;2015-08-11 09:50:00;0.0;1439286600
2015-08-11 09:55:00;174.36;174.56;174.36;174.5;49670.0;2015-08-11 09:55:00;0.0;1439286900
2015-08-11 10:00:00;174.4903;174.54;174.37;174.3951;107266.0;2015-08-11 10:00:00;0.0;1439287200
2015-08-11 10:05:00;174.4;174.7101;174.36;174.64;80619.0;2015-08-11 10:05:00;0.0;1439287500
2015-08-11 10:10:00;174.64;174.65;174.5;174.63;90056.0;2015-08-11 10:10:00;0.0;1439287800
2015-08-11 10:15:00;174.64;174.74;174.58;174.74;51837.0;2015-08-11 10:15:00;0.0;1439288100
2015-08-11 10:20:00;174.74;174.89;174.73;174.83;98756.0;2015-08-11 10:20:00;0.0;1439288400
2015-08-11 10:25:00;174.83;174.87;174.702;174.702;50430.0;2015-08-11 10:25:00;0.0;1439288700
2015-08-11 10:30:00;174.71;174.71;174.61;174.64;69108.0;2015-08-11 10:30:00;0.0;1439289000
2015-08-11 10:35:00;174.65;174.69;174.49;174.55;116791.0;2015-08-11 10:35:00;0.0;1439289300
2015-08-11 10:40:00;174.53;174.73;174.53;174.73;74089.0;2015-08-11 10:40:00;0.0;1439289600
2015-08-11 10:45:00;174.72;174.77;174.64;174.64;38493.0;2015-08-11 10:45:00;0.0;1439289900
2015-08-11 10:50:00;174.6452;174.6715;174.5101;174.55;21416.0;2015-08-11 10:50:00;0.0;1439290200
2015-08-11 10:55:00;174.55;174.58;174.42;174.4399;53918.0;2015-08-11 10:55:00;0.0;1439290500
2015-08-11 11:00:00;174.42;174.52;174.33;174.37;73998.0;2015-08-11 11:00:00;0.0;1439290800
2015-08-11 11:05:00;174.36;174.36;174.03;174.0698;199355.0;2015-08-11 11:05:00;0.0;1439291100
2015-08-11 11:10:00;174.06;174.19;174.03;174.18;80156.0;2015-08-11 11:10:00;0.0;1439291400
2015-08-11 11:15:00;174.19;174.19099999999997;174.1;174.12;48524.0;2015-08-11 11:15:00;0.0;1439291700
2015-08-11 11:20:00;174.09;174.13;173.98;174.0192;62570.0;2015-08-11 11:20:00;0.0;1439292000
2015-08-11 11:25:00;174.01;174.0301;173.8999;173.95;97199.0;2015-08-11 11:25:00;0.0;1439292300
2015-08-11 11:30:00;173.95;174.0499;173.94;173.96;49346.0;2015-08-11 11:30:00;0.0;1439292600
2015-08-11 11:35:00;173.96;174.085;173.93;173.95;57111.0;2015-08-11 11:35:00;0.0;1439292900
2015-08-11 11:40:00;173.93;173.94;173.87;173.8844;56026.0;2015-08-11 11:40:00;0.0;1439293200
2015-08-11 11:45:00;173.89;173.95;173.7;173.75;134927.0;2015-08-11 11:45:00;0.0;1439293500
2015-08-11 11:50:00;173.75;173.86;173.72;173.81;165957.0;2015-08-11 11:50:00;0.0;1439293800
2015-08-11 11:55:00;173.81;173.84;173.72;173.84;89176.0;2015-08-11 11:55:00;0.0;1439294100
2015-08-11 12:00:00;173.84;173.93;173.8;173.9032;96961.0;2015-08-11 12:00:00;0.0;1439294400
2015-08-11 12:05:00;173.9;174.0;173.9;173.99;60552.0;2015-08-11 12:05:00;0.0;1439294700
2015-08-11 12:10:00;173.99;174.08;173.97;174.05;64230.0;2015-08-11 12:10:00;0.0;1439295000
2015-08-11 12:15:00;174.01;174.05;173.98;174.005;39478.0;2015-08-11 12:15:00;0.0;1439295300
2015-08-11 12:20:00;174.0;174.0099;173.94;173.95;47273.0;2015-08-11 12:20:00;0.0;1439295600
2015-08-11 12:25:00;173.96;174.1099;173.94;174.09;39594.0;2015-08-11 12:25:00;0.0;1439295900
2015-08-11 12:30:00;174.09;174.18;174.04;174.17;76888.0;2015-08-11 12:30:00;0.0;1439296200
2015-08-11 12:35:00;174.17;174.18;174.08;174.1;35039.0;2015-08-11 12:35:00;0.0;1439296500
2015-08-11 12:40:00;174.09;174.13;174.0;174.015;27118.0;2015-08-11 12:40:00;0.0;1439296800
2015-08-11 12:45:00;174.01;174.06;173.99;174.0431;18719.0;2015-08-11 12:45:00;0.0;1439297100
2015-08-11 12:50:00;174.03900000000002;174.055;173.99;174.04;13884.0;2015-08-11 12:50:00;0.0;1439297400
2015-08-11 12:55:00;174.04;174.04;173.8496;173.8799;45012.0;2015-08-11 12:55:00;0.0;1439297700
2015-08-11 13:00:00;173.86;173.91;173.75;173.7629;64383.0;2015-08-11 13:00:00;0.0;1439298000
2015-08-11 13:05:00;173.77;173.83;173.63;173.68;81753.0;2015-08-11 13:05:00;0.0;1439298300
2015-08-11 13:10:00;173.69;173.73;173.58;173.73;111325.0;2015-08-11 13:10:00;0.0;1439298600
2015-08-11 13:15:00;173.71;173.74;173.66;173.7388;27729.0;2015-08-11 13:15:00;0.0;1439298900
2015-08-11 13:20:00;173.69;173.78;173.6;173.739;82150.0;2015-08-11 13:20:00;0.0;1439299200
2015-08-11 13:25:00;173.75;173.82;173.725;173.77;39106.0;2015-08-11 13:25:00;0.0;1439299500
2015-08-11 13:30:00;173.77;173.7899;173.7;173.75;21939.0;2015-08-11 13:30:00;0.0;1439299800
2015-08-11 13:35:00;173.76;173.97;173.7201;173.94;137134.0;2015-08-11 13:35:00;0.0;1439300100
2015-08-11 13:40:00;173.93;174.0;173.9;173.91;27328.0;2015-08-11 13:40:00;0.0;1439300400
2015-08-11 13:45:00;173.91;173.94;173.85;173.87;21517.0;2015-08-11 13:45:00;0.0;1439300700
2015-08-11 13:50:00;173.8799;173.9;173.8;173.83;24767.0;2015-08-11 13:50:00;0.0;1439301000
2015-08-11 13:55:00;173.83;173.83;173.72;173.72;30906.0;2015-08-11 13:55:00;0.0;1439301300
2015-08-11 14:00:00;173.725;173.76;173.67;173.68;40660.0;2015-08-11 14:00:00;0.0;1439301600
2015-08-11 14:05:00;173.66;173.85;173.65;173.8201;36110.0;2015-08-11 14:05:00;0.0;1439301900
2015-08-11 14:10:00;173.82;173.83;173.68;173.68;34899.0;2015-08-11 14:10:00;0.0;1439302200
2015-08-11 14:15:00;173.69;173.69;173.6199;173.655;37296.0;2015-08-11 14:15:00;0.0;1439302500
2015-08-11 14:20:00;173.67;173.82;173.655;173.78;34423.0;2015-08-11 14:20:00;0.0;1439302800
2015-08-11 14:25:00;173.7769;174.015;173.75;173.95;161182.0;2015-08-11 14:25:00;0.0;1439303100
2015-08-11 14:30:00;173.92;173.97;173.83;173.83;63780.0;2015-08-11 14:30:00;0.0;1439303400
2015-08-11 14:35:00;173.8275;173.94;173.76;173.9;87187.0;2015-08-11 14:35:00;0.0;1439303700
2015-08-11 14:40:00;173.9099;173.9099;173.86;173.88;24453.0;2015-08-11 14:40:00;0.0;1439304000
2015-08-11 14:45:00;173.89;173.94;173.85;173.86;35696.0;2015-08-11 14:45:00;0.0;1439304300
2015-08-11 14:50:00;173.84;173.9;173.79;173.8999;46710.0;2015-08-11 14:50:00;0.0;1439304600
2015-08-11 14:55:00;173.89;174.07;173.89;174.01;66699.0;2015-08-11 14:55:00;0.0;1439304900
2015-08-11 15:00:00;174.04;174.1;173.97;173.998;47041.0;2015-08-11 15:00:00;0.0;1439305200
2015-08-11 15:05:00;174.01;174.08;173.93;173.93;29719.0;2015-08-11 15:05:00;0.0;1439305500
2015-08-11 15:10:00;173.93;174.215;173.91;174.21;59521.0;2015-08-11 15:10:00;0.0;1439305800
2015-08-11 15:15:00;174.22;174.23;174.08;174.13;62105.0;2015-08-11 15:15:00;0.0;1439306100
2015-08-11 15:20:00;174.14;174.14;174.03;174.09;29849.0;2015-08-11 15:20:00;0.0;1439306400
2015-08-11 15:25:00;174.1;174.15;174.07;174.13;26680.0;2015-08-11 15:25:00;0.0;1439306700
2015-08-11 15:30:00;174.14;174.15;173.99;174.05;51664.0;2015-08-11 15:30:00;0.0;1439307000
2015-08-11 15:35:00;174.05;174.21;174.01;174.2;68045.0;2015-08-11 15:35:00;0.0;1439307300
2015-08-11 15:40:00;174.21;174.24;174.09;174.18;103227.0;2015-08-11 15:40:00;0.0;1439307600
2015-08-11 15:45:00;174.16;174.239;174.06;174.12;124559.0;2015-08-11 15:45:00;0.0;1439307900
2015-08-11 15:50:00;174.11;174.31;174.1;174.235;196767.0;2015-08-11 15:50:00;0.0;1439308200
2015-08-11 15:55:00;174.25;174.3;174.12;174.13;237979.0;2015-08-11 15:55:00;0.0;1439308500
2015-08-11 16:00:00;174.11;174.31;174.11;174.3;88101.0;2015-08-11 16:00:00;0.0;1439308800
2015-08-12 09:30:00;172.83;172.85;172.28;172.285;287619.0;2015-08-12 09:30:00;0.0;1439371800
2015-08-12 09:35:00;172.28;172.45;172.169;172.43;196596.0;2015-08-12 09:35:00;0.0;1439372100
2015-08-12 09:40:00;172.43;172.58;172.23;172.24;244878.0;2015-08-12 09:40:00;0.0;1439372400
2015-08-12 09:45:00;172.26;172.36;172.08;172.1;236381.0;2015-08-12 09:45:00;0.0;1439372700
2015-08-12 09:50:00;172.1;172.2873;172.04;172.2873;133221.0;2015-08-12 09:50:00;0.0;1439373000
2015-08-12 09:55:00;172.28;172.31;172.18;172.21;81308.0;2015-08-12 09:55:00;0.0;1439373300
2015-08-12 10:00:00;172.17;172.2399;171.97;172.14;176498.0;2015-08-12 10:00:00;0.0;1439373600
2015-08-12 10:05:00;172.14;172.15;171.87;171.89;145030.0;2015-08-12 10:05:00;0.0;1439373900
2015-08-12 10:10:00;171.88;171.97;171.69;171.745;181281.0;2015-08-12 10:10:00;0.0;1439374200
2015-08-12 10:15:00;171.73;171.8901;171.67;171.86;125131.0;2015-08-12 10:15:00;0.0;1439374500
2015-08-12 10:20:00;171.85;171.87;171.4;171.45;243028.0;2015-08-12 10:20:00;0.0;1439374800
2015-08-12 10:25:00;171.42;171.72;171.42;171.71;139295.0;2015-08-12 10:25:00;0.0;1439375100
2015-08-12 10:30:00;171.71;171.8342;171.62;171.8199;182757.0;2015-08-12 10:30:00;0.0;1439375400
2015-08-12 10:35:00;171.8;171.935;171.75;171.91;100559.0;2015-08-12 10:35:00;0.0;1439375700
2015-08-12 10:40:00;171.9;171.94;171.78;171.78;75768.0;2015-08-12 10:40:00;0.0;1439376000
2015-08-12 10:45:00;171.77;171.86;171.6701;171.7;87224.0;2015-08-12 10:45:00;0.0;1439376300
2015-08-12 10:50:00;171.69;171.79;171.58;171.5875;78689.0;2015-08-12 10:50:00;0.0;1439376600
2015-08-12 10:55:00;171.59;171.76;171.58;171.76;36306.0;2015-08-12 10:55:00;0.0;1439376900
2015-08-12 11:00:00;171.77;172.06;171.7566;172.0;112770.0;2015-08-12 11:00:00;0.0;1439377200
2015-08-12 11:05:00;172.01;172.12;171.93;172.0651;149294.0;2015-08-12 11:05:00;0.0;1439377500
2015-08-12 11:10:00;172.06;172.16;171.9866;172.02;107605.0;2015-08-12 11:10:00;0.0;1439377800
2015-08-12 11:15:00;172.01;172.15;171.9801;172.0601;56355.0;2015-08-12 11:15:00;0.0;1439378100
2015-08-12 11:20:00;172.05;172.08;171.9169;171.93;45440.0;2015-08-12 11:20:00;0.0;1439378400
2015-08-12 11:25:00;171.945;172.16;171.94;172.136;85403.0;2015-08-12 11:25:00;0.0;1439378700
2015-08-12 11:30:00;172.15;172.16;171.95;172.04;74101.0;2015-08-12 11:30:00;0.0;1439379000
2015-08-12 11:35:00;172.05;172.0501;171.94;171.945;85866.0;2015-08-12 11:35:00;0.0;1439379300
2015-08-12 11:40:00;171.96;172.02;171.9;171.9;73196.0;2015-08-12 11:40:00;0.0;1439379600
2015-08-12 11:45:00;171.92;171.955;171.87;171.9;43839.0;2015-08-12 11:45:00;0.0;1439379900
2015-08-12 11:50:00;171.9031;171.9234;171.7;171.72;36456.0;2015-08-12 11:50:00;0.0;1439380200
2015-08-12 11:55:00;171.74;171.7975;171.6951;171.74;61115.0;2015-08-12 11:55:00;0.0;1439380500
2015-08-12 12:00:00;171.73;171.73;171.62;171.68;37277.0;2015-08-12 12:00:00;0.0;1439380800
2015-08-12 12:05:00;171.67;171.82;171.64;171.81;28981.0;2015-08-12 12:05:00;0.0;1439381100
2015-08-12 12:10:00;171.8231;172.02;171.82;172.015;82716.0;2015-08-12 12:10:00;0.0;1439381400
2015-08-12 12:15:00;172.01;172.15;172.005;172.13;94893.0;2015-08-12 12:15:00;0.0;1439381700
2015-08-12 12:20:00;172.11;172.21;172.051;172.18;82296.0;2015-08-12 12:20:00;0.0;1439382000
2015-08-12 12:25:00;172.18;172.3599;172.11;172.3599;128908.0;2015-08-12 12:25:00;0.0;1439382300
2015-08-12 12:30:00;172.37;172.615;172.31;172.58;117088.0;2015-08-12 12:30:00;0.0;1439382600
2015-08-12 12:35:00;172.59;172.705;172.58;172.65;68762.0;2015-08-12 12:35:00;0.0;1439382900
2015-08-12 12:40:00;172.67;172.79;172.65;172.74;81275.0;2015-08-12 12:40:00;0.0;1439383200
2015-08-12 12:45:00;172.75;172.83;172.62;172.65;64017.0;2015-08-12 12:45:00;0.0;1439383500
2015-08-12 12:50:00;172.65;172.7;172.59;172.7;18694.0;2015-08-12 12:50:00;0.0;1439383800
2015-08-12 12:55:00;172.69;172.71;172.53;172.5825;46404.0;2015-08-12 12:55:00;0.0;1439384100
2015-08-12 13:00:00;172.59;172.8901;172.59;172.88;94350.0;2015-08-12 13:00:00;0.0;1439384400
2015-08-12 13:05:00;172.88;172.99;172.82;172.83;51035.0;2015-08-12 13:05:00;0.0;1439384700
2015-08-12 13:10:00;172.82;172.9;172.76;172.887;41121.0;2015-08-12 13:10:00;0.0;1439385000
2015-08-12 13:15:00;172.9;173.09;172.89;173.07;147257.0;2015-08-12 13:15:00;0.0;1439385300
2015-08-12 13:20:00;173.09;173.22;173.09;173.21;84157.0;2015-08-12 13:20:00;0.0;1439385600
2015-08-12 13:25:00;173.22;173.22;173.005;173.01;50828.0;2015-08-12 13:25:00;0.0;1439385900
2015-08-12 13:30:00;173.03;173.05900000000003;172.89;172.91;64980.0;2015-08-12 13:30:00;0.0;1439386200
2015-08-12 13:35:00;172.91;172.97;172.8749;172.9569;30564.0;2015-08-12 13:35:00;0.0;1439386500
2015-08-12 13:40:00;172.9535;173.1;172.9535;173.09599999999998;22253.0;2015-08-12 13:40:00;0.0;1439386800
2015-08-12 13:45:00;173.1;173.38;173.06;173.33;146610.0;2015-08-12 13:45:00;0.0;1439387100
2015-08-12 13:50:00;173.32;173.54;173.3169;173.52;99111.0;2015-08-12 13:50:00;0.0;1439387400
2015-08-12 13:55:00;173.525;173.595;173.44;173.45;84623.0;2015-08-12 13:55:00;0.0;1439387700
2015-08-12 14:00:00;173.44;173.45;173.24;173.24;63335.0;2015-08-12 14:00:00;0.0;1439388000
2015-08-12 14:05:00;173.23;173.31;173.15900000000002;173.31;44289.0;2015-08-12 14:05:00;0.0;1439388300
2015-08-12 14:10:00;173.31;173.44;173.31;173.42;59357.0;2015-08-12 14:10:00;0.0;1439388600
2015-08-12 14:15:00;173.41;173.42;173.26;173.31;58623.0;2015-08-12 14:15:00;0.0;1439388900
2015-08-12 14:20:00;173.3;173.33;173.2;173.23;86873.0;2015-08-12 14:20:00;0.0;1439389200
2015-08-12 14:25:00;173.26;173.26;172.95;173.01;72257.0;2015-08-12 14:25:00;0.0;1439389500
2015-08-12 14:30:00;173.02;173.11;172.99;173.02;79651.0;2015-08-12 14:30:00;0.0;1439389800
2015-08-12 14:35:00;173.02;173.41;173.01;173.4;80492.0;2015-08-12 14:35:00;0.0;1439390100
2015-08-12 14:40:00;173.4;173.59;173.36;173.59;56106.0;2015-08-12 14:40:00;0.0;1439390400
2015-08-12 14:45:00;173.59;173.73;173.53;173.73;93644.0;2015-08-12 14:45:00;0.0;1439390700
2015-08-12 14:50:00;173.74;173.81;173.64;173.8;152227.0;2015-08-12 14:50:00;0.0;1439391000
2015-08-12 14:55:00;173.81;173.88;173.7;173.87;70424.0;2015-08-12 14:55:00;0.0;1439391300
2015-08-12 15:00:00;173.86;174.04;173.83;173.83;96201.0;2015-08-12 15:00:00;0.0;1439391600
2015-08-12 15:05:00;173.83;173.95;173.81;173.95;42757.0;2015-08-12 15:05:00;0.0;1439391900
2015-08-12 15:10:00;173.95;173.9699;173.79;173.82;48641.0;2015-08-12 15:10:00;0.0;1439392200
2015-08-12 15:15:00;173.82;173.89;173.74;173.87;80258.0;2015-08-12 15:15:00;0.0;1439392500
2015-08-12 15:20:00;173.87;174.1;173.85;174.0825;79556.0;2015-08-12 15:20:00;0.0;1439392800
2015-08-12 15:25:00;174.09;174.32;174.06;174.29;111422.0;2015-08-12 15:25:00;0.0;1439393100
2015-08-12 15:30:00;174.29;174.4;174.23;174.38;147817.0;2015-08-12 15:30:00;0.0;1439393400
2015-08-12 15:35:00;174.38;174.39;174.2101;174.22;110468.0;2015-08-12 15:35:00;0.0;1439393700
2015-08-12 15:40:00;174.21;174.23;174.08;174.1;78724.0;2015-08-12 15:40:00;0.0;1439394000
2015-08-12 15:45:00;174.11;174.16;174.03;174.1;58747.0;2015-08-12 15:45:00;0.0;1439394300
2015-08-12 15:50:00;174.1;174.24;174.05;174.16;111389.0;2015-08-12 15:50:00;0.0;1439394600
2015-08-12 15:55:00;174.16;174.22;174.09;174.2;146885.0;2015-08-12 15:55:00;0.0;1439394900
2015-08-12 16:00:00;174.18;174.21;174.12;174.13;1027816.0;2015-08-12 16:00:00;0.0;1439395200
2015-08-13 09:30:00;173.99;174.33;173.86;174.21;267779.0;2015-08-13 09:30:00;0.0;1439458200
2015-08-13 09:35:00;174.21;174.28;173.83;173.85;289567.0;2015-08-13 09:35:00;0.0;1439458500
2015-08-13 09:40:00;173.8483;173.97;173.67;173.84;160261.0;2015-08-13 09:40:00;0.0;1439458800
2015-08-13 09:45:00;173.84;173.88;173.6;173.6;137272.0;2015-08-13 09:45:00;0.0;1439459100
2015-08-13 09:50:00;173.6;173.93;173.59;173.9;183610.0;2015-08-13 09:50:00;0.0;1439459400
2015-08-13 09:55:00;173.89;173.96;173.76;173.9;70032.0;2015-08-13 09:55:00;0.0;1439459700
2015-08-13 10:00:00;173.86;173.86;173.59;173.595;95834.0;2015-08-13 10:00:00;0.0;1439460000
2015-08-13 10:05:00;173.6;173.89;173.55;173.85;68160.0;2015-08-13 10:05:00;0.0;1439460300
2015-08-13 10:10:00;173.87;173.9301;173.63;173.67;73773.0;2015-08-13 10:10:00;0.0;1439460600
2015-08-13 10:15:00;173.65;173.76;173.56;173.66;67474.0;2015-08-13 10:15:00;0.0;1439460900
2015-08-13 10:20:00;173.67;173.77;173.58;173.67;72694.0;2015-08-13 10:20:00;0.0;1439461200
2015-08-13 10:25:00;173.67;173.91;173.64;173.88;86775.0;2015-08-13 10:25:00;0.0;1439461500
2015-08-13 10:30:00;173.87;173.92;173.77;173.83;72080.0;2015-08-13 10:30:00;0.0;1439461800
2015-08-13 10:35:00;173.85;174.26;173.85;174.26;126857.0;2015-08-13 10:35:00;0.0;1439462100
2015-08-13 10:40:00;174.26;174.35;174.22;174.23;75523.0;2015-08-13 10:40:00;0.0;1439462400
2015-08-13 10:45:00;174.234;174.3;174.14;174.14;33684.0;2015-08-13 10:45:00;0.0;1439462700
2015-08-13 10:50:00;174.14;174.31;174.09;174.3;68809.0;2015-08-13 10:50:00;0.0;1439463000
2015-08-13 10:55:00;174.31;174.33;174.08;174.09;44846.0;2015-08-13 10:55:00;0.0;1439463300
2015-08-13 11:00:00;174.09;174.19;174.02;174.1;58682.0;2015-08-13 11:00:00;0.0;1439463600
2015-08-13 11:05:00;174.11;174.11;173.8649;173.92;60596.0;2015-08-13 11:05:00;0.0;1439463900
2015-08-13 11:10:00;173.91;174.0;173.84099999999998;173.98;50497.0;2015-08-13 11:10:00;0.0;1439464200
2015-08-13 11:15:00;173.99;174.2886;173.9899;174.26;88634.0;2015-08-13 11:15:00;0.0;1439464500
2015-08-13 11:20:00;174.27;174.28;174.11;174.169;61388.0;2015-08-13 11:20:00;0.0;1439464800
2015-08-13 11:25:00;174.16;174.16;174.0;174.08;39505.0;2015-08-13 11:25:00;0.0;1439465100
2015-08-13 11:30:00;174.09;174.17;174.02;174.15;37513.0;2015-08-13 11:30:00;0.0;1439465400
2015-08-13 11:35:00;174.15;174.22;174.035;174.07;38165.0;2015-08-13 11:35:00;0.0;1439465700
2015-08-13 11:40:00;174.07;174.19;174.04;174.155;30512.0;2015-08-13 11:40:00;0.0;1439466000
2015-08-13 11:45:00;174.17;174.395;174.13;174.39;69403.0;2015-08-13 11:45:00;0.0;1439466300
2015-08-13 11:50:00;174.39;174.46;174.31;174.41;57905.0;2015-08-13 11:50:00;0.0;1439466600
2015-08-13 11:55:00;174.39;174.4;174.26;174.37;38629.0;2015-08-13 11:55:00;0.0;1439466900
2015-08-13 12:00:00;174.37;174.49;174.345;174.48;36210.0;2015-08-13 12:00:00;0.0;1439467200
2015-08-13 12:05:00;174.48;174.57;174.46;174.46;40465.0;2015-08-13 12:05:00;0.0;1439467500
2015-08-13 12:10:00;174.47;174.55;174.45;174.5166;48826.0;2015-08-13 12:10:00;0.0;1439467800
2015-08-13 12:15:00;174.4958;174.51;174.41;174.43;28698.0;2015-08-13 12:15:00;0.0;1439468100
2015-08-13 12:20:00;174.42;174.5;174.42;174.47;17612.0;2015-08-13 12:20:00;0.0;1439468400
2015-08-13 12:25:00;174.48;174.74;174.48;174.72;53301.0;2015-08-13 12:25:00;0.0;1439468700
2015-08-13 12:30:00;174.72;174.77;174.6814;174.76;41186.0;2015-08-13 12:30:00;0.0;1439469000
2015-08-13 12:35:00;174.75;174.75;174.66;174.68;62098.0;2015-08-13 12:35:00;0.0;1439469300
2015-08-13 12:40:00;174.65;174.67;174.53;174.59;114698.0;2015-08-13 12:40:00;0.0;1439469600
2015-08-13 12:45:00;174.59;174.67;174.59;174.6601;28107.0;2015-08-13 12:45:00;0.0;1439469900
2015-08-13 12:50:00;174.68;174.7401;174.64;174.7204;83603.0;2015-08-13 12:50:00;0.0;1439470200
2015-08-13 12:55:00;174.73;174.75;174.6701;174.6701;49574.0;2015-08-13 12:55:00;0.0;1439470500
2015-08-13 13:00:00;174.68;174.81;174.67;174.81;48321.0;2015-08-13 13:00:00;0.0;1439470800
2015-08-13 13:05:00;174.82;174.89;174.81;174.84;53959.0;2015-08-13 13:05:00;0.0;1439471100
2015-08-13 13:10:00;174.85;174.889;174.84;174.86;26397.0;2015-08-13 13:10:00;0.0;1439471400
2015-08-13 13:15:00;174.85;174.91;174.78;174.83;23232.0;2015-08-13 13:15:00;0.0;1439471700
2015-08-13 13:20:00;174.82;174.95;174.82;174.88;32827.0;2015-08-13 13:20:00;0.0;1439472000
2015-08-13 13:25:00;174.88;174.9;174.86;174.8812;8234.0;2015-08-13 13:25:00;0.0;1439472300
2015-08-13 13:30:00;174.8801;174.92;174.82;174.8201;28325.0;2015-08-13 13:30:00;0.0;1439472600
2015-08-13 13:35:00;174.82;174.83;174.75;174.79;16045.0;2015-08-13 13:35:00;0.0;1439472900
2015-08-13 13:40:00;174.79;174.79;174.6901;174.7001;18416.0;2015-08-13 13:40:00;0.0;1439473200
2015-08-13 13:45:00;174.7;174.86;174.7;174.82;34664.0;2015-08-13 13:45:00;0.0;1439473500
2015-08-13 13:50:00;174.8;174.8;174.56;174.66;46093.0;2015-08-13 13:50:00;0.0;1439473800
2015-08-13 13:55:00;174.65;174.7;174.6;174.68;12319.0;2015-08-13 13:55:00;0.0;1439474100
2015-08-13 14:00:00;174.7;174.78;174.59;174.75;20868.0;2015-08-13 14:00:00;0.0;1439474400
2015-08-13 14:05:00;174.76;174.8;174.725;174.7853;14287.0;2015-08-13 14:05:00;0.0;1439474700
2015-08-13 14:10:00;174.78;174.84;174.77;174.84;11356.0;2015-08-13 14:10:00;0.0;1439475000
2015-08-13 14:15:00;174.85;174.86;174.77;174.82;22534.0;2015-08-13 14:15:00;0.0;1439475300
2015-08-13 14:20:00;174.81;174.87;174.81;174.86;10852.0;2015-08-13 14:20:00;0.0;1439475600
2015-08-13 14:25:00;174.87;174.93;174.865;174.92;15305.0;2015-08-13 14:25:00;0.0;1439475900
2015-08-13 14:30:00;174.93;174.95;174.88;174.8937;21090.0;2015-08-13 14:30:00;0.0;1439476200
2015-08-13 14:35:00;174.9;174.91;174.83;174.83;24834.0;2015-08-13 14:35:00;0.0;1439476500
2015-08-13 14:40:00;174.83;174.85;174.81;174.85;9936.0;2015-08-13 14:40:00;0.0;1439476800
2015-08-13 14:45:00;174.85;174.9;174.81;174.9;18043.0;2015-08-13 14:45:00;0.0;1439477100
2015-08-13 14:50:00;174.9;174.97;174.89;174.91;91632.0;2015-08-13 14:50:00;0.0;1439477400
2015-08-13 14:55:00;174.91;174.92;174.89;174.891;8581.0;2015-08-13 14:55:00;0.0;1439477700
2015-08-13 15:00:00;174.89;174.93;174.84;174.84;41610.0;2015-08-13 15:00:00;0.0;1439478000
2015-08-13 15:05:00;174.85;174.85;174.66;174.67;95632.0;2015-08-13 15:05:00;0.0;1439478300
2015-08-13 15:10:00;174.67;174.74;174.6;174.72;36999.0;2015-08-13 15:10:00;0.0;1439478600
2015-08-13 15:15:00;174.72;174.75;174.64;174.7088;48537.0;2015-08-13 15:15:00;0.0;1439478900
2015-08-13 15:20:00;174.7;174.73;174.49;174.5045;84925.0;2015-08-13 15:20:00;0.0;1439479200
2015-08-13 15:25:00;174.5;174.5751;174.48;174.52;47982.0;2015-08-13 15:25:00;0.0;1439479500
2015-08-13 15:30:00;174.52;174.53;174.26;174.2801;92346.0;2015-08-13 15:30:00;0.0;1439479800
2015-08-13 15:35:00;174.29;174.33;174.1;174.26;143224.0;2015-08-13 15:35:00;0.0;1439480100
2015-08-13 15:40:00;174.25;174.33;174.16;174.21;65625.0;2015-08-13 15:40:00;0.0;1439480400
2015-08-13 15:45:00;174.21;174.43;174.19;174.35;133542.0;2015-08-13 15:45:00;0.0;1439480700
2015-08-13 15:50:00;174.35;174.44;174.27;174.44;70998.0;2015-08-13 15:50:00;0.0;1439481000
2015-08-13 15:55:00;174.43;174.44;174.24;174.31;181464.0;2015-08-13 15:55:00;0.0;1439481300
2015-08-13 16:00:00;174.31;174.42;174.31;174.38;79250.0;2015-08-13 16:00:00;0.0;1439481600
2015-08-14 09:30:00;174.17;174.33;174.06;174.206;65381.0;2015-08-14 09:30:00;0.0;1439544600
2015-08-14 09:35:00;174.1849;174.39;174.14;174.24;63809.0;2015-08-14 09:35:00;0.0;1439544900
2015-08-14 09:40:00;174.25;174.3899;174.06;174.34;51082.0;2015-08-14 09:40:00;0.0;1439545200
2015-08-14 09:45:00;174.34;174.43;174.23;174.43;31552.0;2015-08-14 09:45:00;0.0;1439545500
2015-08-14 09:50:00;174.45;174.74;174.42;174.71;122545.0;2015-08-14 09:50:00;0.0;1439545800
2015-08-14 09:55:00;174.73;174.73;174.62;174.65;33982.0;2015-08-14 09:55:00;0.0;1439546100
2015-08-14 10:00:00;174.65;174.75;174.59;174.63;76498.0;2015-08-14 10:00:00;0.0;1439546400
2015-08-14 10:05:00;174.65;174.7;174.51;174.58;52975.0;2015-08-14 10:05:00;0.0;1439546700
2015-08-14 10:10:00;174.6;174.65;174.5;174.58;37428.0;2015-08-14 10:10:00;0.0;1439547000
2015-08-14 10:15:00;174.57;174.76;174.57;174.75;27967.0;2015-08-14 10:15:00;0.0;1439547300
2015-08-14 10:20:00;174.74;174.75;174.66;174.73;22094.0;2015-08-14 10:20:00;0.0;1439547600
2015-08-14 10:25:00;174.73;174.73;174.52;174.54;35098.0;2015-08-14 10:25:00;0.0;1439547900
2015-08-14 10:30:00;174.56;174.72;174.54;174.64;46207.0;2015-08-14 10:30:00;0.0;1439548200
2015-08-14 10:35:00;174.64;174.68;174.53;174.61;19984.0;2015-08-14 10:35:00;0.0;1439548500
2015-08-14 10:40:00;174.59;174.66;174.53;174.53;24098.0;2015-08-14 10:40:00;0.0;1439548800
2015-08-14 10:45:00;174.52;174.52;174.33;174.38;43327.0;2015-08-14 10:45:00;0.0;1439549100
2015-08-14 10:50:00;174.38;174.49;174.3751;174.49;17266.0;2015-08-14 10:50:00;0.0;1439549400
2015-08-14 10:55:00;174.48;174.57;174.43;174.47;32926.0;2015-08-14 10:55:00;0.0;1439549700
2015-08-14 11:00:00;174.42;174.48;174.34;174.38;40799.0;2015-08-14 11:00:00;0.0;1439550000
2015-08-14 11:05:00;174.37;174.38;174.22;174.23;69596.0;2015-08-14 11:05:00;0.0;1439550300
2015-08-14 11:10:00;174.24;174.33;174.18;174.2;57611.0;2015-08-14 11:10:00;0.0;1439550600
2015-08-14 11:15:00;174.19;174.25;174.11;174.2047;44897.0;2015-08-14 11:15:00;0.0;1439550900
2015-08-14 11:20:00;174.2;174.3;174.196;174.28;31199.0;2015-08-14 11:20:00;0.0;1439551200
2015-08-14 11:25:00;174.29;174.34;174.25;174.3156;15669.0;2015-08-14 11:25:00;0.0;1439551500
2015-08-14 11:30:00;174.34599999999998;174.34599999999998;174.26;174.32;9289.0;2015-08-14 11:30:00;0.0;1439551800
2015-08-14 11:35:00;174.31;174.47;174.28;174.46;26590.0;2015-08-14 11:35:00;0.0;1439552100
2015-08-14 11:40:00;174.46;174.63;174.45;174.6099;50373.0;2015-08-14 11:40:00;0.0;1439552400
2015-08-14 11:45:00;174.6;174.62;174.54;174.54;22893.0;2015-08-14 11:45:00;0.0;1439552700
2015-08-14 11:50:00;174.55;174.625;174.55;174.59;6303.0;2015-08-14 11:50:00;0.0;1439553000
2015-08-14 11:55:00;174.59;174.67;174.59;174.635;28587.0;2015-08-14 11:55:00;0.0;1439553300
2015-08-14 12:00:00;174.65;174.67;174.6;174.61;45219.0;2015-08-14 12:00:00;0.0;1439553600
2015-08-14 12:05:00;174.61;174.65;174.59;174.61700000000002;7932.0;2015-08-14 12:05:00;0.0;1439553900
2015-08-14 12:10:00;174.61;174.65;174.57;174.6;46227.0;2015-08-14 12:10:00;0.0;1439554200
2015-08-14 12:15:00;174.59;174.64;174.57;174.61;7344.0;2015-08-14 12:15:00;0.0;1439554500
2015-08-14 12:20:00;174.61;174.62;174.53;174.55;7163.0;2015-08-14 12:20:00;0.0;1439554800
2015-08-14 12:25:00;174.57;174.63;174.5401;174.61;29926.0;2015-08-14 12:25:00;0.0;1439555100
2015-08-14 12:30:00;174.62;174.74;174.6;174.73;31211.0;2015-08-14 12:30:00;0.0;1439555400
2015-08-14 12:35:00;174.7322;174.75;174.67;174.67;19476.0;2015-08-14 12:35:00;0.0;1439555700
2015-08-14 12:40:00;174.66;174.67;174.61;174.61;9298.0;2015-08-14 12:40:00;0.0;1439556000
2015-08-14 12:45:00;174.59;174.59;174.42;174.43;24045.0;2015-08-14 12:45:00;0.0;1439556300
2015-08-14 12:50:00;174.42;174.44;174.39;174.43;22841.0;2015-08-14 12:50:00;0.0;1439556600
2015-08-14 12:55:00;174.43099999999998;174.53;174.42;174.52;18769.0;2015-08-14 12:55:00;0.0;1439556900
2015-08-14 13:00:00;174.5101;174.54;174.46;174.49;21406.0;2015-08-14 13:00:00;0.0;1439557200
2015-08-14 13:05:00;174.51;174.579;174.51;174.579;24542.0;2015-08-14 13:05:00;0.0;1439557500
2015-08-14 13:10:00;174.58;174.74;174.54;174.72;39529.0;2015-08-14 13:10:00;0.0;1439557800
2015-08-14 13:15:00;174.73;174.83;174.73;174.82;74744.0;2015-08-14 13:15:00;0.0;1439558100
2015-08-14 13:20:00;174.82;174.87;174.7747;174.8;17350.0;2015-08-14 13:20:00;0.0;1439558400
2015-08-14 13:25:00;174.8;174.8101;174.76;174.79;14275.0;2015-08-14 13:25:00;0.0;1439558700
2015-08-14 13:30:00;174.79;174.88;174.79;174.82;32019.0;2015-08-14 13:30:00;0.0;1439559000
2015-08-14 13:35:00;174.81;174.81;174.76;174.78;9525.0;2015-08-14 13:35:00;0.0;1439559300
2015-08-14 13:40:00;174.76;174.78;174.745;174.75;7002.0;2015-08-14 13:40:00;0.0;1439559600
2015-08-14 13:45:00;174.71;174.715;174.54;174.55;48655.0;2015-08-14 13:45:00;0.0;1439559900
2015-08-14 13:50:00;174.55;174.67;174.55;174.62;26872.0;2015-08-14 13:50:00;0.0;1439560200
2015-08-14 13:55:00;174.66;174.68;174.57;174.67;28587.0;2015-08-14 13:55:00;0.0;1439560500
2015-08-14 14:00:00;174.66;174.71;174.64;174.71;8471.0;2015-08-14 14:00:00;0.0;1439560800
2015-08-14 14:05:00;174.71;174.71;174.59;174.63;15903.0;2015-08-14 14:05:00;0.0;1439561100
2015-08-14 14:10:00;174.64;174.75;174.64;174.74;21722.0;2015-08-14 14:10:00;0.0;1439561400
2015-08-14 14:15:00;174.74;174.75;174.66;174.68;14165.0;2015-08-14 14:15:00;0.0;1439561700
2015-08-14 14:20:00;174.6838;174.74;174.67;174.74;16898.0;2015-08-14 14:20:00;0.0;1439562000
2015-08-14 14:25:00;174.74;174.77;174.67;174.68;10637.0;2015-08-14 14:25:00;0.0;1439562300
2015-08-14 14:30:00;174.67;174.72;174.6;174.69;17249.0;2015-08-14 14:30:00;0.0;1439562600
2015-08-14 14:35:00;174.7;174.7475;174.64;174.74;34694.0;2015-08-14 14:35:00;0.0;1439562900
2015-08-14 14:40:00;174.74;174.79;174.7;174.71;25161.0;2015-08-14 14:40:00;0.0;1439563200
2015-08-14 14:45:00;174.71;174.72;174.6764;174.68;6741.0;2015-08-14 14:45:00;0.0;1439563500
2015-08-14 14:50:00;174.69;174.7;174.66;174.7;16383.0;2015-08-14 14:50:00;0.0;1439563800
2015-08-14 14:55:00;174.7;174.75;174.69;174.72;15744.0;2015-08-14 14:55:00;0.0;1439564100
2015-08-14 15:00:00;174.72;174.85;174.72;174.83;31887.0;2015-08-14 15:00:00;0.0;1439564400
2015-08-14 15:05:00;174.85;174.86;174.83;174.86;39094.0;2015-08-14 15:05:00;0.0;1439564700
2015-08-14 15:10:00;174.85;174.93;174.83;174.93;25526.0;2015-08-14 15:10:00;0.0;1439565000
2015-08-14 15:15:00;174.93;174.99;174.85;174.96;16587.0;2015-08-14 15:15:00;0.0;1439565300
2015-08-14 15:20:00;174.97;175.06;174.97;175.045;50688.0;2015-08-14 15:20:00;0.0;1439565600
2015-08-14 15:25:00;175.04;175.0499;174.98;175.035;23750.0;2015-08-14 15:25:00;0.0;1439565900
2015-08-14 15:30:00;175.025;175.08;174.9999;174.9999;57789.0;2015-08-14 15:30:00;0.0;1439566200
2015-08-14 15:35:00;175.0;175.01;174.94;174.95;41799.0;2015-08-14 15:35:00;0.0;1439566500
2015-08-14 15:40:00;174.94;174.94;174.88;174.94;94686.0;2015-08-14 15:40:00;0.0;1439566800
2015-08-14 15:45:00;174.935;175.01;174.91;174.98;61031.0;2015-08-14 15:45:00;0.0;1439567100
2015-08-14 15:50:00;174.98;174.995;174.9;174.9;89541.0;2015-08-14 15:50:00;0.0;1439567400
2015-08-14 15:55:00;174.9;174.97;174.8799;174.91;151860.0;2015-08-14 15:55:00;0.0;1439567700
2015-08-14 16:00:00;174.9;174.93;174.85;174.9;30395.0;2015-08-14 16:00:00;0.0;1439568000
